# Blender 4.2.1 LTS
# www.blender.org
mtllib Skeleton.mtl
o Chest.001
v -0.123774 -0.102706 0.110119
v 0.000000 -0.003582 0.176725
v -0.116192 -0.082625 0.081664
v 0.000000 -0.015240 0.134097
v -0.142612 -0.076855 0.121398
v 0.000000 0.042538 0.180312
v -0.137778 -0.062616 0.097970
v 0.000000 0.045663 0.137096
v -0.066951 -0.064592 0.153012
v -0.076733 -0.060598 0.113914
v -0.105343 -0.031334 0.156031
v -0.105878 -0.019648 0.123816
v -0.124163 -0.087375 0.062592
v -0.149023 -0.070566 0.078322
v -0.137973 -0.114220 0.076628
v -0.160075 -0.087268 0.086998
v -0.126361 -0.091737 0.037646
v -0.147465 -0.115502 0.041242
v -0.172202 -0.086302 0.053837
v -0.152536 -0.067959 0.051291
v -0.129795 -0.082860 0.013713
v -0.151138 -0.103076 0.001649
v -0.176110 -0.070763 0.010156
v -0.151605 -0.057547 0.018900
v -0.112495 -0.064248 -0.013726
v -0.128679 -0.073441 -0.039406
v -0.142587 -0.046041 -0.033271
v -0.129039 -0.041278 -0.014390
v -0.083182 -0.049601 -0.035502
v -0.098750 -0.053975 -0.063231
v -0.115105 -0.025198 -0.057024
v -0.102249 -0.020932 -0.032372
v -0.052532 -0.039620 -0.041159
v -0.056651 -0.038587 -0.065744
v -0.065762 -0.001766 -0.067524
v -0.065729 -0.002396 -0.035993
v 0.000000 -0.028089 -0.044072
v 0.000000 -0.027055 -0.068656
v 0.000000 0.019212 -0.072003
v 0.000000 0.018582 -0.040473
v 0.000000 0.080558 0.172647
v 0.000000 0.083683 0.129431
v -0.111540 0.021422 0.166696
v -0.112074 0.033108 0.134481
v -0.154003 -0.039815 0.122395
v -0.139048 -0.029321 0.102928
v -0.160284 0.002919 0.133139
v -0.146973 0.010717 0.111624
v -0.187009 -0.053020 0.066826
v -0.160993 -0.039566 0.059239
v -0.196964 -0.007753 0.073695
v -0.172489 0.001387 0.065948
v -0.182348 -0.048538 0.008475
v -0.153545 -0.035312 0.013669
v -0.196000 -0.009089 0.013608
v -0.163426 0.005104 0.018231
v -0.147970 -0.014214 -0.047452
v -0.130734 -0.014885 -0.027272
v -0.154047 0.014098 -0.049414
v -0.133917 0.019024 -0.027259
v -0.099127 0.007802 -0.068106
v -0.094986 0.004495 -0.040911
v -0.106314 0.040746 -0.067166
v -0.102751 0.038757 -0.037237
v -0.047786 0.030625 -0.075183
v -0.047805 0.024892 -0.045606
v -0.042836 0.069350 -0.074777
v -0.046209 0.066452 -0.045622
v -0.039650 0.006563 -0.069303
v -0.034156 -0.034008 -0.066900
v -0.039630 0.005934 -0.037772
v -0.031673 -0.035041 -0.042316
v -0.046059 0.094395 -0.045887
v -0.042760 0.097603 -0.076537
v -0.072691 0.082603 -0.043178
v -0.070983 0.090261 -0.072777
v -0.047117 0.125420 -0.044049
v -0.044004 0.127989 -0.079762
v -0.083974 0.113579 -0.044398
v -0.081411 0.116072 -0.079940
v -0.055636 0.058577 0.131938
v -0.044874 0.011070 0.169969
v -0.034789 -0.035283 0.164404
v -0.052963 0.055943 0.173309
v -0.033726 -0.035175 0.125226
v -0.033120 0.025233 0.132942
v -0.113978 0.041410 0.140979
v -0.110349 0.041093 0.113310
v -0.055210 0.094817 0.112345
v -0.109568 0.078974 0.100334
v -0.068753 0.096794 0.138917
v -0.123301 0.084035 0.144197
v -0.169930 0.029828 0.112444
v -0.149268 0.027497 0.086508
v -0.152316 0.067640 0.082391
v -0.175677 0.070708 0.107957
v -0.206955 0.002780 0.047879
v -0.172290 0.016121 0.040751
v -0.173657 0.060201 0.035828
v -0.210673 0.050008 0.046220
v -0.202982 0.030601 -0.034281
v -0.166421 0.024000 -0.004673
v -0.170124 0.063989 -0.005938
v -0.203283 0.067647 -0.037734
v -0.158016 0.044650 -0.060128
v -0.138218 0.045213 -0.036740
v -0.140610 0.083306 -0.030934
v -0.159822 0.089111 -0.059181
v 0.000000 0.109682 0.155274
v 0.000000 0.108460 0.126956
v -0.059350 0.138670 0.124258
v 0.000000 0.149970 0.127364
v -0.053382 0.132714 0.080612
v 0.000000 0.140962 0.079487
v -0.101624 0.094518 0.080567
v -0.111021 0.095293 0.119464
v -0.107605 0.142247 0.112021
v -0.095406 0.130192 0.066450
v -0.138945 0.083156 0.056731
v -0.171045 0.086376 0.085714
v -0.172196 0.134946 0.073157
v -0.134156 0.125615 0.046108
v -0.153851 0.079845 0.011155
v -0.183803 0.073237 0.004830
v -0.182851 0.131016 0.003106
v -0.150321 0.130667 0.009909
v -0.139458 0.104243 -0.027085
v -0.174639 0.103531 -0.050152
v -0.169593 0.155594 -0.041609
v -0.131337 0.155847 -0.024894
v -0.099524 0.125558 -0.053920
v -0.109440 0.132632 -0.085017
v -0.105654 0.170791 -0.079973
v -0.098234 0.167305 -0.049233
v -0.055378 0.162705 0.111430
v 0.000000 0.188741 0.120444
v -0.053784 0.198840 0.086318
v 0.000000 0.218521 0.086717
v -0.048360 0.181888 0.048259
v 0.000000 0.194788 0.036115
v -0.040206 0.142061 0.058109
v 0.000000 0.166077 0.057176
v -0.111396 0.157540 0.081924
v -0.084237 0.146502 0.047698
v -0.144924 0.154218 0.052592
v -0.110854 0.147800 0.028543
v -0.112222 0.200806 0.071457
v -0.085807 0.181001 0.037711
v -0.110246 0.179769 0.023487
v -0.143538 0.194794 0.047706
v 0.000000 0.137704 -0.054470
v 0.000000 0.048534 -0.070643
v 0.000000 0.087259 -0.070237
v 0.000000 0.106899 -0.079431
v 0.000000 0.135207 -0.096866
v 0.000000 0.107159 -0.047378
v 0.000000 0.075554 -0.040256
v 0.000000 0.048766 -0.043087
v -0.044641 0.169149 -0.048999
v -0.051294 0.169281 -0.081626
v 0.000000 0.173113 -0.048404
v 0.000000 0.172574 -0.100184
v -0.125451 0.173525 0.007893
v -0.156122 0.183781 0.011230
v -0.167037 0.155979 0.017170
v -0.126326 0.151848 0.009527
v -0.123546 0.175010 -0.013895
v -0.155700 0.179009 -0.032503
v 0.123774 -0.102706 0.110119
v 0.116192 -0.082625 0.081664
v 0.142612 -0.076855 0.121398
v 0.137778 -0.062616 0.097970
v 0.066951 -0.064592 0.153012
v 0.076733 -0.060598 0.113914
v 0.105343 -0.031334 0.156031
v 0.105878 -0.019648 0.123816
v 0.124163 -0.087375 0.062592
v 0.149023 -0.070566 0.078322
v 0.137973 -0.114220 0.076628
v 0.160075 -0.087268 0.086998
v 0.126361 -0.091737 0.037646
v 0.147465 -0.115502 0.041242
v 0.172202 -0.086302 0.053837
v 0.152536 -0.067959 0.051291
v 0.129795 -0.082860 0.013713
v 0.151138 -0.103076 0.001649
v 0.176110 -0.070763 0.010156
v 0.151605 -0.057547 0.018900
v 0.112495 -0.064248 -0.013726
v 0.128679 -0.073441 -0.039406
v 0.142587 -0.046041 -0.033271
v 0.129039 -0.041278 -0.014390
v 0.083182 -0.049601 -0.035502
v 0.098750 -0.053975 -0.063231
v 0.115105 -0.025198 -0.057024
v 0.102249 -0.020932 -0.032372
v 0.052532 -0.039620 -0.041159
v 0.056651 -0.038587 -0.065744
v 0.065762 -0.001766 -0.067524
v 0.065729 -0.002396 -0.035993
v 0.111540 0.021422 0.166696
v 0.112074 0.033108 0.134481
v 0.154003 -0.039815 0.122395
v 0.139048 -0.029321 0.102928
v 0.160284 0.002919 0.133139
v 0.146973 0.010717 0.111624
v 0.187009 -0.053020 0.066826
v 0.160993 -0.039566 0.059239
v 0.196964 -0.007753 0.073695
v 0.172489 0.001387 0.065948
v 0.182348 -0.048538 0.008475
v 0.153545 -0.035312 0.013669
v 0.196000 -0.009089 0.013608
v 0.163426 0.005104 0.018231
v 0.147970 -0.014214 -0.047452
v 0.130734 -0.014885 -0.027272
v 0.154047 0.014098 -0.049414
v 0.133917 0.019024 -0.027259
v 0.099127 0.007802 -0.068106
v 0.094986 0.004495 -0.040911
v 0.106314 0.040746 -0.067166
v 0.102751 0.038757 -0.037237
v 0.047786 0.030625 -0.075183
v 0.047805 0.024892 -0.045606
v 0.042836 0.069350 -0.074777
v 0.046209 0.066452 -0.045622
v 0.039650 0.006563 -0.069303
v 0.034156 -0.034008 -0.066900
v 0.039630 0.005934 -0.037772
v 0.031673 -0.035041 -0.042316
v 0.046059 0.094395 -0.045887
v 0.042760 0.097603 -0.076537
v 0.072691 0.082603 -0.043178
v 0.070983 0.090261 -0.072777
v 0.047117 0.125420 -0.044049
v 0.044004 0.127989 -0.079762
v 0.083974 0.113579 -0.044398
v 0.081411 0.116072 -0.079940
v 0.055636 0.058577 0.131938
v 0.044874 0.011070 0.169969
v 0.034789 -0.035283 0.164404
v 0.052963 0.055943 0.173309
v 0.033726 -0.035175 0.125226
v 0.033120 0.025233 0.132942
v 0.113978 0.041410 0.140979
v 0.110349 0.041093 0.113310
v 0.055210 0.094817 0.112345
v 0.109568 0.078974 0.100334
v 0.068753 0.096794 0.138917
v 0.123301 0.084035 0.144197
v 0.169930 0.029828 0.112444
v 0.149268 0.027497 0.086508
v 0.152316 0.067640 0.082391
v 0.175677 0.070708 0.107957
v 0.206955 0.002780 0.047879
v 0.172290 0.016121 0.040751
v 0.173657 0.060201 0.035828
v 0.210673 0.050008 0.046220
v 0.202982 0.030601 -0.034281
v 0.166421 0.024000 -0.004673
v 0.170124 0.063989 -0.005938
v 0.203283 0.067647 -0.037734
v 0.158016 0.044650 -0.060128
v 0.138218 0.045213 -0.036740
v 0.140610 0.083306 -0.030934
v 0.159822 0.089111 -0.059181
v 0.059350 0.138670 0.124258
v 0.053382 0.132714 0.080612
v 0.101624 0.094518 0.080567
v 0.111021 0.095293 0.119464
v 0.107605 0.142247 0.112021
v 0.095406 0.130192 0.066450
v 0.138945 0.083156 0.056731
v 0.171045 0.086376 0.085714
v 0.172196 0.134946 0.073157
v 0.134156 0.125615 0.046108
v 0.153851 0.079845 0.011155
v 0.183803 0.073237 0.004830
v 0.182851 0.131016 0.003106
v 0.150321 0.130667 0.009909
v 0.139458 0.104243 -0.027085
v 0.174639 0.103531 -0.050152
v 0.169593 0.155594 -0.041609
v 0.131337 0.155847 -0.024894
v 0.099524 0.125558 -0.053920
v 0.109440 0.132632 -0.085017
v 0.105654 0.170791 -0.079973
v 0.098234 0.167305 -0.049233
v 0.055378 0.162705 0.111430
v 0.053784 0.198840 0.086318
v 0.048360 0.181888 0.048259
v 0.040206 0.142061 0.058109
v 0.111396 0.157540 0.081924
v 0.084237 0.146502 0.047698
v 0.144924 0.154218 0.052592
v 0.110854 0.147800 0.028543
v 0.112222 0.200806 0.071457
v 0.085807 0.181001 0.037711
v 0.110246 0.179769 0.023487
v 0.143538 0.194794 0.047706
v 0.044641 0.169149 -0.048999
v 0.051294 0.169281 -0.081626
v 0.125451 0.173525 0.007893
v 0.156122 0.183781 0.011230
v 0.167037 0.155979 0.017170
v 0.126326 0.151848 0.009527
v 0.123546 0.175010 -0.013895
v 0.155700 0.179009 -0.032503
vn 0.6064 -0.7877 -0.1088
vn -0.2747 -0.4690 0.8394
vn -0.8310 0.5260 0.1808
vn 0.1993 0.5223 -0.8291
vn -0.7846 -0.4139 -0.4616
vn 0.1400 0.0864 -0.9864
vn -0.1850 -0.1167 0.9758
vn 0.6538 -0.7058 -0.2728
vn -0.6970 0.6819 0.2216
vn 0.8230 -0.5386 -0.1805
vn -0.7694 0.6056 0.2029
vn 0.3484 0.8257 -0.4437
vn -0.5848 -0.6515 0.4832
vn 0.7156 -0.6342 -0.2927
vn 0.8023 -0.5884 -0.1004
vn 0.5870 0.8044 -0.0917
vn -0.7013 -0.6767 0.2243
vn 0.6203 0.4314 0.6550
vn 0.7375 0.6483 0.1892
vn -0.7924 -0.5964 -0.1281
vn -0.5836 0.7613 0.2826
vn -0.5252 0.8386 0.1446
vn -0.6983 -0.2947 -0.6523
vn -0.4872 0.8667 0.1069
vn 0.6813 -0.7231 -0.1139
vn 0.1565 -0.0476 0.9865
vn 0.4671 -0.8826 -0.0535
vn 0.4425 0.2642 0.8570
vn -0.5755 -0.1328 -0.8069
vn -0.0420 -0.0687 -0.9968
vn -0.1452 0.0104 -0.9893
vn -0.4333 0.9003 0.0411
vn 0.3225 -0.9446 -0.0611
vn 1.0000 -0.0000 -0.0000
vn -0.3027 0.9529 0.0191
vn 0.2038 -0.9777 -0.0514
vn 0.0853 -0.0845 0.9928
vn -0.5015 -0.2511 0.8279
vn -0.4133 0.9075 0.0748
vn -0.0720 -0.1519 0.9858
vn -0.0085 0.1087 -0.9940
vn 0.8172 0.2906 -0.4977
vn 0.3786 -0.8841 -0.2738
vn 0.4388 0.2470 -0.8639
vn -0.5259 0.8320 0.1766
vn -0.3792 0.9252 -0.0148
vn -0.3777 0.9247 0.0475
vn -0.8023 -0.2560 0.5392
vn 0.4759 -0.8777 -0.0561
vn -0.7783 -0.1987 -0.5956
vn -0.9639 -0.2611 -0.0527
vn 0.4366 -0.8993 -0.0247
vn 0.9560 0.2251 0.1884
vn 0.3317 0.0022 0.9434
vn 0.3885 -0.8814 -0.2688
vn 0.8297 0.1122 0.5468
vn -0.3720 0.9255 0.0715
vn -0.1332 0.0144 -0.9910
vn -0.4582 0.8745 0.1591
vn -0.3299 -0.0871 -0.9400
vn 0.3493 -0.9074 -0.2338
vn -0.9956 0.0814 -0.0455
vn 0.3784 -0.9095 -0.1723
vn 0.1415 -0.0362 0.9893
vn -0.4151 0.9066 0.0763
vn 0.0891 -0.0989 0.9911
vn 0.2027 -0.9769 -0.0683
vn -0.3027 0.9529 0.0193
vn -0.0437 -0.0621 -0.9971
vn -0.9303 -0.3648 -0.0380
vn -0.9938 -0.0000 -0.1109
vn 0.0380 -0.0024 0.9993
vn -0.3047 0.9515 0.0433
vn -0.9943 -0.0395 -0.0995
vn -0.0003 -0.1818 -0.9833
vn 0.9216 0.3698 0.1180
vn -0.4594 0.8679 0.1889
vn -0.1210 0.0399 0.9918
vn -0.1259 -0.1818 0.9752
vn 0.5731 -0.8104 0.1219
vn 0.0594 0.1872 -0.9805
vn 0.0691 -0.0988 -0.9927
vn 0.2781 -0.9601 -0.0284
vn 0.3561 -0.3808 -0.8534
vn -0.2781 0.2615 0.9243
vn -0.2386 0.9528 -0.1876
vn -0.1434 0.9712 -0.1903
vn -0.4986 -0.0769 0.8634
vn 0.5128 -0.1695 -0.8416
vn 0.1824 -0.9745 0.1308
vn -0.8580 -0.0565 0.5106
vn 0.2894 -0.9419 0.1706
vn -0.2016 0.9684 -0.1467
vn 0.9013 0.0007 -0.4332
vn -0.9952 -0.0524 -0.0824
vn 0.1701 -0.9523 -0.2533
vn -0.1383 0.9782 0.1547
vn 0.9909 0.0683 0.1160
vn -0.2628 0.8912 0.3697
vn 0.6984 0.0129 0.7156
vn -0.4590 -0.0391 -0.8876
vn 0.1974 -0.9281 -0.3157
vn -0.3367 0.9185 0.2074
vn -0.1489 -0.1128 -0.9824
vn 0.4353 -0.8608 -0.2639
vn 0.1770 -0.0303 0.9837
vn -0.2678 0.5332 0.8025
vn -0.1837 0.9776 -0.1023
vn 0.2167 -0.3334 -0.9176
vn -0.2185 0.4685 0.8560
vn 0.2272 -0.7305 -0.6440
vn -0.1655 0.9715 -0.1696
vn -0.0033 -0.9992 0.0409
vn -0.3124 0.2716 0.9103
vn 0.0654 0.9806 -0.1846
vn 0.4081 -0.5146 -0.7541
vn -0.5126 0.1876 0.8379
vn 0.1252 -0.9830 0.1344
vn 0.5250 -0.3233 -0.7873
vn 0.0372 0.9653 -0.2585
vn 0.1296 0.9913 -0.0222
vn 0.0936 -0.9897 0.1083
vn 0.9262 -0.1277 -0.3547
vn -0.9883 0.0185 0.1512
vn 0.9300 -0.1090 0.3510
vn -0.9806 0.0650 -0.1848
vn -0.1574 0.8646 0.4772
vn 0.2897 -0.8557 -0.4288
vn 0.1380 -0.9703 -0.1989
vn 0.2522 -0.9142 -0.3173
vn 0.6050 -0.1190 0.7873
vn -0.5307 0.1768 -0.8289
vn -0.1978 0.3054 0.9315
vn -0.3260 0.6339 0.7013
vn -0.3196 0.8537 -0.4113
vn 0.0351 -0.4074 -0.9126
vn 0.9754 0.1559 0.1557
vn 0.2642 -0.8005 -0.5379
vn -0.9426 0.2067 -0.2622
vn -0.1093 -0.9504 0.2911
vn -0.1100 -0.9780 0.1773
vn 0.1189 0.9042 -0.4102
vn -0.3427 0.3869 0.8561
vn 0.2338 -0.2220 -0.9466
vn 0.1490 0.9078 -0.3920
vn 0.5382 -0.1786 -0.8236
vn -0.6392 0.1427 0.7557
vn 0.0981 0.0041 -0.9952
vn 0.0479 -0.0770 -0.9959
vn 0.0893 -0.2222 -0.9709
vn -0.1517 -0.3311 -0.9313
vn -0.2114 0.9774 -0.0075
vn 0.1035 0.0863 0.9909
vn -0.0707 0.1230 0.9899
vn -0.0698 -0.0394 0.9968
vn -0.0793 0.1947 0.9777
vn -0.0221 -0.9898 -0.1406
vn -0.0023 0.9983 0.0575
vn 0.0322 0.0414 -0.9986
vn -0.0950 0.0073 0.9954
vn -0.0752 0.9972 0.0011
vn 0.1095 -0.0174 0.9938
vn -0.3399 -0.0931 -0.9358
vn 0.1846 0.8993 -0.3966
vn -0.8888 0.2233 0.4002
vn 0.7476 -0.1025 -0.6562
vn -0.1725 -0.1088 -0.9790
vn -0.1427 -0.9897 -0.0071
vn -0.0450 -0.9984 -0.0351
vn 0.2304 0.9722 -0.0406
vn 0.1970 0.9804 -0.0093
vn -0.8999 0.4361 -0.0032
vn 0.9789 -0.1910 -0.0727
vn -0.5202 0.5596 -0.6452
vn 0.6063 -0.5667 0.5579
vn -0.6064 -0.7877 -0.1088
vn 0.2747 -0.4690 0.8394
vn 0.8310 0.5260 0.1808
vn -0.1993 0.5223 -0.8291
vn 0.7846 -0.4139 -0.4616
vn -0.1400 0.0864 -0.9864
vn 0.1850 -0.1167 0.9758
vn -0.6538 -0.7058 -0.2728
vn 0.6970 0.6819 0.2216
vn -0.8230 -0.5386 -0.1805
vn 0.7694 0.6056 0.2029
vn -0.3484 0.8257 -0.4437
vn 0.5848 -0.6515 0.4832
vn -0.7156 -0.6342 -0.2927
vn -0.8023 -0.5884 -0.1004
vn -0.5870 0.8044 -0.0917
vn 0.7013 -0.6767 0.2243
vn -0.6203 0.4314 0.6550
vn -0.7375 0.6483 0.1892
vn 0.7924 -0.5964 -0.1281
vn 0.5836 0.7613 0.2826
vn 0.5252 0.8386 0.1446
vn 0.6983 -0.2947 -0.6523
vn 0.4872 0.8667 0.1069
vn -0.6813 -0.7231 -0.1139
vn -0.1565 -0.0476 0.9865
vn -0.4671 -0.8826 -0.0535
vn -0.4425 0.2642 0.8570
vn 0.5755 -0.1328 -0.8069
vn 0.0420 -0.0687 -0.9968
vn 0.1452 0.0104 -0.9893
vn 0.4333 0.9003 0.0411
vn -0.3225 -0.9446 -0.0611
vn 0.3027 0.9529 0.0191
vn -0.2038 -0.9777 -0.0514
vn -0.0853 -0.0845 0.9928
vn 0.5015 -0.2511 0.8279
vn 0.4133 0.9075 0.0748
vn 0.0720 -0.1519 0.9858
vn 0.0085 0.1087 -0.9940
vn -0.8172 0.2906 -0.4977
vn -0.3786 -0.8841 -0.2738
vn -0.4388 0.2470 -0.8639
vn 0.5259 0.8320 0.1766
vn 0.3792 0.9252 -0.0148
vn 0.3777 0.9247 0.0475
vn 0.8023 -0.2560 0.5392
vn -0.4759 -0.8777 -0.0561
vn 0.7783 -0.1987 -0.5956
vn 0.9639 -0.2611 -0.0527
vn -0.4366 -0.8993 -0.0247
vn -0.9560 0.2251 0.1884
vn -0.3317 0.0022 0.9434
vn -0.3885 -0.8814 -0.2688
vn -0.8297 0.1122 0.5468
vn 0.3720 0.9255 0.0715
vn 0.1332 0.0144 -0.9910
vn 0.4582 0.8745 0.1591
vn 0.3299 -0.0871 -0.9400
vn -0.3493 -0.9074 -0.2338
vn 0.9956 0.0814 -0.0455
vn -0.3784 -0.9095 -0.1723
vn -0.1415 -0.0362 0.9893
vn 0.4151 0.9066 0.0763
vn -0.0891 -0.0989 0.9911
vn -0.2027 -0.9769 -0.0683
vn 0.3027 0.9529 0.0193
vn 0.0437 -0.0621 -0.9971
vn 0.9303 -0.3648 -0.0380
vn 0.9938 -0.0000 -0.1109
vn -0.0380 -0.0024 0.9993
vn 0.3047 0.9515 0.0433
vn 0.9943 -0.0395 -0.0995
vn 0.0003 -0.1818 -0.9833
vn -0.9216 0.3698 0.1180
vn 0.4594 0.8679 0.1889
vn 0.1210 0.0399 0.9918
vn 0.1259 -0.1818 0.9752
vn -0.5731 -0.8104 0.1219
vn -0.0594 0.1872 -0.9805
vn -0.0691 -0.0988 -0.9927
vn -0.2781 -0.9601 -0.0284
vn -0.3561 -0.3808 -0.8534
vn 0.2781 0.2615 0.9243
vn 0.2386 0.9528 -0.1876
vn 0.1434 0.9712 -0.1903
vn 0.4986 -0.0769 0.8634
vn -0.5128 -0.1695 -0.8416
vn -0.1824 -0.9745 0.1308
vn 0.8580 -0.0565 0.5106
vn -0.2894 -0.9419 0.1706
vn 0.2016 0.9684 -0.1467
vn -0.9013 0.0007 -0.4332
vn 0.9952 -0.0524 -0.0824
vn -0.1701 -0.9523 -0.2533
vn 0.1383 0.9782 0.1547
vn -0.9909 0.0683 0.1160
vn 0.2628 0.8912 0.3697
vn -0.6984 0.0129 0.7156
vn 0.4590 -0.0391 -0.8876
vn -0.1974 -0.9281 -0.3157
vn 0.3367 0.9185 0.2073
vn 0.1489 -0.1128 -0.9824
vn -0.4353 -0.8608 -0.2639
vn -0.1770 -0.0303 0.9837
vn 0.2678 0.5332 0.8025
vn 0.1837 0.9776 -0.1023
vn -0.2167 -0.3334 -0.9176
vn 0.2185 0.4685 0.8560
vn -0.2272 -0.7305 -0.6440
vn 0.1655 0.9715 -0.1696
vn 0.0033 -0.9992 0.0409
vn 0.3124 0.2716 0.9103
vn -0.0654 0.9806 -0.1846
vn -0.4081 -0.5146 -0.7541
vn 0.5126 0.1876 0.8379
vn -0.1252 -0.9830 0.1344
vn -0.5250 -0.3233 -0.7873
vn -0.0372 0.9653 -0.2585
vn -0.1296 0.9913 -0.0222
vn -0.0936 -0.9897 0.1083
vn -0.9262 -0.1277 -0.3547
vn 0.9883 0.0185 0.1512
vn -0.9300 -0.1090 0.3510
vn 0.9806 0.0650 -0.1848
vn 0.1574 0.8646 0.4772
vn -0.2897 -0.8557 -0.4288
vn -0.1380 -0.9703 -0.1989
vn -0.2522 -0.9142 -0.3173
vn -0.6050 -0.1190 0.7873
vn 0.5307 0.1768 -0.8289
vn 0.1978 0.3054 0.9315
vn 0.3260 0.6339 0.7013
vn 0.3196 0.8537 -0.4113
vn -0.0351 -0.4074 -0.9126
vn -0.9754 0.1559 0.1557
vn -0.2642 -0.8005 -0.5379
vn 0.9426 0.2067 -0.2622
vn 0.1093 -0.9504 0.2911
vn 0.1100 -0.9780 0.1773
vn -0.1189 0.9042 -0.4102
vn 0.3427 0.3869 0.8561
vn -0.2338 -0.2220 -0.9466
vn -0.1490 0.9078 -0.3920
vn -0.5382 -0.1786 -0.8236
vn 0.6392 0.1427 0.7557
vn -0.0981 0.0041 -0.9952
vn -0.0479 -0.0770 -0.9959
vn -0.0893 -0.2222 -0.9709
vn 0.1517 -0.3311 -0.9313
vn 0.2114 0.9774 -0.0075
vn -0.1035 0.0863 0.9909
vn 0.0707 0.1230 0.9899
vn 0.0698 -0.0394 0.9968
vn 0.0793 0.1947 0.9777
vn 0.0221 -0.9898 -0.1406
vn 0.0023 0.9983 0.0575
vn -0.0322 0.0414 -0.9986
vn 0.0950 0.0073 0.9954
vn 0.0752 0.9972 0.0011
vn -0.1095 -0.0174 0.9938
vn 0.3399 -0.0931 -0.9358
vn -0.1846 0.8993 -0.3966
vn 0.8888 0.2233 0.4002
vn -0.7476 -0.1025 -0.6562
vn 0.1725 -0.1088 -0.9790
vn 0.1427 -0.9897 -0.0071
vn 0.0450 -0.9984 -0.0351
vn -0.2304 0.9722 -0.0406
vn -0.1970 0.9804 -0.0093
vn 0.8999 0.4361 -0.0032
vn -0.9789 -0.1910 -0.0727
vn 0.5202 0.5596 -0.6452
vn -0.6063 -0.5667 0.5579
vt 1.000000 0.485872
vt 0.959184 0.512975
vt 0.949961 0.454835
vt 0.994654 0.438946
vt 0.335562 0.346737
vt 0.381134 0.305912
vt 0.429187 0.357416
vt 0.407557 0.388190
vt 0.921100 0.000000
vt 0.950198 0.029683
vt 0.915423 0.082725
vt 0.887870 0.064514
vt 0.876509 0.795142
vt 0.890082 0.846090
vt 0.861100 0.866868
vt 0.820429 0.818658
vt 0.901731 0.108619
vt 0.865173 0.088060
vt 0.845357 0.693060
vt 0.859048 0.737927
vt 0.788262 0.720802
vt 0.773619 0.676257
vt 0.251702 0.276217
vt 0.250391 0.220675
vt 0.306085 0.256984
vt 0.295277 0.312860
vt 0.981401 0.575834
vt 0.942728 0.575587
vt 0.407805 0.983443
vt 0.403719 0.963643
vt 0.430322 0.944245
vt 0.447060 0.966935
vt 0.519052 0.354297
vt 0.518250 0.330605
vt 0.548541 0.301350
vt 0.553716 0.343696
vt 0.893493 0.109293
vt 0.916410 0.109426
vt 0.376915 0.939592
vt 0.401274 0.931925
vt 0.375648 0.968320
vt 0.869155 0.132074
vt 0.231547 0.863050
vt 0.220337 0.892722
vt 0.177935 0.868072
vt 0.205231 0.849007
vt 0.546472 0.385963
vt 0.518250 0.384982
vt 0.426260 0.914315
vt 0.911113 0.146499
vt 0.885436 0.172603
vt 0.699098 0.674034
vt 0.672826 0.704104
vt 0.653371 0.679235
vt 0.673557 0.651492
vt 0.940149 0.650437
vt 0.906457 0.643626
vt 0.908011 0.612660
vt 0.940149 0.609154
vt 0.950198 0.187207
vt 0.919029 0.210343
vt 0.456763 0.915166
vt 0.486534 0.932002
vt 0.494367 0.862646
vt 0.465752 0.865239
vt 0.456867 0.823334
vt 0.490027 0.815339
vt 0.060544 0.338425
vt 0.030078 0.299508
vt 0.072757 0.267493
vt 0.089731 0.300494
vt 0.151721 0.811795
vt 0.189090 0.809414
vt 0.642107 0.625212
vt 0.619038 0.659532
vt 0.582216 0.646760
vt 0.598097 0.602201
vt 0.147388 0.761617
vt 0.186173 0.762420
vt 0.107236 0.241175
vt 0.127173 0.275861
vt 0.205785 0.251956
vt 0.199461 0.202599
vt 0.247738 0.187426
vt 0.247325 0.243696
vt 0.167668 0.212591
vt 0.178428 0.257395
vt 0.427687 0.784881
vt 0.455945 0.759104
vt 0.172521 0.713813
vt 0.200443 0.725516
vt 0.182436 0.949396
vt 0.152583 0.948738
vt 0.147388 0.892722
vt 0.185659 0.892722
vt 0.435271 0.733152
vt 0.407024 0.758940
vt 0.375648 0.719550
vt 0.403879 0.693744
vt 0.212793 0.702689
vt 0.185910 0.689348
vt 0.206242 0.652199
vt 0.231547 0.668028
vt 0.566581 0.591775
vt 0.557007 0.640966
vt 0.518727 0.632168
vt 0.518727 0.575944
vt 0.685003 0.964199
vt 0.634346 0.950101
vt 0.634346 0.903063
vt 0.685003 0.917160
vt 0.386812 0.242782
vt 0.448059 0.261422
vt 0.442038 0.312415
vt 0.236446 0.389413
vt 0.165081 0.402227
vt 0.156747 0.352720
vt 0.224411 0.338425
vt 0.314622 0.202761
vt 0.756888 0.811851
vt 0.742561 0.738027
vt 0.698164 0.873014
vt 0.648735 0.865174
vt 0.634346 0.813057
vt 0.684910 0.818446
vt 0.136981 0.909598
vt 0.147388 0.948277
vt 0.077629 0.928459
vt 0.089361 0.899059
vt 0.821664 0.859361
vt 0.772563 0.858028
vt 0.082016 0.377767
vt 0.092689 0.415226
vt 0.052641 0.452701
vt 0.029673 0.431111
vt -0.000000 0.511537
vt 0.032653 0.513913
vt 0.056510 0.567919
vt 0.016441 0.582602
vt 0.920749 0.600070
vt 0.868565 0.609154
vt 0.887973 0.535230
vt 0.942728 0.531325
vt 0.016127 0.878606
vt 0.045564 0.858407
vt 0.941485 0.460839
vt 0.894100 0.462812
vt 0.868565 0.388190
vt 0.902345 0.393297
vt 0.000000 0.809216
vt 0.037440 0.802729
vt 0.636054 0.757513
vt 0.685748 0.760329
vt 0.680394 0.577479
vt 0.676399 0.618514
vt 0.633854 0.593682
vt 0.643214 0.552549
vt 0.024909 0.727158
vt 0.051986 0.744260
vt 0.656963 0.706390
vt 0.698164 0.704104
vt 0.106017 0.613413
vt 0.087236 0.645077
vt 0.127286 0.200703
vt 0.118719 0.160757
vt 0.196199 0.126163
vt 0.189989 0.173053
vt 0.149634 0.615982
vt 0.153795 0.652199
vt 0.067027 0.228114
vt 0.059907 0.193638
vt 0.077012 0.682396
vt 0.091399 0.712669
vt 0.898948 0.969061
vt 0.895968 0.918677
vt 0.930711 0.912918
vt 0.934296 0.959987
vt 0.137320 0.652199
vt 0.147388 0.687089
vt 0.576982 0.568252
vt 0.575216 0.517915
vt 0.224221 0.609717
vt 0.236446 0.643212
vt 0.928145 0.989184
vt 0.890082 0.992220
vt 0.894349 0.884823
vt 0.930885 0.878583
vt 0.575163 0.484057
vt 0.576474 0.446644
vt 0.621130 0.461232
vt 0.607260 0.498753
vt 0.463189 0.671418
vt 0.415767 0.670353
vt 0.413313 0.627172
vt 0.460069 0.628010
vt 0.890082 0.847442
vt 0.932797 0.841619
vt 0.162098 0.100700
vt 0.149911 0.068948
vt 0.195339 0.054797
vt 0.196531 0.091817
vt 0.868565 0.656362
vt 0.875339 0.619889
vt 0.906457 0.609154
vt 0.906457 0.652405
vt 0.249848 0.174022
vt 0.942728 0.409243
vt 0.988872 0.388190
vt 0.728437 0.665252
vt 0.587440 0.225992
vt 0.655852 0.250940
vt 0.656248 0.301350
vt 0.581834 0.259191
vt 0.747063 0.806445
vt 0.702042 0.794269
vt 0.699098 0.726368
vt 0.390585 0.216437
vt 0.334509 0.150171
vt 0.400678 0.164900
vt 0.379034 0.451030
vt 0.365578 0.397257
vt 0.433344 0.405579
vt 0.447968 0.438339
vt 0.324819 0.471305
vt 0.298806 0.439383
vt 0.466338 0.176979
vt 0.460144 0.226957
vt 0.751068 0.854703
vt 0.702674 0.846894
vt 0.513994 0.221748
vt 0.539155 0.191941
vt 0.922376 0.658216
vt 0.971817 0.662868
vt 0.947215 0.741192
vt 0.890082 0.740331
vt 0.466338 0.143128
vt 0.511226 0.135873
vt 0.295995 0.527058
vt 0.249848 0.513169
vt 0.723982 0.367611
vt 0.676259 0.379046
vt 0.656248 0.325892
vt 0.708496 0.312849
vt 0.971817 0.841619
vt 0.926806 0.838563
vt 0.482438 0.042000
vt 0.522517 0.080755
vt 0.299720 0.577811
vt 0.260267 0.615088
vt 0.658117 0.269974
vt 0.706144 0.261996
vt 0.338829 0.609033
vt 0.316584 0.642509
vt 0.677151 0.227927
vt 0.723982 0.228758
vt 0.000000 0.174056
vt 0.000000 0.128957
vt 0.053762 0.102133
vt 0.055735 0.155999
vt 0.540650 0.012748
vt 0.563062 0.042330
vt 0.650738 0.036242
vt 0.656248 -0.000000
vt 0.686215 0.545039
vt 0.688964 0.499396
vt 0.637344 0.873014
vt 0.671322 0.878365
vt 0.250017 0.137349
vt 0.518727 0.388190
vt 0.517434 0.422551
vt 0.699098 0.658216
vt 0.250447 0.086302
vt 0.322828 0.098479
vt 0.770031 0.957376
vt 0.699098 0.951389
vt 0.704056 0.908448
vt 0.768420 0.896640
vt 0.332273 0.693744
vt 0.375648 0.732704
vt 0.332803 0.782175
vt 0.288388 0.752565
vt 0.856019 0.658216
vt 0.803488 0.638801
vt 0.810051 0.591139
vt 0.868565 0.625158
vt 0.381858 0.092136
vt 0.386772 0.149514
vt 0.313732 0.831935
vt 0.263704 0.805227
vt 0.822216 0.866868
vt 0.869292 0.874951
vt 0.862676 0.929492
vt 0.819657 0.917209
vt 0.462310 0.096449
vt 0.461467 0.156297
vt 0.726513 0.604573
vt 0.760422 0.567043
vt 0.870861 0.974708
vt 0.819657 0.963537
vt 0.302612 0.883930
vt 0.249848 0.895665
vt 0.324915 0.925615
vt 0.306613 0.960429
vt 0.699098 0.509653
vt 0.736868 0.513827
vt 0.790760 0.321545
vt 0.748600 0.353472
vt 0.723981 0.303964
vt 0.779974 0.278540
vt 0.865173 0.351402
vt 0.885660 0.268033
vt 0.954250 0.282707
vt 0.920309 0.377112
vt 0.732470 0.249832
vt 0.790760 0.227927
vt 0.865173 0.210343
vt 0.929422 0.211229
vt 0.375648 0.929981
vt 0.362165 0.977810
vt 0.711323 0.439300
vt 0.755681 0.463805
vt 0.576111 0.892403
vt 0.610179 0.929016
vt 0.518727 0.941746
vt 0.525733 0.903931
vt 0.791759 0.388190
vt 0.805204 0.425521
vt 0.677698 0.411973
vt 0.687450 0.474344
vt 0.640534 0.446081
vt 0.638891 0.395897
vt 0.041536 0.022386
vt 0.120828 0.002420
vt 0.116234 0.048387
vt 0.035485 0.085014
vt 0.249848 0.038800
vt 0.318076 0.068419
vt 0.250831 0.000000
vt 0.316533 0.022662
vt 0.796443 0.004208
vt 0.865173 -0.000000
vt 0.862274 0.062065
vt 0.800918 0.050548
vt 0.799183 0.288695
vt 0.790760 0.227927
vt 0.826272 0.233463
vt 0.848821 0.285610
vt 0.466338 0.313562
vt 0.518250 0.301350
vt 0.518250 0.371085
vt 0.468626 0.364199
vt 0.717285 0.878082
vt 0.770031 0.866868
vt 0.590941 0.301350
vt 0.623808 0.305089
vt 0.623808 0.372813
vt 0.603239 0.352676
vt 0.518727 0.757136
vt 0.554229 0.704104
vt 0.603093 0.763448
vt 0.560721 0.789294
vt 0.627029 0.812039
vt 0.580562 0.823163
vt 0.757003 0.065520
vt 0.728671 0.025529
vt 0.388080 0.017841
vt 0.387607 0.071090
vt 0.836017 0.337343
vt 0.793821 0.333338
vt 0.728638 0.084205
vt 0.691536 0.056308
vt 0.829338 0.368195
vt 0.790760 0.362212
vt 0.429822 0.072017
vt 0.427395 0.022525
vt 0.248057 0.105021
vt 0.247849 0.151949
vt 0.248569 0.080723
vt 0.249488 0.045479
vt 0.516618 0.693744
vt 0.518727 0.642294
vt 0.519948 0.430579
vt 0.519450 0.468134
vt 0.518947 0.506975
vt 0.518987 0.539185
vt 0.868565 0.389025
vt 0.868244 0.432633
vt 0.802403 0.208504
vt 0.738301 0.209593
vt 0.744255 0.172025
vt 0.808190 0.168589
vt 0.186818 0.004582
vt 0.573911 0.393278
vt 0.865173 0.227927
vt 0.862044 0.165165
vt 0.519772 0.388190
vt 0.249848 0.000000
vt 0.710011 0.104177
vt 0.676105 0.101582
vt 0.776430 0.911158
vt 0.770031 0.866868
vt 0.819657 0.866868
vt 0.811191 0.913389
vt 0.555507 0.343352
vt 0.581080 0.337106
vt 0.590940 0.354536
vt 0.553716 0.366914
vt 0.212016 0.941299
vt 0.185659 0.942644
vt 0.185659 0.892722
vt 0.220775 0.902967
vt 0.634346 0.862004
vt 0.587576 0.851605
vt 0.714023 0.130422
vt 0.678139 0.154701
vt 0.811794 0.966593
vt 0.784380 0.982090
vt 0.578464 0.310725
vt 0.553716 0.301350
vt 0.656248 0.167274
vt 0.567504 0.876045
s 0
usemtl Material
f 9/1/1 10/2/1 85/3/1 83/4/1
f 9/5/2 11/6/2 5/7/2 1/8/2
f 11/9/3 12/10/3 7/11/3 5/12/3
f 10/13/4 3/14/4 7/15/4 12/16/4
f 3/17/5 1/18/5 5/12/5 7/11/5
f 4/19/6 85/20/6 86/21/6 8/22/6
f 2/23/7 6/24/7 82/25/7 83/26/7
f 1/27/8 3/28/8 10/2/8 9/1/8
f 16/29/9 14/30/9 20/31/9 19/32/9
f 13/33/10 3/34/10 1/35/10 15/36/10
f 16/37/11 5/12/11 7/11/11 14/38/11
f 3/39/12 13/40/12 14/30/12 7/41/12
f 15/42/13 1/18/13 5/12/13 16/37/13
f 17/43/14 18/44/14 22/45/14 21/46/14
f 13/33/15 15/36/15 18/47/15 17/48/15
f 14/30/16 13/40/16 17/49/16 20/31/16
f 15/42/17 16/37/17 19/50/17 18/51/17
f 24/52/18 21/53/18 25/54/18 28/55/18
f 20/56/19 17/57/19 21/58/19 24/59/19
f 18/51/20 19/50/20 23/60/20 22/61/20
f 19/32/21 20/31/21 24/62/21 23/63/21
f 27/64/22 28/65/22 32/66/22 31/67/22
f 22/68/23 23/69/23 27/70/23 26/71/23
f 23/63/24 24/62/24 28/65/24 27/64/24
f 21/46/25 22/45/25 26/72/25 25/73/25
f 32/74/26 29/75/26 33/76/26 36/77/26
f 25/73/27 26/72/27 30/78/27 29/79/27
f 28/55/28 25/54/28 29/75/28 32/74/28
f 26/71/29 27/70/29 31/80/29 30/81/29
f 70/82/30 69/83/30 39/84/30 38/85/30
f 30/81/31 31/80/31 35/86/31 34/87/31
f 31/67/32 32/66/32 36/88/32 35/89/32
f 29/79/33 30/78/33 34/90/33 33/91/33
f 37/92/34 38/93/34 39/94/34 40/95/34
f 69/96/35 71/97/35 40/98/35 39/99/35
f 72/100/36 70/101/36 38/102/36 37/103/36
f 71/104/37 72/105/37 37/106/37 40/107/37
f 6/108/34 8/109/34 42/110/34 41/111/34
f 11/6/38 43/112/38 47/113/38 45/114/38
f 42/115/39 81/116/39 84/117/39 41/118/39
f 43/112/40 11/6/40 82/25/40 84/119/40
f 12/16/41 44/120/41 81/121/41 86/21/41
f 48/122/42 46/123/42 50/124/42 52/125/42
f 12/126/43 11/127/43 45/128/43 46/129/43
f 44/120/44 12/16/44 46/130/44 48/131/44
f 43/132/45 44/133/45 48/134/45 47/135/45
f 51/136/46 52/137/46 56/138/46 55/139/46
f 47/135/47 48/134/47 52/137/47 51/136/47
f 45/140/48 47/141/48 51/142/48 49/143/48
f 46/129/49 45/128/49 49/144/49 50/145/49
f 53/146/50 55/147/50 59/148/50 57/149/50
f 49/143/51 51/142/51 55/147/51 53/146/51
f 50/145/52 49/144/52 53/150/52 54/151/52
f 52/125/53 50/124/53 54/152/53 56/153/53
f 60/154/54 58/155/54 62/156/54 64/157/54
f 54/151/55 53/150/55 57/158/55 58/159/55
f 56/153/56 54/152/56 58/160/56 60/161/56
f 55/139/57 56/138/57 60/162/57 59/163/57
f 61/164/58 63/165/58 67/166/58 65/167/58
f 59/163/59 60/162/59 64/168/59 63/169/59
f 57/170/60 59/171/60 63/165/60 61/164/60
f 58/159/61 57/158/61 61/172/61 62/173/61
f 66/174/62 68/175/62 67/176/62 65/177/62
f 62/173/63 61/172/63 65/178/63 66/179/63
f 64/157/64 62/156/64 66/180/64 68/181/64
f 63/169/65 64/168/65 68/182/65 67/183/65
f 36/77/66 33/76/66 72/105/66 71/104/66
f 33/91/67 34/90/67 70/101/67 72/100/67
f 35/89/68 36/88/68 71/97/68 69/96/68
f 34/87/69 35/86/69 69/83/69 70/82/69
f 69/184/70 71/185/70 66/174/70 65/177/70
f 67/176/71 68/175/71 73/186/71 74/187/71
f 73/188/72 77/189/72 79/190/72 75/191/72
f 78/192/73 80/193/73 79/194/73 77/195/73
f 74/187/74 73/186/74 77/196/74 78/197/74
f 76/198/75 80/199/75 78/200/75 74/201/75
f 75/202/76 76/203/76 80/204/76 79/205/76
f 84/117/77 81/116/77 44/133/77 43/132/77
f 84/119/78 82/25/78 6/24/78 41/206/78
f 82/25/79 11/6/79 9/5/79 83/26/79
f 85/3/80 4/207/80 2/208/80 83/4/80
f 85/20/81 10/13/81 12/16/81 86/21/81
f 86/21/82 81/121/82 42/209/82 8/22/82
f 88/210/83 81/211/83 84/212/83 87/213/83
f 81/121/84 88/214/84 90/215/84 89/216/84
f 87/217/85 84/119/85 91/218/85 92/219/85
f 90/220/86 92/221/86 91/222/86 89/223/86
f 92/221/87 90/220/87 95/224/87 96/225/87
f 87/217/88 92/219/88 96/226/88 93/227/88
f 90/215/89 88/214/89 94/228/89 95/229/89
f 88/210/90 87/213/90 93/230/90 94/231/90
f 93/232/91 96/233/91 100/234/91 97/235/91
f 94/231/92 93/230/92 97/236/92 98/237/92
f 96/225/93 95/224/93 99/238/93 100/239/93
f 95/240/94 94/241/94 98/242/94 99/243/94
f 97/235/95 100/234/95 104/244/95 101/245/95
f 98/237/96 97/236/96 101/246/96 102/247/96
f 100/239/97 99/238/97 103/248/97 104/249/97
f 99/243/98 98/242/98 102/250/98 103/251/98
f 104/249/99 103/248/99 107/252/99 108/253/99
f 103/251/100 102/250/100 106/254/100 107/255/100
f 101/256/101 104/257/101 108/258/101 105/259/101
f 102/247/102 101/246/102 105/260/102 106/261/102
f 80/193/103 108/253/103 107/252/103 79/194/103
f 108/258/104 80/199/104 76/198/104 105/259/104
f 75/262/105 106/261/105 105/260/105 76/263/105
f 106/264/106 75/191/106 79/190/106 107/265/106
f 42/110/34 110/266/34 109/267/34 41/111/34
f 41/206/107 109/268/107 91/218/107 84/119/107
f 91/222/108 109/269/108 110/270/108 89/223/108
f 110/271/109 42/209/109 81/121/109 89/216/109
f 109/268/110 112/272/110 111/273/110 91/218/110
f 110/274/111 89/275/111 113/276/111 114/277/111
f 112/278/112 114/279/112 113/280/112 111/281/112
f 91/282/113 116/283/113 115/284/113 89/285/113
f 111/273/114 117/286/114 116/287/114 91/218/114
f 113/280/115 118/288/115 117/289/115 111/281/115
f 113/290/116 89/291/116 115/292/116 118/293/116
f 117/286/117 121/294/117 120/295/117 116/287/117
f 116/283/118 120/296/118 119/297/118 115/284/118
f 118/293/119 115/292/119 119/298/119 122/299/119
f 118/288/120 122/300/120 121/301/120 117/289/120
f 122/300/121 126/302/121 125/303/121 121/301/121
f 120/296/122 124/304/122 123/305/122 119/297/122
f 122/306/123 119/307/123 123/308/123 126/309/123
f 121/310/124 125/311/124 124/312/124 120/313/124
f 126/309/125 123/308/125 127/314/125 130/315/125
f 125/311/126 129/316/126 128/317/126 124/312/126
f 126/302/127 130/318/127 129/319/127 125/303/127
f 124/304/128 128/320/128 127/321/128 123/305/128
f 130/322/129 129/323/129 133/324/129 134/325/129
f 128/320/130 132/326/130 131/327/130 127/321/130
f 130/328/131 127/329/131 131/330/131 134/331/131
f 129/332/132 133/333/132 132/334/132 128/335/132
f 111/273/133 112/272/133 136/336/133 135/337/133
f 135/337/134 136/336/134 138/338/134 137/339/134
f 137/340/135 138/341/135 140/342/135 139/343/135
f 139/344/136 140/345/136 142/346/136 141/347/136
f 137/348/137 135/349/137 141/350/137 139/351/137
f 114/277/138 113/276/138 141/352/138 142/353/138
f 111/354/139 135/355/139 141/356/139 113/357/139
f 141/358/140 135/359/140 143/360/140 144/361/140
f 144/361/141 143/360/141 145/362/141 146/363/141
f 139/343/142 148/364/142 147/365/142 137/340/142
f 147/366/143 143/367/143 135/337/143 137/339/143
f 144/368/144 148/369/144 139/344/144 141/347/144
f 147/365/145 148/364/145 149/370/145 150/371/145
f 146/372/146 149/373/146 148/369/146 144/368/146
f 145/374/147 143/367/147 147/366/147 150/375/147
f 67/166/148 153/376/148 152/377/148 65/167/148
f 65/167/149 152/377/149 39/84/149 69/83/149
f 154/378/150 153/376/150 67/166/150 74/201/150
f 155/379/151 154/378/151 74/201/151 78/200/151
f 155/380/152 78/192/152 77/195/152 151/381/152
f 151/382/153 77/189/153 73/188/153 156/383/153
f 157/384/154 156/383/154 73/188/154 68/181/154
f 157/384/155 68/181/155 66/180/155 158/385/155
f 66/180/156 71/104/156 40/107/156 158/385/156
f 78/386/157 77/387/157 131/327/157 132/326/157
f 160/388/158 133/389/158 134/390/158 159/391/158
f 133/333/159 160/392/159 78/200/159 132/334/159
f 134/331/160 131/330/160 77/189/160 159/393/160
f 162/394/161 160/388/161 159/391/161 161/395/161
f 159/393/162 77/189/162 151/382/162 161/396/162
f 160/392/163 162/397/163 155/379/163 78/200/163
f 149/370/164 163/398/164 164/399/164 150/371/164
f 165/400/165 145/401/165 150/402/165 164/403/165
f 166/404/166 163/405/166 149/406/166 146/407/166
f 163/408/167 166/409/167 165/410/167 164/411/167
f 146/363/168 145/362/168 165/412/168 166/413/168
f 165/412/169 129/323/169 130/322/169 166/413/169
f 163/398/170 167/414/170 168/415/170 164/399/170
f 168/415/171 167/414/171 134/390/171 133/389/171
f 164/403/172 168/416/172 129/417/172 165/400/172
f 167/418/173 163/405/173 166/404/173 130/419/173
f 168/415/174 133/389/174 129/420/174
f 134/325/175 167/421/175 130/322/175
f 173/1/176 241/4/176 243/3/176 174/2/176
f 173/5/177 169/8/177 171/7/177 175/6/177
f 175/9/178 171/12/178 172/11/178 176/10/178
f 174/13/179 176/16/179 172/15/179 170/14/179
f 170/17/180 172/11/180 171/12/180 169/18/180
f 4/19/181 8/22/181 244/21/181 243/20/181
f 2/23/182 241/26/182 240/25/182 6/24/182
f 169/27/183 173/1/183 174/2/183 170/28/183
f 180/29/184 183/32/184 184/31/184 178/30/184
f 177/33/185 179/36/185 169/35/185 170/34/185
f 180/37/186 178/38/186 172/11/186 171/12/186
f 170/39/187 172/41/187 178/30/187 177/40/187
f 179/42/188 180/37/188 171/12/188 169/18/188
f 181/43/189 185/46/189 186/45/189 182/44/189
f 177/33/190 181/48/190 182/47/190 179/36/190
f 178/30/191 184/31/191 181/49/191 177/40/191
f 179/42/192 182/51/192 183/50/192 180/37/192
f 188/52/193 192/55/193 189/54/193 185/53/193
f 184/56/194 188/59/194 185/58/194 181/57/194
f 182/51/195 186/61/195 187/60/195 183/50/195
f 183/32/196 187/63/196 188/62/196 184/31/196
f 191/64/197 195/67/197 196/66/197 192/65/197
f 186/68/198 190/71/198 191/70/198 187/69/198
f 187/63/199 191/64/199 192/65/199 188/62/199
f 185/46/200 189/73/200 190/72/200 186/45/200
f 196/74/201 200/77/201 197/76/201 193/75/201
f 189/73/202 193/79/202 194/78/202 190/72/202
f 192/55/203 196/74/203 193/75/203 189/54/203
f 190/71/204 194/81/204 195/80/204 191/70/204
f 228/82/205 38/85/205 39/84/205 227/83/205
f 194/81/206 198/87/206 199/86/206 195/80/206
f 195/67/207 199/89/207 200/88/207 196/66/207
f 193/79/208 197/91/208 198/90/208 194/78/208
f 227/96/209 39/99/209 40/98/209 229/97/209
f 230/100/210 37/103/210 38/102/210 228/101/210
f 229/104/211 40/107/211 37/106/211 230/105/211
f 175/6/212 203/114/212 205/113/212 201/112/212
f 42/115/213 41/118/213 242/117/213 239/116/213
f 201/112/214 242/119/214 240/25/214 175/6/214
f 176/16/215 244/21/215 239/121/215 202/120/215
f 206/122/216 210/125/216 208/124/216 204/123/216
f 176/126/217 204/129/217 203/128/217 175/127/217
f 202/120/218 206/131/218 204/130/218 176/16/218
f 201/132/219 205/135/219 206/134/219 202/133/219
f 209/136/220 213/139/220 214/138/220 210/137/220
f 205/135/221 209/136/221 210/137/221 206/134/221
f 203/140/222 207/143/222 209/142/222 205/141/222
f 204/129/223 208/145/223 207/144/223 203/128/223
f 211/146/224 215/149/224 217/148/224 213/147/224
f 207/143/225 211/146/225 213/147/225 209/142/225
f 208/145/226 212/151/226 211/150/226 207/144/226
f 210/125/227 214/153/227 212/152/227 208/124/227
f 218/154/228 222/157/228 220/156/228 216/155/228
f 212/151/229 216/159/229 215/158/229 211/150/229
f 214/153/230 218/161/230 216/160/230 212/152/230
f 213/139/231 217/163/231 218/162/231 214/138/231
f 219/164/232 223/167/232 225/166/232 221/165/232
f 217/163/233 221/169/233 222/168/233 218/162/233
f 215/170/234 219/164/234 221/165/234 217/171/234
f 216/159/235 220/173/235 219/172/235 215/158/235
f 224/174/236 223/177/236 225/176/236 226/175/236
f 220/173/237 224/179/237 223/178/237 219/172/237
f 222/157/238 226/181/238 224/180/238 220/156/238
f 221/169/239 225/183/239 226/182/239 222/168/239
f 200/77/240 229/104/240 230/105/240 197/76/240
f 197/91/241 230/100/241 228/101/241 198/90/241
f 199/89/242 227/96/242 229/97/242 200/88/242
f 198/87/243 228/82/243 227/83/243 199/86/243
f 227/184/244 223/177/244 224/174/244 229/185/244
f 225/176/245 232/187/245 231/186/245 226/175/245
f 231/188/246 233/191/246 237/190/246 235/189/246
f 236/192/247 235/195/247 237/194/247 238/193/247
f 232/187/248 236/197/248 235/196/248 231/186/248
f 234/198/249 232/201/249 236/200/249 238/199/249
f 233/202/250 237/205/250 238/204/250 234/203/250
f 242/117/251 201/132/251 202/133/251 239/116/251
f 242/119/252 41/206/252 6/24/252 240/25/252
f 240/25/253 241/26/253 173/5/253 175/6/253
f 243/3/254 241/4/254 2/208/254 4/207/254
f 243/20/255 244/21/255 176/16/255 174/13/255
f 244/21/256 8/22/256 42/209/256 239/121/256
f 246/210/257 245/213/257 242/212/257 239/211/257
f 239/121/258 247/216/258 248/215/258 246/214/258
f 245/217/259 250/219/259 249/218/259 242/119/259
f 248/220/260 247/223/260 249/222/260 250/221/260
f 250/221/261 254/225/261 253/224/261 248/220/261
f 245/217/262 251/227/262 254/226/262 250/219/262
f 248/215/263 253/229/263 252/228/263 246/214/263
f 246/210/264 252/231/264 251/230/264 245/213/264
f 251/232/265 255/235/265 258/234/265 254/233/265
f 252/231/266 256/237/266 255/236/266 251/230/266
f 254/225/267 258/239/267 257/238/267 253/224/267
f 253/240/268 257/243/268 256/242/268 252/241/268
f 255/235/269 259/245/269 262/244/269 258/234/269
f 256/237/270 260/247/270 259/246/270 255/236/270
f 258/239/271 262/249/271 261/248/271 257/238/271
f 257/243/272 261/251/272 260/250/272 256/242/272
f 262/249/273 266/253/273 265/252/273 261/248/273
f 261/251/274 265/255/274 264/254/274 260/250/274
f 259/256/275 263/259/275 266/258/275 262/257/275
f 260/247/276 264/261/276 263/260/276 259/246/276
f 238/193/277 237/194/277 265/252/277 266/253/277
f 266/258/278 263/259/278 234/198/278 238/199/278
f 233/262/279 234/263/279 263/260/279 264/261/279
f 264/264/280 265/265/280 237/190/280 233/191/280
f 41/206/281 242/119/281 249/218/281 109/268/281
f 249/222/282 247/223/282 110/270/282 109/269/282
f 110/271/283 247/216/283 239/121/283 42/209/283
f 109/268/284 249/218/284 267/273/284 112/272/284
f 110/274/285 114/277/285 268/276/285 247/275/285
f 112/278/286 267/281/286 268/280/286 114/279/286
f 249/282/287 247/285/287 269/284/287 270/283/287
f 267/273/288 249/218/288 270/287/288 271/286/288
f 268/280/289 267/281/289 271/289/289 272/288/289
f 268/290/290 272/293/290 269/292/290 247/291/290
f 271/286/291 270/287/291 274/295/291 275/294/291
f 270/283/292 269/284/292 273/297/292 274/296/292
f 272/293/293 276/299/293 273/298/293 269/292/293
f 272/288/294 271/289/294 275/301/294 276/300/294
f 276/300/295 275/301/295 279/303/295 280/302/295
f 274/296/296 273/297/296 277/305/296 278/304/296
f 276/306/297 280/309/297 277/308/297 273/307/297
f 275/310/298 274/313/298 278/312/298 279/311/298
f 280/309/299 284/315/299 281/314/299 277/308/299
f 279/311/300 278/312/300 282/317/300 283/316/300
f 280/302/301 279/303/301 283/319/301 284/318/301
f 278/304/302 277/305/302 281/321/302 282/320/302
f 284/322/303 288/325/303 287/324/303 283/323/303
f 282/320/304 281/321/304 285/327/304 286/326/304
f 284/328/305 288/331/305 285/330/305 281/329/305
f 283/332/306 282/335/306 286/334/306 287/333/306
f 267/273/307 289/337/307 136/336/307 112/272/307
f 289/337/308 290/339/308 138/338/308 136/336/308
f 290/340/309 291/343/309 140/342/309 138/341/309
f 291/344/310 292/347/310 142/346/310 140/345/310
f 290/348/311 291/351/311 292/350/311 289/349/311
f 114/277/312 142/353/312 292/352/312 268/276/312
f 267/354/313 268/357/313 292/356/313 289/355/313
f 292/358/314 294/361/314 293/360/314 289/359/314
f 294/361/315 296/363/315 295/362/315 293/360/315
f 291/343/316 290/340/316 297/365/316 298/364/316
f 297/366/317 290/339/317 289/337/317 293/367/317
f 294/368/318 292/347/318 291/344/318 298/369/318
f 297/365/319 300/371/319 299/370/319 298/364/319
f 296/372/320 294/368/320 298/369/320 299/373/320
f 295/374/321 300/375/321 297/366/321 293/367/321
f 225/166/322 223/167/322 152/377/322 153/376/322
f 223/167/323 227/83/323 39/84/323 152/377/323
f 154/378/324 232/201/324 225/166/324 153/376/324
f 155/379/325 236/200/325 232/201/325 154/378/325
f 155/380/326 151/381/326 235/195/326 236/192/326
f 151/382/327 156/383/327 231/188/327 235/189/327
f 157/384/328 226/181/328 231/188/328 156/383/328
f 157/384/329 158/385/329 224/180/329 226/181/329
f 224/180/330 158/385/330 40/107/330 229/104/330
f 236/386/331 286/326/331 285/327/331 235/387/331
f 302/388/332 301/391/332 288/390/332 287/389/332
f 287/333/333 286/334/333 236/200/333 302/392/333
f 288/331/334 301/393/334 235/189/334 285/330/334
f 162/394/335 161/395/335 301/391/335 302/388/335
f 301/393/336 161/396/336 151/382/336 235/189/336
f 302/392/337 236/200/337 155/379/337 162/397/337
f 299/370/338 300/371/338 304/399/338 303/398/338
f 305/400/339 304/403/339 300/402/339 295/401/339
f 306/404/340 296/407/340 299/406/340 303/405/340
f 303/408/341 304/411/341 305/410/341 306/409/341
f 296/363/342 306/413/342 305/412/342 295/362/342
f 305/412/343 306/413/343 284/322/343 283/323/343
f 303/398/344 304/399/344 308/415/344 307/414/344
f 308/415/345 287/389/345 288/390/345 307/414/345
f 304/403/346 305/400/346 283/417/346 308/416/346
f 307/418/347 284/419/347 306/404/347 303/405/347
f 308/415/348 283/420/348 287/389/348
f 288/325/349 284/322/349 307/421/349
o Chew.001
v -0.124093 0.221688 0.183396
v 0.000000 0.193780 0.229608
v -0.187763 0.331183 0.025531
v 0.000000 0.241417 0.271011
v -0.132556 0.263596 0.204688
v -0.213482 0.380251 0.040008
v 0.000000 0.295335 0.270444
v -0.118189 0.320402 0.212375
v -0.213260 0.434161 0.052975
v -0.144313 0.437171 0.029157
v -0.142677 0.392764 0.022763
v -0.064129 0.207645 0.206650
v -0.132600 0.341308 0.011355
v -0.065306 0.253308 0.231128
v -0.061196 0.307788 0.241596
v -0.225941 0.492225 0.058568
v -0.156994 0.495235 0.034751
v -0.180161 0.309261 0.071193
v -0.121261 0.371320 0.074101
v -0.193780 0.364444 0.080502
v -0.190311 0.419018 0.092257
v -0.113599 0.305937 0.075645
v -0.184299 0.479092 0.108350
v -0.125957 0.422719 0.071877
v -0.138637 0.480783 0.077470
v -0.084220 0.324198 0.206313
v -0.044006 0.315842 0.223259
v 0.000000 0.309669 0.231653
v -0.154529 0.268829 0.124520
v -0.155991 0.314486 0.138861
v -0.152233 0.370025 0.151720
v -0.048073 0.223894 0.188156
v -0.111434 0.373800 0.142439
v 0.000000 0.215972 0.201408
v -0.106833 0.332267 0.131594
v 0.000000 0.274671 0.213462
v -0.041229 0.278793 0.200474
v -0.081152 0.290196 0.183524
v 0.000000 0.268133 0.273109
v -0.129081 0.291088 0.212464
v -0.213376 0.406103 0.046226
v -0.143462 0.414058 0.025829
v -0.064911 0.279589 0.237920
v -0.123512 0.395968 0.073034
v -0.192117 0.390614 0.086139
v -0.158436 0.340720 0.147243
v -0.109039 0.352183 0.136795
v 0.000000 0.291454 0.222185
v -0.042561 0.296559 0.211400
v -0.079338 0.305048 0.195411
v -0.100875 0.229382 0.175737
v -0.121432 0.277445 0.113592
v 0.000000 0.215695 0.251533
v -0.130607 0.240401 0.196326
v -0.200609 0.355692 0.032762
v -0.066229 0.230602 0.220578
v -0.137633 0.367009 0.017053
v -0.186964 0.336824 0.075843
v -0.117426 0.338595 0.074874
v -0.159335 0.291252 0.133810
v -0.091024 0.259758 0.179627
v 0.000000 0.245291 0.207429
v -0.044655 0.251315 0.194308
v -0.114140 0.304828 0.122583
v 0.124093 0.221688 0.183396
v 0.187763 0.331183 0.025531
v 0.132556 0.263596 0.204688
v 0.213482 0.380251 0.040008
v 0.118189 0.320402 0.212375
v 0.213260 0.434161 0.052975
v 0.144313 0.437171 0.029157
v 0.142677 0.392764 0.022763
v 0.064129 0.207645 0.206650
v 0.132600 0.341308 0.011355
v 0.065306 0.253308 0.231128
v 0.061196 0.307788 0.241596
v 0.225941 0.492225 0.058568
v 0.156994 0.495235 0.034751
v 0.180161 0.309261 0.071193
v 0.121261 0.371320 0.074101
v 0.193780 0.364444 0.080502
v 0.190311 0.419018 0.092257
v 0.113599 0.305937 0.075645
v 0.184299 0.479092 0.108350
v 0.125957 0.422719 0.071877
v 0.138637 0.480783 0.077470
v 0.084220 0.324198 0.206313
v 0.044006 0.315842 0.223259
v 0.154529 0.268829 0.124520
v 0.155991 0.314486 0.138861
v 0.152233 0.370025 0.151720
v 0.048073 0.223894 0.188156
v 0.111434 0.373800 0.142439
v 0.106833 0.332267 0.131594
v 0.041229 0.278793 0.200474
v 0.081152 0.290196 0.183524
v 0.129081 0.291088 0.212464
v 0.213376 0.406103 0.046226
v 0.143462 0.414058 0.025829
v 0.064911 0.279589 0.237920
v 0.123512 0.395968 0.073034
v 0.192117 0.390614 0.086139
v 0.158436 0.340720 0.147243
v 0.109039 0.352183 0.136795
v 0.042561 0.296559 0.211400
v 0.079338 0.305048 0.195411
v 0.100875 0.229382 0.175737
v 0.121432 0.277445 0.113592
v 0.130607 0.240401 0.196326
v 0.200609 0.355692 0.032762
v 0.066229 0.230602 0.220578
v 0.137633 0.367009 0.017053
v 0.186964 0.336824 0.075843
v 0.117426 0.338595 0.074874
v 0.159335 0.291252 0.133810
v 0.091024 0.259758 0.179627
v 0.044655 0.251315 0.194308
v 0.114140 0.304828 0.122583
vn -0.4174 -0.5791 0.7003
vn -0.9226 -0.3459 0.1704
vn -0.4506 0.0139 0.8926
vn -0.8065 0.1934 0.5587
vn -0.3113 0.1793 -0.9332
vn -0.4034 0.0454 0.9139
vn -0.3876 -0.5547 0.7363
vn 0.0124 -0.8855 -0.4644
vn -0.2619 0.1522 -0.9530
vn 0.9300 0.0771 -0.3594
vn -0.3272 0.0195 -0.9447
vn 0.0616 -0.7805 -0.6221
vn -0.8828 -0.0756 0.4636
vn -0.9299 -0.3636 0.0555
vn 0.9609 0.1647 -0.2225
vn -0.8223 -0.1473 0.5496
vn 0.9198 0.2314 -0.3169
vn 0.4238 -0.1403 0.8948
vn 0.1033 0.8142 0.5713
vn 0.0321 0.9273 0.3730
vn -0.0068 0.9050 0.4253
vn 0.0448 0.7919 0.6090
vn 0.3591 0.0791 -0.9299
vn -0.8511 0.0218 0.5245
vn -0.9321 -0.2804 0.2294
vn 0.0502 -0.7795 -0.6244
vn 0.9845 0.1111 -0.1358
vn 0.2489 0.4860 -0.8377
vn 0.4301 0.5114 -0.7439
vn 0.9293 0.1713 -0.3273
vn 0.3056 0.1821 -0.9346
vn 0.9377 0.2607 -0.2298
vn 0.4478 0.5080 -0.7358
vn 0.2879 0.4818 -0.8276
vn 0.9812 0.1127 -0.1569
vn -0.8946 -0.1279 0.4283
vn -0.8994 -0.0678 0.4318
vn 0.9270 0.0772 -0.3669
vn -0.3893 -0.2146 0.8958
vn -0.2787 0.1817 -0.9430
vn -0.9441 -0.0782 0.3203
vn -0.5132 -0.1383 0.8471
vn 0.8556 -0.1430 -0.4975
vn 0.0206 -0.7816 -0.6235
vn 0.9819 -0.0311 -0.1868
vn 0.0032 -0.7977 -0.6030
vn 0.9982 -0.0590 0.0101
vn 0.8794 -0.1611 -0.4481
vn 0.2944 0.1835 -0.9379
vn -0.9074 -0.1378 0.3971
vn 0.2756 0.1028 -0.9558
vn 0.9442 0.1673 -0.2836
vn -0.9009 -0.3855 0.1995
vn -0.2679 0.1497 -0.9517
vn -0.3826 -0.3593 0.8512
vn -0.9417 -0.0670 0.3297
vn -0.4926 -0.4518 0.7438
vn 0.4174 -0.5791 0.7003
vn 0.9226 -0.3459 0.1704
vn 0.4506 0.0139 0.8926
vn 0.8065 0.1934 0.5587
vn 0.3113 0.1793 -0.9332
vn 0.4034 0.0454 0.9139
vn 0.3876 -0.5547 0.7363
vn -0.0124 -0.8855 -0.4644
vn 0.2619 0.1522 -0.9530
vn -0.9300 0.0771 -0.3594
vn 0.3272 0.0195 -0.9447
vn -0.0616 -0.7805 -0.6221
vn 0.8828 -0.0756 0.4636
vn 0.9299 -0.3636 0.0555
vn -0.9609 0.1647 -0.2225
vn 0.8223 -0.1473 0.5496
vn -0.9198 0.2314 -0.3169
vn -0.4238 -0.1403 0.8948
vn -0.1033 0.8142 0.5713
vn -0.0321 0.9273 0.3730
vn 0.0068 0.9050 0.4253
vn -0.0448 0.7919 0.6090
vn -0.3591 0.0791 -0.9299
vn 0.8511 0.0218 0.5245
vn 0.9321 -0.2804 0.2294
vn -0.0502 -0.7795 -0.6244
vn -0.9845 0.1111 -0.1358
vn -0.2489 0.4860 -0.8377
vn -0.4301 0.5114 -0.7439
vn -0.9293 0.1713 -0.3273
vn -0.3056 0.1821 -0.9346
vn -0.9377 0.2607 -0.2298
vn -0.4478 0.5080 -0.7358
vn -0.2879 0.4818 -0.8276
vn -0.9812 0.1127 -0.1569
vn 0.8946 -0.1279 0.4283
vn 0.8994 -0.0678 0.4318
vn -0.9270 0.0772 -0.3669
vn 0.3893 -0.2146 0.8958
vn 0.2787 0.1817 -0.9430
vn 0.9441 -0.0782 0.3203
vn 0.5132 -0.1383 0.8471
vn -0.8556 -0.1430 -0.4975
vn -0.0206 -0.7816 -0.6235
vn -0.9819 -0.0311 -0.1868
vn -0.0032 -0.7977 -0.6030
vn -0.9982 -0.0590 0.0101
vn -0.8794 -0.1611 -0.4481
vn -0.2944 0.1835 -0.9379
vn 0.9074 -0.1378 0.3971
vn -0.2756 0.1028 -0.9558
vn -0.9442 0.1673 -0.2836
vn 0.9009 -0.3855 0.1995
vn 0.2679 0.1497 -0.9517
vn 0.3826 -0.3593 0.8512
vn 0.9417 -0.0670 0.3297
vn 0.4926 -0.4518 0.7438
vt 0.247605 0.625633
vt 0.298348 0.641909
vt 0.261379 0.777109
vt 0.203666 0.770679
vt 0.282256 0.354539
vt 0.326111 0.377896
vt 0.332749 0.513252
vt 0.292845 0.493071
vt 0.147342 0.592249
vt 0.094389 0.734615
vt 0.050633 0.706630
vt 0.093708 0.573717
vt 0.185076 0.317377
vt 0.190689 0.457585
vt 0.134294 0.447376
vt 0.127298 0.302446
vt 0.486963 0.787965
vt 0.338283 0.779285
vt 0.344289 0.721164
vt 0.491293 0.740664
vt 0.671290 0.095497
vt 0.708551 -0.000000
vt 0.823190 0.025965
vt 0.782373 0.173480
vt 0.487138 0.885980
vt 0.353259 0.887367
vt 0.332749 0.832835
vt 0.482974 0.831547
vt 0.453728 0.111876
vt 0.500880 0.211333
vt 0.467949 0.249437
vt 0.419272 0.138862
vt 0.336321 0.600756
vt 0.483325 0.620256
vt 0.754540 0.485067
vt 0.701109 0.511577
vt 0.623532 0.402534
vt 0.675354 0.407566
vt 0.201697 0.095552
vt 0.177818 0.172489
vt 0.122721 0.152223
vt 0.147630 0.073237
vt 0.292172 0.156291
vt 0.332749 0.196385
vt 0.322771 0.260692
vt 0.275725 0.225963
vt 0.423564 0.299590
vt 0.379271 0.349639
vt 0.332749 0.202809
vt 0.375966 0.170869
vt 0.001912 0.115116
vt 0.051438 -0.000000
vt 0.578036 0.000000
vt 0.623532 0.087389
vt 0.536621 0.169976
vt 0.491125 0.082587
vt 0.096192 0.241866
vt -0.000000 0.168629
vt 0.892697 0.200562
vt 0.823190 0.038300
vt 0.954913 0.000000
vt 0.973274 0.172267
vt 0.823190 0.510750
vt 0.886747 0.444344
vt 0.938237 0.459155
vt 0.868867 0.579912
vt 0.934254 0.367758
vt 1.000000 0.342363
vt 0.636167 0.756693
vt 0.648828 0.692580
vt 0.717200 0.703295
vt 0.718000 0.760620
vt 0.786345 0.624282
vt 0.823190 0.561376
vt 0.533329 0.367310
vt 0.571429 0.342512
vt 0.705581 0.665406
vt 0.692970 0.624282
vt 0.773775 0.625564
vt 0.781987 0.664306
vt 0.558190 0.528860
vt 0.599509 0.513426
vt 0.623532 0.568406
vt 0.579650 0.581021
vt 0.519619 0.533412
vt 0.498225 0.390157
vt 0.789553 0.700001
vt 0.797150 0.760400
vt 0.539219 0.592644
vt 0.228582 0.191161
vt 0.236006 0.341093
vt 0.251511 0.116113
vt 0.246800 0.473091
vt 0.198598 0.612359
vt 0.141765 0.758944
vt 0.444189 0.413964
vt 0.467816 0.567119
vt 0.647580 0.239182
vt 0.719936 0.248715
vt 0.390265 0.437722
vt 0.416121 0.600756
vt 0.718798 0.817827
vt 0.804731 0.820674
vt 0.623532 0.820674
vt 0.491293 0.940300
vt 0.373727 0.941785
s 0
usemtl Material
f 364/422/350 320/423/350 310/424/350 361/425/350
f 368/426/351 337/427/351 309/428/351 362/429/351
f 351/430/352 347/431/352 315/432/352 323/433/352
f 354/434/353 348/435/353 316/436/353 339/437/353
f 350/438/354 349/439/354 317/440/354 318/441/354
f 348/435/355 351/430/355 323/433/355 316/436/355
f 362/429/356 309/428/356 320/423/356 364/422/356
f 326/442/357 311/443/357 321/444/357 330/445/357
f 365/446/358 363/447/358 314/448/358 319/449/358
f 350/450/359 352/451/359 327/452/359 319/453/359
f 317/440/360 324/454/360 325/455/360 318/441/360
f 340/456/361 320/457/361 309/458/361 359/459/361
f 349/460/362 353/461/362 329/462/362 317/463/362
f 363/464/363 311/465/363 326/466/363 366/467/363
f 367/468/364 330/469/364 321/470/364 365/471/364
f 331/472/365 324/473/365 317/463/365 329/462/365
f 325/474/366 333/475/366 332/476/366 318/477/366
f 331/472/367 329/462/367 332/478/367 333/479/367
f 341/480/368 332/481/368 329/482/368 339/483/368
f 336/484/369 335/485/369 323/486/369 315/487/369
f 323/486/370 335/485/370 334/488/370 316/489/370
f 334/488/371 341/480/371 339/483/371 316/489/371
f 369/490/372 346/491/372 345/492/372 371/493/372
f 353/461/373 354/434/373 339/437/373 329/462/373
f 366/467/374 326/466/374 337/427/374 368/426/374
f 310/494/375 320/457/375 340/456/375 342/495/375
f 355/496/376 352/451/376 332/476/376 341/497/376
f 357/498/377 335/499/377 336/500/377 356/501/377
f 358/502/378 334/503/378 335/504/378 357/505/378
f 358/502/379 346/506/379 343/507/379 355/496/379
f 371/493/380 345/492/380 344/508/380 370/509/380
f 334/503/381 358/502/381 355/496/381 341/497/381
f 346/506/382 358/502/382 357/505/382 345/510/382
f 345/492/383 357/498/383 356/501/383 344/508/383
f 343/507/384 327/452/384 352/451/384 355/496/384
f 328/511/385 338/512/385 354/434/385 353/461/385
f 314/513/386 328/511/386 353/461/386 349/460/386
f 318/477/387 332/476/387 352/451/387 350/450/387
f 313/514/388 322/515/388 351/430/388 348/435/388
f 319/449/389 314/448/389 349/439/389 350/438/389
f 338/512/390 313/514/390 348/435/390 354/434/390
f 322/515/391 312/516/391 347/431/391 351/430/391
f 372/517/392 343/507/392 346/506/392 369/518/392
f 337/519/393 360/520/393 359/459/393 309/458/393
f 367/468/394 327/452/394 343/507/394 372/517/394
f 330/445/395 360/520/395 337/519/395 326/442/395
f 330/469/396 367/468/396 372/517/396 360/521/396
f 360/521/397 372/517/397 369/518/397 359/522/397
f 340/523/398 371/493/398 370/509/398 342/524/398
f 328/511/399 366/467/399 368/426/399 338/512/399
f 359/525/400 369/490/400 371/493/400 340/523/400
f 327/452/401 367/468/401 365/471/401 319/453/401
f 314/513/402 363/464/402 366/467/402 328/511/402
f 321/526/403 311/527/403 363/447/403 365/446/403
f 313/514/404 362/429/404 364/422/404 322/515/404
f 338/512/405 368/426/405 362/429/405 313/514/405
f 322/515/406 364/422/406 361/425/406 312/516/406
f 419/422/407 361/425/407 310/424/407 381/423/407
f 423/426/408 417/429/408 373/428/408 397/427/408
f 408/430/409 384/433/409 315/432/409 347/431/409
f 411/434/410 399/437/410 377/436/410 405/435/410
f 407/438/411 379/441/411 378/440/411 406/439/411
f 405/435/412 377/436/412 384/433/412 408/430/412
f 417/429/413 419/422/413 381/423/413 373/428/413
f 387/442/414 391/445/414 382/444/414 374/443/414
f 420/446/415 380/449/415 376/448/415 418/447/415
f 407/450/416 380/453/416 388/452/416 409/451/416
f 378/440/417 379/441/417 386/455/417 385/454/417
f 400/456/418 415/459/418 373/458/418 381/457/418
f 406/460/419 378/463/419 390/462/419 410/461/419
f 418/464/420 421/467/420 387/466/420 374/465/420
f 422/468/421 420/471/421 382/470/421 391/469/421
f 392/472/422 390/462/422 378/463/422 385/473/422
f 386/474/423 379/477/423 393/476/423 394/475/423
f 392/472/424 394/479/424 393/478/424 390/462/424
f 401/480/425 399/483/425 390/482/425 393/481/425
f 336/484/426 315/487/426 384/486/426 396/485/426
f 384/486/427 377/489/427 395/488/427 396/485/427
f 395/488/428 377/489/428 399/483/428 401/480/428
f 424/490/429 425/493/429 403/492/429 404/491/429
f 410/461/430 390/462/430 399/437/430 411/434/430
f 421/467/431 423/426/431 397/427/431 387/466/431
f 310/494/432 342/495/432 400/456/432 381/457/432
f 412/496/433 401/497/433 393/476/433 409/451/433
f 413/498/434 356/501/434 336/500/434 396/499/434
f 414/502/435 413/505/435 396/504/435 395/503/435
f 414/502/436 412/496/436 402/507/436 404/506/436
f 425/493/437 370/509/437 344/508/437 403/492/437
f 395/503/438 401/497/438 412/496/438 414/502/438
f 404/506/439 403/510/439 413/505/439 414/502/439
f 403/492/440 344/508/440 356/501/440 413/498/440
f 402/507/441 412/496/441 409/451/441 388/452/441
f 389/511/442 410/461/442 411/434/442 398/512/442
f 376/513/443 406/460/443 410/461/443 389/511/443
f 379/477/444 407/450/444 409/451/444 393/476/444
f 375/514/445 405/435/445 408/430/445 383/515/445
f 380/449/446 407/438/446 406/439/446 376/448/446
f 398/512/447 411/434/447 405/435/447 375/514/447
f 383/515/448 408/430/448 347/431/448 312/516/448
f 426/517/449 424/518/449 404/506/449 402/507/449
f 397/519/450 373/458/450 415/459/450 416/520/450
f 422/468/451 426/517/451 402/507/451 388/452/451
f 391/445/452 387/442/452 397/519/452 416/520/452
f 391/469/453 416/521/453 426/517/453 422/468/453
f 416/521/454 415/522/454 424/518/454 426/517/454
f 400/523/455 342/524/455 370/509/455 425/493/455
f 389/511/456 398/512/456 423/426/456 421/467/456
f 415/525/457 400/523/457 425/493/457 424/490/457
f 388/452/458 380/453/458 420/471/458 422/468/458
f 376/513/459 389/511/459 421/467/459 418/464/459
f 382/526/460 420/446/460 418/447/460 374/527/460
f 375/514/461 383/515/461 419/422/461 417/429/461
f 398/512/462 375/514/462 417/429/462 423/426/462
f 383/515/463 312/516/463 361/425/463 419/422/463
o Feet.001
v 0.218049 -0.996065 0.246826
v 0.238457 -0.996065 0.242757
v 0.237403 -0.974471 0.226288
v 0.216995 -0.974471 0.230357
v 0.167175 -0.995194 0.067918
v 0.200251 -0.994876 0.052600
v 0.197969 -0.964858 0.058706
v 0.167653 -0.974815 0.071740
v 0.271613 -0.995637 0.240655
v 0.285884 -0.995637 0.236343
v 0.283970 -0.974537 0.222030
v 0.269699 -0.974537 0.226342
v 0.166357 -0.997006 0.007310
v 0.225252 -0.995410 0.043295
v 0.222448 -0.964196 0.047783
v 0.167926 -0.967938 0.012581
v 0.305200 -0.995476 0.211304
v 0.319301 -0.995476 0.206054
v 0.317597 -0.980206 0.197870
v 0.303497 -0.980206 0.203121
v 0.257165 -0.995123 0.038679
v 0.257984 -0.975152 0.040558
v 0.326939 -0.995445 0.176744
v 0.340761 -0.995445 0.170797
v 0.339403 -0.977781 0.163310
v 0.325581 -0.977781 0.169256
v 0.291097 -0.999950 0.047819
v 0.292077 -0.972889 0.049387
v 0.192255 -0.964163 0.004085
v 0.192768 -0.996645 -0.005006
v 0.216734 -0.963500 -0.006837
v 0.217769 -0.997179 -0.014312
v 0.251591 -0.968232 -0.015599
v 0.249682 -0.996892 -0.018927
v 0.147824 -0.995755 -0.034514
v 0.149182 -0.962032 -0.033126
v 0.179197 -0.944912 -0.036579
v 0.174235 -0.995394 -0.046830
v 0.203677 -0.944250 -0.047502
v 0.199236 -0.995928 -0.056135
v 0.233054 -0.958932 -0.059103
v 0.231149 -0.995642 -0.060750
v 0.140345 -0.993115 -0.094742
v 0.142621 -0.970964 -0.086780
v 0.161629 -0.961165 -0.098769
v 0.154772 -0.994066 -0.111812
v 0.184251 -0.959758 -0.107174
v 0.179773 -0.994600 -0.121117
v 0.214683 -0.971308 -0.106158
v 0.212238 -0.992896 -0.111082
v 0.271358 -0.973024 0.004681
v 0.271857 -0.998356 0.000054
v -0.218049 -0.996065 0.246826
v -0.238457 -0.996065 0.242757
v -0.237403 -0.974471 0.226288
v -0.216995 -0.974471 0.230357
v -0.167175 -0.995194 0.067918
v -0.200251 -0.994876 0.052600
v -0.197969 -0.964858 0.058706
v -0.167653 -0.974815 0.071740
v -0.271613 -0.995637 0.240655
v -0.285884 -0.995637 0.236343
v -0.283970 -0.974537 0.222030
v -0.269699 -0.974537 0.226342
v -0.166357 -0.997006 0.007310
v -0.225252 -0.995410 0.043295
v -0.222448 -0.964196 0.047783
v -0.167926 -0.967938 0.012581
v -0.305200 -0.995476 0.211304
v -0.319301 -0.995476 0.206054
v -0.317597 -0.980206 0.197870
v -0.303497 -0.980206 0.203121
v -0.257165 -0.995123 0.038679
v -0.257984 -0.975152 0.040558
v -0.326939 -0.995445 0.176744
v -0.340761 -0.995445 0.170797
v -0.339403 -0.977781 0.163310
v -0.325581 -0.977781 0.169256
v -0.291097 -0.999950 0.047819
v -0.292077 -0.972889 0.049387
v -0.192255 -0.964163 0.004085
v -0.192768 -0.996645 -0.005006
v -0.216734 -0.963500 -0.006837
v -0.217769 -0.997179 -0.014312
v -0.251591 -0.968232 -0.015599
v -0.249682 -0.996892 -0.018927
v -0.147824 -0.995755 -0.034514
v -0.149182 -0.962032 -0.033126
v -0.179197 -0.944912 -0.036579
v -0.174235 -0.995394 -0.046830
v -0.203677 -0.944250 -0.047502
v -0.199236 -0.995928 -0.056135
v -0.233054 -0.958932 -0.059103
v -0.231149 -0.995642 -0.060750
v -0.140345 -0.993115 -0.094742
v -0.142621 -0.970964 -0.086780
v -0.161629 -0.961165 -0.098769
v -0.154772 -0.994066 -0.111812
v -0.184251 -0.959758 -0.107174
v -0.179773 -0.994600 -0.121117
v -0.214683 -0.971308 -0.106158
v -0.212238 -0.992896 -0.111082
v -0.271358 -0.973024 0.004681
v -0.271857 -0.998356 0.000054
vn 0.1559 0.6038 0.7817
vn -0.9992 0.0402 0.0062
vn 0.2397 0.5598 0.7932
vn 0.0132 -0.9995 0.0290
vn 0.3069 0.4759 0.8242
vn 0.6877 0.0882 -0.7206
vn 0.3644 0.3870 0.8470
vn 0.9175 0.0384 -0.3959
vn 0.9772 0.0207 -0.2114
vn -0.1681 0.9830 0.0737
vn -0.9561 0.0725 0.2840
vn 0.0036 -1.0000 -0.0065
vn 0.9488 0.0264 -0.3148
vn 0.0051 0.9984 0.0565
vn -0.9278 -0.0163 0.3728
vn -0.0130 -0.9999 0.0019
vn 0.9354 -0.0394 -0.3514
vn 0.2087 0.9776 -0.0281
vn -0.8950 -0.0516 0.4431
vn 0.0055 -1.0000 -0.0036
vn 0.9246 -0.0423 -0.3786
vn -0.0504 0.9972 0.0548
vn -0.8874 0.0555 0.4576
vn -0.1046 -0.9925 0.0638
vn 0.9159 -0.0229 -0.4008
vn 0.0044 -0.9995 -0.0318
vn 0.1468 0.9114 0.3843
vn 0.2265 0.9731 0.0421
vn 0.0247 -0.9993 0.0285
vn -0.2151 0.9737 0.0751
vn -0.0204 0.9997 0.0149
vn -0.0095 -0.9994 0.0319
vn -0.1299 0.9684 -0.2130
vn -0.0322 -0.9992 -0.0247
vn -0.4997 0.8622 -0.0834
vn -0.9200 0.0013 0.3919
vn -0.2654 0.8951 0.3584
vn 0.3379 0.9226 0.1861
vn -0.0279 -0.9995 -0.0175
vn -0.0002 -0.9996 -0.0298
vn -0.6644 0.3601 -0.6549
vn -0.3264 0.3964 -0.8581
vn 0.2092 0.2869 -0.9348
vn 0.0348 -0.9983 -0.0469
vn 0.9345 -0.0297 -0.3548
vn -0.9918 0.0445 0.1198
vn 0.3251 0.8805 -0.3452
vn -0.0261 -0.9996 -0.0126
vn 0.0124 0.9979 0.0638
vn -0.1283 -0.9912 0.0342
vn -0.1559 0.6038 0.7817
vn 0.9992 0.0402 0.0062
vn -0.2397 0.5598 0.7932
vn -0.0132 -0.9995 0.0290
vn -0.3069 0.4759 0.8242
vn -0.6877 0.0882 -0.7206
vn -0.3644 0.3870 0.8470
vn -0.9175 0.0384 -0.3959
vn -0.9772 0.0207 -0.2114
vn 0.1681 0.9830 0.0737
vn 0.9561 0.0725 0.2840
vn -0.0036 -1.0000 -0.0065
vn -0.9488 0.0264 -0.3148
vn -0.0051 0.9984 0.0565
vn 0.9278 -0.0163 0.3728
vn 0.0130 -0.9999 0.0019
vn -0.9354 -0.0394 -0.3514
vn -0.2087 0.9776 -0.0281
vn 0.8950 -0.0516 0.4431
vn -0.0055 -1.0000 -0.0036
vn -0.9246 -0.0423 -0.3786
vn 0.0504 0.9972 0.0548
vn 0.8874 0.0555 0.4576
vn 0.1046 -0.9925 0.0638
vn -0.9159 -0.0229 -0.4008
vn -0.0044 -0.9995 -0.0318
vn -0.1468 0.9114 0.3843
vn -0.2264 0.9731 0.0421
vn -0.0247 -0.9993 0.0285
vn 0.2151 0.9737 0.0751
vn 0.0204 0.9997 0.0149
vn 0.0095 -0.9994 0.0319
vn 0.1299 0.9684 -0.2130
vn 0.0322 -0.9992 -0.0247
vn 0.4997 0.8622 -0.0834
vn 0.9200 0.0013 0.3919
vn 0.2654 0.8951 0.3584
vn -0.3379 0.9226 0.1861
vn 0.0279 -0.9995 -0.0175
vn 0.0002 -0.9996 -0.0298
vn 0.6644 0.3601 -0.6549
vn 0.3264 0.3964 -0.8581
vn -0.2092 0.2869 -0.9348
vn -0.0348 -0.9983 -0.0469
vn -0.9345 -0.0297 -0.3548
vn 0.9918 0.0445 0.1198
vn -0.3251 0.8805 -0.3452
vn 0.0261 -0.9996 -0.0126
vn -0.0124 0.9979 0.0638
vn 0.1283 -0.9912 0.0342
vt 0.645875 0.813061
vt 0.597825 0.817009
vt 0.588732 0.777469
vt 0.636781 0.773522
vt 0.712211 0.378005
vt 0.664675 0.384564
vt 0.653993 0.253384
vt 0.721850 0.243811
vt 0.522605 0.833414
vt 0.488073 0.832911
vt 0.482288 0.797672
vt 0.516820 0.798175
vt 0.219061 0.405200
vt 0.145034 0.395262
vt 0.164947 0.262146
vt 0.238974 0.272084
vt 0.429115 0.789481
vt 0.394364 0.786780
vt 0.392269 0.765915
vt 0.427020 0.768615
vt 0.726686 0.230526
vt 0.793464 0.235894
vt 0.785615 0.296276
vt 0.726536 0.289612
vt 0.358712 0.726417
vt 0.324140 0.721991
vt 0.321611 0.702650
vt 0.356183 0.707076
vt 0.728949 0.408906
vt 0.791789 0.409899
vt 0.948308 0.479277
vt 0.928587 0.875428
vt 0.878743 0.912455
vt 0.878743 0.468326
vt 0.645875 0.389129
vt 0.569604 0.378417
vt 0.694300 0.808448
vt 0.645874 0.769007
vt 0.083403 0.400150
vt 0.048054 0.848185
vt -0.000000 0.844320
vt -0.000000 0.413330
vt 0.881639 0.007418
vt 0.858264 0.435594
vt 0.809371 0.468326
vt 0.809371 0.000000
vt 0.508096 0.369639
vt 0.878743 0.468326
vt 0.878743 0.933635
vt 0.829826 0.900545
vt 0.809371 0.480049
vt 0.157786 0.863946
vt 0.123253 0.864511
vt 0.994593 0.472975
vt 0.983673 0.862783
vt 0.948308 0.882013
vt 0.948308 0.468326
vt 0.424832 0.377326
vt 0.881639 0.427001
vt 0.881639 0.000000
vt 0.917106 0.019180
vt 0.953731 0.418850
vt 0.251444 0.817617
vt 0.216694 0.820383
vt 0.795104 0.695697
vt 0.755092 0.715131
vt 0.354392 0.418467
vt 0.953731 0.353735
vt 0.953731 0.000000
vt 0.994723 0.017437
vt 1.000000 0.348950
vt 0.289079 0.447120
vt 0.321611 0.752642
vt 0.287042 0.757134
vt 0.724143 0.124744
vt 0.809371 0.125507
vt 0.150107 0.157176
vt 0.224134 0.167114
vt 0.547576 0.253150
vt 0.486068 0.244373
vt 0.488439 0.143581
vt 0.549947 0.152359
vt 0.403058 0.247570
vt 0.036670 0.277747
vt 0.103316 0.267035
vt 0.607345 0.256942
vt 0.494473 -0.000000
vt 0.550276 0.004435
vt 0.088476 0.162064
vt 0.021830 0.172777
vt 0.043233 0.033780
vt 0.086240 0.004889
vt 0.619778 0.142676
vt 0.600683 0.020009
vt 0.645874 0.138809
vt 0.724142 0.138462
vt 0.416279 0.137989
vt 0.711378 0.808448
vt 0.729319 0.858235
vt 0.645875 0.855322
vt 0.656664 0.811025
vt 0.733388 0.913982
vt 0.645875 0.917106
vt 0.719931 0.980972
vt 0.668811 0.980904
vt 0.147871 -0.000000
vt 0.213784 0.042926
vt 0.724143 -0.000000
vt 0.774753 0.010098
vt 0.671828 0.016755
vt 0.723975 0.000000
vt 0.427844 0.022837
vt 0.372133 0.305789
vt 0.276415 0.328455
s 0
usemtl Material
f 427/528/464 428/529/464 429/530/464 430/531/464
f 431/532/465 434/533/465 442/534/465 439/535/465
f 435/536/466 436/537/466 437/538/466 438/539/466
f 447/540/467 440/541/467 458/542/467 460/543/467
f 443/544/468 444/545/468 445/546/468 446/547/468
f 460/548/469 459/549/469 477/550/469 478/551/469
f 449/552/470 450/553/470 451/554/470 452/555/470
f 453/556/471 478/551/471 477/550/471 454/557/471
f 433/558/472 429/559/472 428/560/472 432/561/472
f 434/562/473 430/531/473 429/530/473 433/563/473
f 431/532/474 427/564/474 430/565/474 434/533/474
f 432/566/475 428/567/475 427/568/475 431/569/475
f 441/570/476 437/571/476 436/572/476 440/573/476
f 433/563/477 438/539/477 437/538/477 441/574/477
f 432/575/478 435/576/478 438/577/478 433/578/478
f 440/541/479 436/579/479 435/580/479 432/566/479
f 448/581/480 445/582/480 444/583/480 447/584/480
f 441/574/481 446/547/481 445/546/481 448/585/481
f 440/586/482 443/587/482 446/588/482 441/589/482
f 447/540/483 444/590/483 443/591/483 440/541/483
f 454/557/484 451/592/484 450/593/484 453/556/484
f 448/585/485 452/555/485 451/554/485 454/594/485
f 447/595/486 449/596/486 452/597/486 448/598/486
f 453/599/487 450/600/487 449/601/487 447/540/487
f 459/549/488 460/548/488 468/602/488 467/603/488
f 460/543/489 458/542/489 466/604/489 468/605/489
f 455/606/490 457/607/490 465/608/490 463/609/490
f 441/574/491 448/585/491 459/610/491 457/607/491
f 432/566/492 431/569/492 439/611/492 456/612/492
f 434/562/493 433/563/493 455/606/493 442/613/493
f 433/563/494 441/574/494 457/607/494 455/606/494
f 440/541/495 432/566/495 456/612/495 458/542/495
f 463/609/496 465/608/496 473/614/496 471/615/496
f 464/616/497 461/617/497 469/618/497 472/619/497
f 462/620/498 463/609/498 471/615/498 470/621/498
f 439/535/499 442/534/499 462/622/499 461/623/499
f 442/613/500 455/606/500 463/609/500 462/620/500
f 457/607/501 459/610/501 467/624/501 465/608/501
f 458/542/502 456/612/502 464/616/502 466/604/502
f 456/612/503 439/611/503 461/617/503 464/616/503
f 470/625/504 471/626/504 472/627/504 469/628/504
f 471/626/505 473/629/505 474/630/505 472/627/505
f 473/629/506 475/631/506 476/632/506 474/630/506
f 468/605/507 466/604/507 474/633/507 476/634/507
f 467/603/508 468/602/508 476/635/508 475/636/508
f 461/623/509 462/622/509 470/637/509 469/638/509
f 465/608/510 467/624/510 475/639/510 473/614/510
f 466/604/511 464/616/511 472/619/511 474/633/511
f 459/610/512 448/585/512 454/594/512 477/640/512
f 478/641/513 453/599/513 447/540/513 460/543/513
f 479/528/514 482/531/514 481/530/514 480/529/514
f 483/532/515 491/535/515 494/534/515 486/533/515
f 487/536/516 490/539/516 489/538/516 488/537/516
f 499/540/517 512/543/517 510/542/517 492/541/517
f 495/544/518 498/547/518 497/546/518 496/545/518
f 512/548/519 530/551/519 529/550/519 511/549/519
f 501/552/520 504/555/520 503/554/520 502/553/520
f 505/556/521 506/557/521 529/550/521 530/551/521
f 485/558/522 484/561/522 480/560/522 481/559/522
f 486/562/523 485/563/523 481/530/523 482/531/523
f 483/532/524 486/533/524 482/565/524 479/564/524
f 484/566/525 483/569/525 479/568/525 480/567/525
f 493/570/526 492/573/526 488/572/526 489/571/526
f 485/563/527 493/574/527 489/538/527 490/539/527
f 484/575/528 485/578/528 490/577/528 487/576/528
f 492/541/529 484/566/529 487/580/529 488/579/529
f 500/581/530 499/584/530 496/583/530 497/582/530
f 493/574/531 500/585/531 497/546/531 498/547/531
f 492/586/532 493/589/532 498/588/532 495/587/532
f 499/540/533 492/541/533 495/591/533 496/590/533
f 506/557/534 505/556/534 502/593/534 503/592/534
f 500/585/535 506/594/535 503/554/535 504/555/535
f 499/595/536 500/598/536 504/597/536 501/596/536
f 505/599/537 499/540/537 501/601/537 502/600/537
f 511/549/538 519/603/538 520/602/538 512/548/538
f 512/543/539 520/605/539 518/604/539 510/542/539
f 507/606/540 515/609/540 517/608/540 509/607/540
f 493/574/541 509/607/541 511/610/541 500/585/541
f 484/566/542 508/612/542 491/611/542 483/569/542
f 486/562/543 494/613/543 507/606/543 485/563/543
f 485/563/544 507/606/544 509/607/544 493/574/544
f 492/541/545 510/542/545 508/612/545 484/566/545
f 515/609/546 523/615/546 525/614/546 517/608/546
f 516/616/547 524/619/547 521/618/547 513/617/547
f 514/620/548 522/621/548 523/615/548 515/609/548
f 491/535/549 513/623/549 514/622/549 494/534/549
f 494/613/550 514/620/550 515/609/550 507/606/550
f 509/607/551 517/608/551 519/624/551 511/610/551
f 510/542/552 518/604/552 516/616/552 508/612/552
f 508/612/553 516/616/553 513/617/553 491/611/553
f 522/625/554 521/628/554 524/627/554 523/626/554
f 523/626/555 524/627/555 526/630/555 525/629/555
f 525/629/556 526/630/556 528/632/556 527/631/556
f 520/605/557 528/634/557 526/633/557 518/604/557
f 519/603/558 527/636/558 528/635/558 520/602/558
f 513/623/559 521/638/559 522/637/559 514/622/559
f 517/608/560 525/614/560 527/639/560 519/624/560
f 518/604/561 526/633/561 524/619/561 516/616/561
f 511/610/562 529/640/562 506/594/562 500/585/562
f 530/641/563 512/543/563 499/540/563 505/599/563
o Hands.001
v -0.212694 0.160344 -0.074120
v -0.330103 -0.015640 -0.088147
v -0.213051 0.159828 0.012483
v -0.358343 -0.019950 -0.009819
v -0.295424 0.160685 -0.074526
v -0.403310 0.003783 -0.078583
v -0.295402 0.159953 0.013001
v -0.397240 0.007004 -0.008772
v -0.468031 -0.146613 -0.021749
v -0.459224 -0.147885 0.033245
v -0.514989 -0.129499 -0.012668
v -0.511748 -0.127536 0.036617
v -0.259778 0.116985 -0.064560
v -0.266509 0.118549 -0.023337
v -0.312403 0.117612 -0.022596
v -0.305672 0.116047 -0.063818
v -0.316651 0.051264 -0.066421
v -0.316651 0.051264 -0.030707
v -0.349482 0.050827 -0.030372
v -0.349482 0.050827 -0.066086
v -0.437649 -0.105412 -0.030879
v -0.449065 -0.106031 -0.001499
v -0.472535 -0.103504 -0.024223
v -0.480691 -0.100831 0.009385
v -0.475773 -0.175300 0.056963
v -0.530617 -0.150478 0.051937
v -0.492513 -0.201414 0.049762
v -0.546792 -0.197026 0.063707
v -0.545742 -0.156278 -0.018478
v -0.478149 -0.176350 -0.018675
v -0.511709 -0.209038 -0.001966
v -0.568915 -0.185563 -0.006408
v -0.211916 0.160646 -0.030819
v -0.344919 -0.018920 -0.045942
v -0.295984 0.161752 -0.031280
v -0.401071 0.006056 -0.043707
v -0.462508 -0.148464 0.006276
v -0.518056 -0.125630 0.009100
v -0.309038 0.116829 -0.043207
v -0.263144 0.117767 -0.043949
v -0.349482 0.050827 -0.048229
v -0.316651 0.051264 -0.048564
v -0.480691 -0.100831 -0.011068
v -0.437978 -0.105959 -0.012454
v -0.561074 -0.140471 0.021907
v -0.480694 -0.175369 0.022397
v -0.502895 -0.214154 0.023943
v -0.577188 -0.187063 0.028898
v -0.254911 0.160596 0.013581
v -0.377550 -0.006526 -0.008443
v -0.254994 0.161550 -0.075094
v -0.368560 -0.006428 -0.081880
v -0.485986 -0.136862 0.036439
v -0.495837 -0.136247 -0.021421
v -0.282725 0.116516 -0.064189
v -0.289456 0.118081 -0.022967
v -0.333066 0.051045 -0.066254
v -0.333066 0.051045 -0.030540
v -0.463115 -0.102057 0.006889
v -0.459170 -0.103121 -0.031200
v -0.506108 -0.160642 0.060284
v -0.523635 -0.210988 0.055177
v -0.516078 -0.163739 -0.022053
v -0.540168 -0.198145 -0.004590
v -0.542528 -0.213742 0.028152
v -0.252313 0.187436 -0.030665
v -0.298749 0.082077 -0.032809
v -0.326275 0.081604 -0.032439
v -0.324077 0.081093 -0.059541
v -0.296551 0.081565 -0.059911
v -0.297650 0.081821 -0.046360
v -0.325176 0.081348 -0.045990
v -0.312512 0.081840 -0.032624
v -0.310314 0.081329 -0.059726
v -0.405228 -0.066654 -0.005467
v -0.440410 -0.050815 0.000606
v -0.385585 -0.064230 -0.058784
v -0.439211 -0.053756 -0.050706
v -0.392999 -0.066113 -0.028730
v -0.442283 -0.051279 -0.026929
v -0.415388 -0.058554 -0.055883
v -0.421801 -0.058058 -0.000508
v 0.212890 0.160344 -0.074120
v 0.330298 -0.015640 -0.088147
v 0.213246 0.159828 0.012483
v 0.358538 -0.019950 -0.009819
v 0.295619 0.160685 -0.074526
v 0.403506 0.003783 -0.078583
v 0.295598 0.159953 0.013001
v 0.397436 0.007004 -0.008772
v 0.468226 -0.146613 -0.021749
v 0.459419 -0.147885 0.033245
v 0.515184 -0.129499 -0.012668
v 0.511944 -0.127536 0.036617
v 0.259974 0.116985 -0.064560
v 0.266704 0.118549 -0.023337
v 0.312598 0.117612 -0.022596
v 0.305868 0.116047 -0.063818
v 0.316846 0.051264 -0.066421
v 0.316846 0.051264 -0.030707
v 0.349677 0.050827 -0.030372
v 0.349677 0.050827 -0.066086
v 0.437845 -0.105412 -0.030879
v 0.449260 -0.106031 -0.001499
v 0.472730 -0.103504 -0.024223
v 0.480886 -0.100831 0.009385
v 0.475969 -0.175300 0.056963
v 0.530812 -0.150478 0.051937
v 0.492709 -0.201414 0.049762
v 0.546987 -0.197026 0.063707
v 0.545937 -0.156278 -0.018478
v 0.478344 -0.176350 -0.018675
v 0.511904 -0.209038 -0.001966
v 0.569111 -0.185563 -0.006408
v 0.212112 0.160646 -0.030819
v 0.345115 -0.018920 -0.045942
v 0.296180 0.161752 -0.031280
v 0.401266 0.006056 -0.043707
v 0.462704 -0.148464 0.006276
v 0.518251 -0.125630 0.009100
v 0.309233 0.116829 -0.043207
v 0.263339 0.117767 -0.043949
v 0.349677 0.050827 -0.048229
v 0.316846 0.051264 -0.048564
v 0.480886 -0.100831 -0.011068
v 0.438173 -0.105959 -0.012454
v 0.561270 -0.140471 0.021907
v 0.480890 -0.175369 0.022397
v 0.503090 -0.214154 0.023943
v 0.577383 -0.187063 0.028898
v 0.255106 0.160596 0.013581
v 0.377746 -0.006526 -0.008443
v 0.255189 0.161550 -0.075094
v 0.368755 -0.006428 -0.081880
v 0.486181 -0.136862 0.036439
v 0.496032 -0.136247 -0.021421
v 0.282921 0.116516 -0.064189
v 0.289651 0.118081 -0.022967
v 0.333262 0.051045 -0.066254
v 0.333262 0.051045 -0.030540
v 0.463311 -0.102057 0.006889
v 0.459365 -0.103121 -0.031200
v 0.506304 -0.160642 0.060284
v 0.523831 -0.210988 0.055177
v 0.516274 -0.163739 -0.022053
v 0.540363 -0.198145 -0.004590
v 0.542724 -0.213742 0.028152
v 0.252509 0.187436 -0.030665
v 0.298944 0.082077 -0.032809
v 0.326471 0.081604 -0.032439
v 0.324273 0.081093 -0.059541
v 0.296746 0.081565 -0.059911
v 0.297845 0.081821 -0.046360
v 0.325372 0.081348 -0.045990
v 0.312707 0.081840 -0.032624
v 0.310509 0.081329 -0.059726
v 0.405424 -0.066654 -0.005467
v 0.440605 -0.050815 0.000606
v 0.385780 -0.064230 -0.058784
v 0.439406 -0.053756 -0.050706
v 0.393194 -0.066113 -0.028730
v 0.442479 -0.051279 -0.026929
v 0.415583 -0.058554 -0.055883
v 0.421996 -0.058058 -0.000508
vn 0.8893 -0.4045 0.2134
vn 0.1093 0.3079 0.9451
vn -0.6566 0.7542 -0.0046
vn -0.0607 0.3089 -0.9492
vn -0.2893 0.9169 -0.2749
vn 0.8112 -0.5722 -0.1202
vn -0.3938 0.2035 -0.8964
vn 0.3986 0.4824 0.7800
vn -0.5505 0.8282 0.1053
vn 0.0064 -0.2307 -0.9730
vn -0.9654 0.2521 -0.0666
vn 0.0089 -0.6508 0.7592
vn 0.6138 -0.7883 0.0428
vn -0.0147 0.2203 -0.9753
vn -0.7714 0.6355 -0.0322
vn 0.0108 0.0597 0.9982
vn 0.8565 -0.5151 0.0342
vn -0.7814 0.6236 0.0245
vn 0.3207 -0.2014 0.9255
vn -0.3269 -0.2300 -0.9166
vn 0.6574 -0.7506 0.0674
vn 0.3208 0.5110 0.7974
vn 0.1205 -0.2102 0.9702
vn -0.4801 0.7854 -0.3908
vn 0.0265 -0.0566 -0.9980
vn 0.8029 -0.5874 -0.1009
vn 0.7697 -0.6288 -0.1109
vn -0.0627 -0.4096 -0.9101
vn -0.8674 0.3639 -0.3393
vn -0.1626 -0.9359 -0.3126
vn 0.1524 -0.9680 0.1994
vn -0.6240 0.3564 0.6954
vn 0.8565 -0.5043 -0.1101
vn 0.8876 -0.4585 -0.0440
vn -0.3414 0.8530 0.3947
vn 0.6528 -0.6211 0.4337
vn -0.8279 0.4632 -0.3163
vn 0.8386 -0.5436 0.0338
vn -0.7899 0.6124 -0.0326
vn 0.6581 -0.7519 0.0394
vn -0.9389 0.3424 -0.0349
vn -0.5966 0.7321 -0.3289
vn 0.9443 -0.2629 0.1978
vn -0.2896 0.9126 0.2886
vn -0.6601 0.7504 0.0344
vn 0.9264 -0.3114 0.2115
vn 0.3073 0.9036 0.2985
vn -0.5116 -0.7996 0.3146
vn -0.5013 -0.8174 -0.2837
vn -0.1408 -0.3285 -0.9339
vn -0.1627 0.2656 -0.9503
vn 0.0328 0.0572 0.9978
vn 0.0984 0.5898 0.8016
vn -0.1113 -0.4262 -0.8978
vn 0.1153 0.0704 0.9908
vn 0.0107 0.0611 0.9981
vn -0.0147 0.2222 -0.9749
vn 0.0139 -0.6619 0.7495
vn -0.0096 -0.2305 -0.9730
vn 0.1885 0.5718 0.7984
vn -0.0520 -0.2019 -0.9780
vn 0.3100 0.9076 -0.2831
vn -0.0125 0.2698 -0.9628
vn 0.1290 0.2352 0.9633
vn -0.0128 -0.1153 -0.9932
vn 0.0197 -0.2684 0.9631
vn -0.9057 0.4033 -0.1306
vn 0.7047 -0.7003 0.1134
vn 0.7210 -0.6834 0.1150
vn 0.0198 -0.2699 0.9627
vn -0.8913 0.4344 -0.1297
vn -0.0128 -0.1165 -0.9931
vn 0.0736 0.0983 0.9924
vn -0.1934 -0.3144 -0.9294
vn -0.8389 0.5414 -0.0558
vn 0.7056 -0.6476 0.2877
vn 0.7092 -0.6844 0.1693
vn -0.2111 -0.2981 -0.9309
vn 0.1596 -0.0246 0.9869
vn -0.7987 0.5988 0.0594
vn -0.8893 -0.4045 0.2134
vn -0.1093 0.3079 0.9451
vn 0.6566 0.7542 -0.0046
vn 0.0607 0.3089 -0.9492
vn 0.2893 0.9169 -0.2749
vn -0.8112 -0.5722 -0.1202
vn 0.3938 0.2035 -0.8964
vn -0.3986 0.4824 0.7800
vn 0.5505 0.8282 0.1053
vn -0.0064 -0.2307 -0.9730
vn 0.9654 0.2521 -0.0666
vn -0.0089 -0.6508 0.7592
vn -0.6138 -0.7883 0.0428
vn 0.0147 0.2203 -0.9753
vn 0.7714 0.6355 -0.0322
vn -0.0108 0.0597 0.9982
vn -0.8565 -0.5151 0.0342
vn 0.7814 0.6236 0.0245
vn -0.3207 -0.2014 0.9255
vn 0.3269 -0.2300 -0.9166
vn -0.6574 -0.7506 0.0674
vn -0.3208 0.5110 0.7974
vn -0.1205 -0.2102 0.9702
vn 0.4801 0.7854 -0.3908
vn -0.0265 -0.0566 -0.9980
vn -0.8030 -0.5874 -0.1009
vn -0.7697 -0.6288 -0.1109
vn 0.0627 -0.4096 -0.9101
vn 0.8674 0.3639 -0.3393
vn 0.1626 -0.9359 -0.3126
vn -0.1524 -0.9680 0.1994
vn 0.6240 0.3564 0.6954
vn -0.8565 -0.5043 -0.1101
vn -0.8876 -0.4585 -0.0440
vn 0.3414 0.8530 0.3947
vn -0.6528 -0.6211 0.4337
vn 0.8279 0.4632 -0.3163
vn -0.8386 -0.5436 0.0338
vn 0.7899 0.6124 -0.0326
vn -0.6581 -0.7519 0.0394
vn 0.9389 0.3424 -0.0349
vn 0.5966 0.7321 -0.3289
vn -0.9443 -0.2629 0.1978
vn 0.2896 0.9126 0.2886
vn 0.6601 0.7504 0.0344
vn -0.9264 -0.3114 0.2115
vn -0.3073 0.9036 0.2985
vn 0.5116 -0.7996 0.3146
vn 0.5013 -0.8174 -0.2837
vn 0.1408 -0.3285 -0.9339
vn 0.1627 0.2656 -0.9503
vn -0.0328 0.0572 0.9978
vn -0.0984 0.5898 0.8016
vn 0.1113 -0.4262 -0.8978
vn -0.1153 0.0704 0.9908
vn -0.0107 0.0611 0.9981
vn 0.0147 0.2222 -0.9749
vn -0.0139 -0.6619 0.7495
vn 0.0096 -0.2305 -0.9730
vn -0.1885 0.5718 0.7984
vn 0.0520 -0.2019 -0.9780
vn -0.3100 0.9076 -0.2831
vn 0.0125 0.2698 -0.9628
vn -0.1290 0.2352 0.9633
vn 0.0128 -0.1153 -0.9932
vn -0.0197 -0.2684 0.9631
vn 0.9057 0.4033 -0.1306
vn -0.7047 -0.7003 0.1134
vn -0.7210 -0.6834 0.1150
vn -0.0198 -0.2699 0.9627
vn 0.8913 0.4344 -0.1297
vn 0.0128 -0.1165 -0.9931
vn -0.0736 0.0983 0.9924
vn 0.1934 -0.3144 -0.9294
vn 0.8389 0.5414 -0.0558
vn -0.7056 -0.6476 0.2877
vn -0.7092 -0.6844 0.1693
vn 0.2111 -0.2981 -0.9309
vn -0.1596 -0.0246 0.9869
vn 0.7987 0.5988 0.0594
vt 0.096715 0.662173
vt 0.083185 0.515867
vt 0.154868 0.490410
vt 0.132235 0.658399
vt 0.672909 0.684082
vt 0.676058 0.531612
vt 0.723975 0.530168
vt 0.699099 0.664685
vt 0.396908 0.668797
vt 0.398177 0.534395
vt 0.467982 0.535043
vt 0.432372 0.672365
vt 0.544318 0.677035
vt 0.557442 0.551135
vt 0.629012 0.586499
vt 0.570001 0.697541
vt 0.878686 0.105380
vt 0.811926 0.083751
vt 0.811926 -0.000000
vt 0.888295 0.005201
vt 0.127019 0.258108
vt 0.090515 0.263269
vt 0.097783 0.159155
vt 0.152983 0.156944
vt 0.538197 0.271210
vt 0.518211 0.251510
vt 0.484210 0.154909
vt 0.521961 0.171407
vt 0.699815 0.275728
vt 0.672263 0.289960
vt 0.639164 0.195386
vt 0.695540 0.180082
vt 0.360048 0.261655
vt 0.319428 0.257569
vt 0.271443 0.172155
vt 0.325224 0.173083
vt 0.530819 0.946434
vt 0.543499 0.838777
vt 0.579185 0.867747
vt 0.599313 0.995995
vt 0.334053 0.906569
vt 0.370004 0.821670
vt 0.411335 0.828599
vt 0.420278 0.914185
vt 0.811926 0.415622
vt 0.911734 0.447428
vt 0.911734 0.486423
vt 0.814102 0.485051
vt 0.160735 0.958731
vt 0.123442 0.831520
vt 0.164679 0.824352
vt 0.246657 0.946910
vt 0.543642 0.749005
vt 0.565105 0.766297
vt 0.384919 0.746261
vt 0.411961 0.749886
vt 0.676627 0.757012
vt 0.698522 0.740643
vt 0.109206 0.733235
vt 0.136239 0.729453
vt 0.379250 0.390045
vt 0.324526 0.387541
vt 0.685796 0.395952
vt 0.648711 0.404157
vt 0.550131 0.403224
vt 0.507042 0.379408
vt 0.105052 0.379175
vt 0.045720 0.397462
vt 0.633446 0.121520
vt 0.699932 0.107704
vt 0.629012 0.064968
vt 0.667792 0.011322
vt 0.301861 0.095026
vt 0.387400 0.096404
vt 0.369725 0.174967
vt 0.523748 0.104494
vt 0.599617 0.130181
vt 0.578687 0.189612
vt 0.177923 0.088803
vt 0.246657 0.087541
vt 0.206758 0.156127
vt 0.170691 0.000000
vt 0.095939 0.098992
vt 0.120611 0.002991
vt 0.529740 0.015099
vt 0.588436 0.032131
vt 0.300564 0.000000
vt 0.370673 0.019415
vt 0.889353 0.256487
vt 0.891201 0.188844
vt 0.938434 0.214373
vt 0.941002 0.274882
vt 0.833322 0.221458
vt 0.832414 0.178860
vt 0.721978 0.002104
vt 0.782230 0.000000
vt 0.811926 0.094947
vt 0.751432 0.099450
vt 0.225409 0.027330
vt 0.246658 0.109808
vt 0.151278 0.358654
vt 0.148882 0.242311
vt 0.427342 0.394554
vt 0.387361 0.269859
vt 0.082173 0.737018
vt 0.061195 0.665947
vt 0.357876 0.742636
vt 0.361443 0.665230
vt 0.074529 0.966464
vt 0.082205 0.838689
vt 0.246657 0.895559
vt 0.328672 0.814741
vt 0.247389 0.945284
vt 0.327671 1.000000
vt 0.328717 0.533544
vt -0.000000 0.547869
vt 0.972749 0.178860
vt 0.892641 0.175374
vt 0.972638 0.096122
vt 0.811926 0.273766
vt 0.876395 0.343078
vt 0.941002 0.337449
vt 0.468585 -0.000000
vt 0.467982 0.078261
vt 0.748218 0.164795
vt 0.603984 0.432116
vt 0.575095 0.293909
vt 0.724472 0.385206
vt 0.729647 0.256080
vt 0.654732 0.773381
vt 0.646720 0.703479
vt 0.522179 0.731713
vt 0.518635 0.656529
vt 0.813893 0.343078
vt 0.911734 0.408434
vt 0.467982 0.895366
vt 0.507813 0.809807
vt 0.969602 0.012497
vt 0.490213 0.523018
vt 0.629012 0.533520
vt 0.646638 0.862896
vt 0.683054 0.835457
vt 0.719471 0.808018
s 0
usemtl Material
f 572/642/564 548/645/564 534/644/564 564/643/564
f 588/646/565 549/649/565 538/648/565 580/647/565
f 571/650/566 550/653/566 536/652/566 566/651/566
f 587/654/567 547/657/567 532/656/567 582/655/567
f 596/658/568 581/661/568 535/660/568 565/659/568
f 574/662/569 567/665/569 539/664/569 551/663/569
f 590/666/570 584/669/570 541/668/570 553/667/570
f 589/670/571 583/673/571 540/672/571 552/671/571
f 573/674/572 568/677/572 542/676/572 554/675/572
f 581/678/573 531/681/573 543/680/573 585/679/573
f 565/682/574 535/685/574 546/684/574 569/683/574
f 579/686/575 537/689/575 545/688/575 586/687/575
f 563/690/576 533/693/576 544/692/576 570/691/576
f 604/694/577 600/695/577 547/657/577 587/654/577
f 602/696/578 599/697/578 550/653/578 571/650/578
f 603/698/579 598/699/579 549/649/579 588/646/579
f 601/700/580 597/701/580 548/645/580 572/642/580
f 610/702/581 573/674/581 554/675/581 606/703/581
f 612/704/582 589/670/582 552/671/582 605/705/582
f 611/706/583 590/666/583 553/667/583 608/707/583
f 609/708/584 574/662/584 551/663/584 607/709/584
f 583/673/585 591/711/585 555/710/585 540/672/585
f 591/711/586 592/713/586 557/712/586 555/710/586
f 568/677/587 541/716/587 559/715/587 575/714/587
f 584/669/588 539/719/588 560/718/588 593/717/588
f 567/665/589 540/722/589 555/721/589 576/720/589
f 577/723/590 561/725/590 560/724/590 576/720/590
f 594/726/591 593/717/591 560/718/591 561/727/591
f 578/728/592 575/714/592 559/715/592 562/729/592
f 595/730/593 594/733/593 561/732/593 577/731/593
f 592/734/594 595/730/594 577/731/594 557/735/594
f 558/736/595 556/739/595 575/738/595 578/737/595
f 557/740/596 577/723/596 576/720/596 555/721/596
f 539/664/597 567/665/597 576/720/597 560/724/597
f 542/676/598 568/677/598 575/714/598 556/741/598
f 605/742/599 552/743/599 574/662/599 609/708/599
f 608/744/600 553/745/600 573/674/600 610/702/600
f 600/746/601 601/700/601 572/642/601 547/747/601
f 598/748/602 602/696/602 571/650/602 549/749/602
f 531/750/603 563/690/603 570/691/603 543/751/603
f 537/752/604 565/682/604 569/683/604 545/753/604
f 553/745/605 541/716/605 568/677/605 573/674/605
f 552/743/606 540/722/606 567/665/606 574/662/606
f 579/754/607 596/755/607 565/682/607 537/752/607
f 549/749/608 571/650/608 566/651/608 538/756/608
f 547/747/609 572/642/609 564/643/609 532/757/609
f 533/758/610 563/760/610 596/658/610 579/759/610
f 558/761/611 578/762/611 595/730/611 592/734/611
f 578/762/612 562/763/612 594/733/612 595/730/612
f 562/764/613 559/765/613 593/717/613 594/726/613
f 541/668/614 584/669/614 593/717/614 559/765/614
f 556/739/615 558/736/615 592/713/615 591/711/615
f 542/766/616 556/739/616 591/711/616 583/673/616
f 607/767/617 551/768/617 590/666/617 611/706/617
f 606/769/618 554/770/618 589/670/618 612/704/618
f 597/771/619 603/698/619 588/646/619 548/772/619
f 599/773/620 604/694/620 587/654/620 550/774/620
f 533/775/621 579/686/621 586/687/621 544/776/621
f 535/777/622 581/678/622 585/679/622 546/778/622
f 554/770/623 542/766/623 583/673/623 589/670/623
f 551/768/624 539/719/624 584/669/624 590/666/624
f 563/760/625 531/779/625 581/661/625 596/658/625
f 550/774/626 587/654/626 582/655/626 536/780/626
f 548/772/627 588/646/627 580/647/627 534/781/627
f 546/778/628 585/679/628 604/694/628 599/773/628
f 544/782/629 586/783/629 603/698/629 597/771/629
f 545/753/630 569/683/630 602/696/630 598/748/630
f 543/751/631 570/691/631 601/700/631 600/746/631
f 570/691/632 544/692/632 597/701/632 601/700/632
f 586/783/633 545/784/633 598/699/633 603/698/633
f 569/683/634 546/684/634 599/697/634 602/696/634
f 585/679/635 543/680/635 600/695/635 604/694/635
f 538/648/636 606/769/636 612/704/636 580/647/636
f 532/656/637 607/767/637 611/706/637 582/655/637
f 536/652/638 608/744/638 610/702/638 566/651/638
f 534/644/639 605/742/639 609/708/639 564/643/639
f 564/643/640 609/708/640 607/709/640 532/757/640
f 582/655/641 611/706/641 608/707/641 536/780/641
f 580/647/642 612/704/642 605/705/642 534/781/642
f 566/651/643 610/702/643 606/703/643 538/756/643
f 654/642/644 646/643/644 616/644/644 630/645/644
f 670/646/645 662/647/645 620/648/645 631/649/645
f 653/650/646 648/651/646 618/652/646 632/653/646
f 669/654/647 664/655/647 614/656/647 629/657/647
f 678/658/648 647/659/648 617/660/648 663/661/648
f 656/662/649 633/663/649 621/664/649 649/665/649
f 672/666/650 635/667/650 623/668/650 666/669/650
f 671/670/651 634/671/651 622/672/651 665/673/651
f 655/674/652 636/675/652 624/676/652 650/677/652
f 663/678/653 667/679/653 625/680/653 613/681/653
f 647/682/654 651/683/654 628/684/654 617/685/654
f 661/686/655 668/687/655 627/688/655 619/689/655
f 645/690/656 652/691/656 626/692/656 615/693/656
f 686/694/657 669/654/657 629/657/657 682/695/657
f 684/696/658 653/650/658 632/653/658 681/697/658
f 685/698/659 670/646/659 631/649/659 680/699/659
f 683/700/660 654/642/660 630/645/660 679/701/660
f 692/702/661 688/703/661 636/675/661 655/674/661
f 694/704/662 687/705/662 634/671/662 671/670/662
f 693/706/663 690/707/663 635/667/663 672/666/663
f 691/708/664 689/709/664 633/663/664 656/662/664
f 665/673/665 622/672/665 637/710/665 673/711/665
f 673/711/666 637/710/666 639/712/666 674/713/666
f 650/677/667 657/714/667 641/715/667 623/716/667
f 666/669/668 675/717/668 642/718/668 621/719/668
f 649/665/669 658/720/669 637/721/669 622/722/669
f 659/723/670 658/720/670 642/724/670 643/725/670
f 676/726/671 643/727/671 642/718/671 675/717/671
f 660/728/672 644/729/672 641/715/672 657/714/672
f 677/730/673 659/731/673 643/732/673 676/733/673
f 674/734/674 639/735/674 659/731/674 677/730/674
f 640/736/675 660/737/675 657/738/675 638/739/675
f 639/740/676 637/721/676 658/720/676 659/723/676
f 621/664/677 642/724/677 658/720/677 649/665/677
f 624/676/678 638/741/678 657/714/678 650/677/678
f 687/742/679 691/708/679 656/662/679 634/743/679
f 690/744/680 692/702/680 655/674/680 635/745/680
f 682/746/681 629/747/681 654/642/681 683/700/681
f 680/748/682 631/749/682 653/650/682 684/696/682
f 613/750/683 625/751/683 652/691/683 645/690/683
f 619/752/684 627/753/684 651/683/684 647/682/684
f 635/745/685 655/674/685 650/677/685 623/716/685
f 634/743/686 656/662/686 649/665/686 622/722/686
f 661/754/687 619/752/687 647/682/687 678/755/687
f 631/749/688 620/756/688 648/651/688 653/650/688
f 629/747/689 614/757/689 646/643/689 654/642/689
f 615/758/690 661/759/690 678/658/690 645/760/690
f 640/761/691 674/734/691 677/730/691 660/762/691
f 660/762/692 677/730/692 676/733/692 644/763/692
f 644/764/693 676/726/693 675/717/693 641/765/693
f 623/668/694 641/765/694 675/717/694 666/669/694
f 638/739/695 673/711/695 674/713/695 640/736/695
f 624/766/696 665/673/696 673/711/696 638/739/696
f 689/767/697 693/706/697 672/666/697 633/768/697
f 688/769/698 694/704/698 671/670/698 636/770/698
f 679/771/699 630/772/699 670/646/699 685/698/699
f 681/773/700 632/774/700 669/654/700 686/694/700
f 615/775/701 626/776/701 668/687/701 661/686/701
f 617/777/702 628/778/702 667/679/702 663/678/702
f 636/770/703 671/670/703 665/673/703 624/766/703
f 633/768/704 672/666/704 666/669/704 621/719/704
f 645/760/705 678/658/705 663/661/705 613/779/705
f 632/774/706 618/780/706 664/655/706 669/654/706
f 630/772/707 616/781/707 662/647/707 670/646/707
f 628/778/708 681/773/708 686/694/708 667/679/708
f 626/782/709 679/771/709 685/698/709 668/783/709
f 627/753/710 680/748/710 684/696/710 651/683/710
f 625/751/711 682/746/711 683/700/711 652/691/711
f 652/691/712 683/700/712 679/701/712 626/692/712
f 668/783/713 685/698/713 680/699/713 627/784/713
f 651/683/714 684/696/714 681/697/714 628/684/714
f 667/679/715 686/694/715 682/695/715 625/680/715
f 620/648/716 662/647/716 694/704/716 688/769/716
f 614/656/717 664/655/717 693/706/717 689/767/717
f 618/652/718 648/651/718 692/702/718 690/744/718
f 616/644/719 646/643/719 691/708/719 687/742/719
f 646/643/720 614/757/720 689/709/720 691/708/720
f 664/655/721 618/780/721 690/707/721 693/706/721
f 662/647/722 616/781/722 687/705/722 694/704/722
f 648/651/723 620/756/723 688/703/723 692/702/723
o Head.001
v 0.000000 0.499235 0.312409
v -0.081666 0.479855 0.311005
v 0.000000 0.356347 0.280148
v -0.080186 0.354055 0.297752
v -0.149031 0.484454 0.226872
v -0.149031 0.397498 0.214944
v -0.173240 0.474370 0.146739
v -0.173240 0.449031 0.143263
v -0.214119 0.457473 0.227925
v -0.238328 0.472902 0.147792
v 0.000000 0.543659 0.317220
v -0.091159 0.550964 0.310453
v 0.000000 0.645854 0.309565
v -0.045694 0.631046 0.299936
v 0.000000 0.704252 0.295313
v -0.043901 0.703256 0.289284
v 0.000000 0.784412 0.280976
v -0.069718 0.784412 0.280976
v 0.000000 0.871248 0.240207
v -0.076036 0.867518 0.229868
v 0.000000 0.940653 0.170370
v -0.087871 0.934721 0.160946
v 0.000000 0.977422 0.096034
v -0.093147 0.979589 0.078795
v 0.000000 1.003818 0.002526
v -0.100634 0.996631 0.002256
v 0.000000 0.996163 -0.098835
v -0.096672 0.996074 -0.099488
v 0.000000 0.966611 -0.177060
v -0.097955 0.966897 -0.176372
v 0.000000 0.917548 -0.243685
v -0.096999 0.919188 -0.241463
v 0.000000 0.858752 -0.295172
v -0.093022 0.861570 -0.292228
v 0.000000 0.801583 -0.322441
v -0.087561 0.806272 -0.317928
v 0.000000 0.730928 -0.334171
v -0.078086 0.733394 -0.332028
v 0.000000 0.623526 -0.313038
v -0.074697 0.620096 -0.307940
v 0.000000 0.519853 -0.273223
v -0.087834 0.521965 -0.271297
v 0.000000 0.471010 -0.222649
v -0.095482 0.471009 -0.218847
v 0.000000 0.444198 -0.129501
v -0.094174 0.444651 -0.125665
v 0.000000 0.435456 -0.040122
v -0.128982 0.435456 -0.040122
v 0.000000 0.475090 0.019257
v -0.128499 0.475090 0.019257
v 0.000000 0.488541 0.095665
v -0.152153 0.488541 0.095665
v 0.000000 0.481756 0.161940
v -0.134484 0.481756 0.161940
v 0.000000 0.367359 0.244443
v -0.081666 0.367359 0.244443
v 0.000000 0.397115 0.227427
v -0.080161 0.396588 0.226481
v 0.000000 0.418961 0.211720
v -0.090583 0.420796 0.207595
v 0.000000 0.454202 0.177564
v -0.107519 0.449329 0.180183
v -0.168510 0.858196 0.189091
v -0.171966 0.910768 0.133092
v -0.182713 0.948277 0.053292
v -0.191501 0.958994 -0.019273
v -0.191497 0.946449 -0.100150
v -0.205500 0.920231 -0.163608
v -0.205285 0.878697 -0.220011
v -0.203626 0.839636 -0.257611
v -0.195587 0.780525 -0.286683
v -0.181291 0.714963 -0.298303
v -0.183482 0.630807 -0.275912
v -0.177366 0.552122 -0.242662
v -0.184639 0.509755 -0.196742
v -0.183921 0.483128 -0.125477
v -0.186744 0.472187 -0.048593
v -0.195760 0.484704 0.010676
v -0.193473 0.494844 0.083001
v -0.110281 0.388318 0.261324
v -0.131012 0.492502 0.291135
v -0.137472 0.489383 0.249397
v -0.136066 0.391698 0.230462
v 0.000000 0.429592 0.201417
v -0.094875 0.428028 0.200648
v -0.257152 0.491131 0.085675
v -0.251339 0.487647 0.002349
v -0.236634 0.488106 -0.053384
v -0.230843 0.505366 -0.128203
v -0.230735 0.530492 -0.189546
v -0.227949 0.569602 -0.222107
v -0.231317 0.639586 -0.255079
v -0.229368 0.708672 -0.268715
v -0.240711 0.759172 -0.263855
v -0.224274 0.826006 0.184809
v -0.226722 0.863305 0.133899
v -0.233879 0.904205 0.059642
v -0.241157 0.916537 -0.013916
v -0.240922 0.908037 -0.086099
v -0.251445 0.884704 -0.144063
v -0.247622 0.850491 -0.196371
v -0.245201 0.822089 -0.229350
v -0.062910 0.626464 0.287709
v -0.064304 0.697830 0.284783
v -0.067799 0.626559 0.272747
v -0.072939 0.692722 0.262583
v -0.086023 0.742901 0.277828
v -0.099727 0.737200 0.251059
v -0.125228 0.777775 0.273956
v -0.134431 0.749666 0.245261
v -0.179175 0.786999 0.250806
v -0.182302 0.751811 0.238596
v -0.223666 0.743173 0.246300
v -0.206068 0.728991 0.239166
v -0.247612 0.701739 0.235457
v -0.230013 0.687556 0.228324
v -0.266769 0.644448 0.218418
v -0.244653 0.640889 0.222232
v -0.228282 0.607497 0.231774
v -0.204934 0.577110 0.243597
v -0.168956 0.559339 0.242889
v -0.121622 0.558740 0.241516
v -0.082118 0.571626 0.247600
v -0.245592 0.605203 0.246350
v -0.218567 0.574839 0.261417
v -0.171984 0.549352 0.267338
v -0.117269 0.543922 0.272068
v -0.079612 0.571180 0.275698
v -0.114737 0.532330 0.306332
v -0.120175 0.809753 0.263379
v -0.180166 0.807940 0.240613
v -0.234567 0.772444 0.234263
v -0.183962 0.531084 0.306237
v -0.249083 0.556476 0.290210
v -0.271578 0.584303 0.251235
v -0.291108 0.638962 0.211216
v -0.266458 0.711898 0.227803
v -0.295186 0.746455 0.178281
v -0.312423 0.618188 0.163537
v -0.304748 0.553482 0.232332
v -0.267536 0.523249 0.275746
v -0.185410 0.487917 0.307894
v -0.271035 0.467257 0.230251
v -0.300314 0.495117 0.197661
v -0.316377 0.541440 0.123423
v -0.310079 0.525092 -0.005997
v -0.292603 0.530510 -0.061844
v -0.288606 0.534875 -0.121930
v -0.275920 0.562311 -0.171865
v -0.274954 0.596421 -0.204410
v -0.274703 0.647540 -0.233421
v -0.274138 0.700420 -0.242101
v -0.286277 0.817643 -0.175418
v -0.297184 0.833270 -0.016409
v -0.290575 0.833808 -0.079295
v -0.274858 0.751440 -0.234894
v -0.279897 0.797159 -0.207947
v -0.292811 0.832056 -0.129375
v -0.294547 0.804710 0.056277
v -0.297321 0.765710 0.122469
v -0.328722 0.648345 0.107933
v -0.331292 0.583926 0.085229
v -0.328248 0.581398 -0.018307
v -0.329825 0.677296 -0.070508
v -0.338313 0.659509 -0.021930
v -0.341455 0.634215 0.035823
v -0.331474 0.706136 0.043199
v -0.081666 0.367359 0.268446
v 0.000000 0.367359 0.268446
v -0.135192 0.964890 0.066823
v -0.127347 0.923477 0.147871
v -0.165148 0.944839 -0.170745
v -0.149405 0.972826 -0.099452
v -0.154281 0.791698 -0.305655
v -0.156139 0.851444 -0.274892
v -0.143290 0.978963 -0.007850
v -0.164912 0.899310 -0.232572
v -0.117336 0.865897 0.210626
v -0.142529 0.723433 -0.317334
v -0.145114 0.622822 -0.296200
v -0.149312 0.536577 -0.260103
v -0.152341 0.488124 -0.211732
v -0.144976 0.458050 -0.127725
v -0.148482 0.448085 -0.041992
v -0.152469 0.477920 0.016809
v -0.171550 0.491500 0.089720
v -0.152677 0.478289 0.154804
v -0.138370 0.449189 0.162852
v -0.094300 0.388877 0.242837
v -0.111934 0.407136 0.218330
v -0.120297 0.413696 0.207359
v -0.324304 0.743935 -0.018007
v -0.327245 0.764022 -0.073012
v -0.317233 0.772997 -0.117308
v -0.323037 0.582521 -0.068155
v -0.322027 0.688536 -0.112151
v -0.315557 0.588911 -0.113068
v -0.307177 0.778916 -0.158543
v -0.296531 0.769500 -0.188378
v -0.291961 0.740559 -0.211255
v -0.295268 0.700012 -0.210575
v -0.291450 0.661135 -0.210523
v -0.301640 0.626168 -0.182379
v -0.307660 0.607181 -0.152922
v -0.332302 0.580526 0.025947
v -0.314626 0.532614 0.056138
v -0.317495 0.700706 -0.153067
v -0.308081 0.701655 -0.182025
v 0.000000 0.397763 0.282740
v -0.084558 0.404863 0.288731
v -0.149031 0.409140 0.216541
v -0.173240 0.452423 0.143728
v 0.000000 0.457891 0.175473
v -0.111129 0.453670 0.177741
v -0.109141 0.405507 0.264615
v -0.135207 0.403939 0.233222
v -0.140286 0.453085 0.161774
v 0.000000 0.437347 0.285544
v -0.102963 0.466993 0.282443
v -0.130554 0.470253 0.248173
v -0.085090 0.443552 0.301100
v -0.149031 0.472207 0.225192
v -0.173240 0.463228 0.145210
v 0.000000 0.469640 0.168811
v -0.122626 0.467497 0.169962
v -0.146386 0.465493 0.158343
v -0.037512 0.508135 0.294701
v -0.037150 0.354243 0.290391
v -0.036402 0.545604 0.299017
v -0.027974 0.617956 0.299155
v -0.022796 0.707382 0.296264
v -0.036233 0.784412 0.280976
v -0.039516 0.867518 0.229868
v -0.045667 0.932355 0.168444
v -0.048409 0.978548 0.087075
v -0.052300 0.996631 0.002256
v -0.050241 0.996117 -0.099175
v -0.050908 0.966760 -0.176702
v -0.050411 0.918401 -0.242530
v -0.048344 0.860217 -0.293642
v -0.045506 0.804020 -0.320096
v -0.040582 0.732210 -0.333057
v -0.038820 0.621744 -0.310388
v -0.045648 0.520950 -0.272222
v -0.049623 0.471009 -0.220673
v -0.048943 0.444434 -0.127507
v -0.067033 0.435456 -0.040122
v -0.066782 0.475090 0.019257
v -0.079075 0.488541 0.095665
v -0.069892 0.481756 0.161940
v -0.042442 0.367359 0.244443
v -0.041660 0.396841 0.226935
v -0.047076 0.419915 0.209577
v -0.055878 0.451670 0.178925
v -0.049307 0.428779 0.201017
v -0.042442 0.367359 0.268446
v -0.057754 0.455698 0.176651
v -0.041123 0.398078 0.292421
v -0.063730 0.468526 0.169409
v -0.041586 0.440587 0.291907
v -0.010588 0.546547 0.315854
v -0.011697 0.508135 0.311628
v -0.010588 0.620224 0.308776
v -0.049905 0.494302 0.308975
v -0.030242 0.642962 0.303623
v -0.057373 0.545765 0.314900
v 0.081666 0.479855 0.311005
v 0.080186 0.354055 0.297752
v 0.149031 0.484454 0.226872
v 0.149031 0.397498 0.214944
v 0.173240 0.474370 0.146739
v 0.173240 0.449031 0.143263
v 0.214119 0.457473 0.227925
v 0.238328 0.472902 0.147792
v 0.091159 0.550964 0.310453
v 0.045694 0.631046 0.299936
v 0.043901 0.703256 0.289284
v 0.069718 0.784412 0.280976
v 0.076036 0.867518 0.229868
v 0.087871 0.934721 0.160946
v 0.093147 0.979589 0.078795
v 0.100634 0.996631 0.002256
v 0.096672 0.996074 -0.099488
v 0.097955 0.966897 -0.176372
v 0.096999 0.919188 -0.241463
v 0.093022 0.861570 -0.292228
v 0.087561 0.806272 -0.317928
v 0.078086 0.733394 -0.332028
v 0.074697 0.620096 -0.307940
v 0.087834 0.521965 -0.271297
v 0.095482 0.471009 -0.218847
v 0.094174 0.444651 -0.125665
v 0.128982 0.435456 -0.040122
v 0.128499 0.475090 0.019257
v 0.152153 0.488541 0.095665
v 0.134484 0.481756 0.161940
v 0.081666 0.367359 0.244443
v 0.080161 0.396588 0.226481
v 0.090583 0.420796 0.207595
v 0.107519 0.449329 0.180183
v 0.168510 0.858196 0.189091
v 0.171966 0.910768 0.133092
v 0.182713 0.948277 0.053292
v 0.191501 0.958994 -0.019273
v 0.191497 0.946449 -0.100150
v 0.205500 0.920231 -0.163608
v 0.205285 0.878697 -0.220011
v 0.203626 0.839636 -0.257611
v 0.195587 0.780525 -0.286683
v 0.181291 0.714963 -0.298303
v 0.183482 0.630807 -0.275912
v 0.177366 0.552122 -0.242662
v 0.184639 0.509755 -0.196742
v 0.183921 0.483128 -0.125477
v 0.186744 0.472187 -0.048593
v 0.195760 0.484704 0.010676
v 0.193473 0.494844 0.083001
v 0.110281 0.388318 0.261324
v 0.131012 0.492502 0.291135
v 0.137472 0.489383 0.249397
v 0.136066 0.391698 0.230462
v 0.094875 0.428028 0.200648
v 0.257152 0.491131 0.085675
v 0.251339 0.487647 0.002349
v 0.236634 0.488106 -0.053384
v 0.230843 0.505366 -0.128203
v 0.230735 0.530492 -0.189546
v 0.227949 0.569602 -0.222107
v 0.231317 0.639586 -0.255079
v 0.229368 0.708672 -0.268715
v 0.240711 0.759172 -0.263855
v 0.224274 0.826006 0.184809
v 0.226722 0.863305 0.133899
v 0.233879 0.904205 0.059642
v 0.241157 0.916537 -0.013916
v 0.240922 0.908037 -0.086099
v 0.251445 0.884704 -0.144063
v 0.247622 0.850491 -0.196371
v 0.245201 0.822089 -0.229350
v 0.062910 0.626464 0.287709
v 0.064304 0.697830 0.284783
v 0.067799 0.626559 0.272747
v 0.072939 0.692722 0.262583
v 0.086023 0.742901 0.277828
v 0.099727 0.737200 0.251059
v 0.125228 0.777775 0.273956
v 0.134431 0.749666 0.245261
v 0.179175 0.786999 0.250806
v 0.182302 0.751811 0.238596
v 0.223666 0.743173 0.246300
v 0.206068 0.728991 0.239166
v 0.247612 0.701739 0.235457
v 0.230013 0.687556 0.228324
v 0.266769 0.644448 0.218418
v 0.244653 0.640889 0.222232
v 0.228282 0.607497 0.231774
v 0.204934 0.577110 0.243597
v 0.168956 0.559339 0.242889
v 0.121622 0.558740 0.241516
v 0.082118 0.571626 0.247600
v 0.245592 0.605203 0.246350
v 0.218567 0.574839 0.261417
v 0.171984 0.549352 0.267338
v 0.117269 0.543922 0.272068
v 0.079612 0.571180 0.275698
v 0.114737 0.532330 0.306332
v 0.120175 0.809753 0.263379
v 0.180166 0.807940 0.240613
v 0.234567 0.772444 0.234263
v 0.183962 0.531084 0.306237
v 0.249083 0.556476 0.290210
v 0.271578 0.584303 0.251235
v 0.291108 0.638962 0.211216
v 0.266458 0.711898 0.227803
v 0.295186 0.746455 0.178281
v 0.312423 0.618188 0.163537
v 0.304748 0.553482 0.232332
v 0.267536 0.523249 0.275746
v 0.185410 0.487917 0.307894
v 0.271035 0.467257 0.230251
v 0.300314 0.495117 0.197661
v 0.316377 0.541440 0.123423
v 0.310079 0.525092 -0.005997
v 0.292603 0.530510 -0.061844
v 0.288606 0.534875 -0.121930
v 0.275920 0.562311 -0.171865
v 0.274954 0.596421 -0.204410
v 0.274703 0.647540 -0.233421
v 0.274138 0.700420 -0.242101
v 0.286277 0.817643 -0.175418
v 0.297184 0.833270 -0.016409
v 0.290575 0.833808 -0.079295
v 0.274858 0.751440 -0.234894
v 0.279897 0.797159 -0.207947
v 0.292811 0.832056 -0.129375
v 0.294547 0.804710 0.056277
v 0.297321 0.765710 0.122469
v 0.328722 0.648345 0.107933
v 0.331292 0.583926 0.085229
v 0.328248 0.581398 -0.018307
v 0.329825 0.677296 -0.070508
v 0.338313 0.659509 -0.021930
v 0.341455 0.634215 0.035823
v 0.331474 0.706136 0.043199
v 0.081666 0.367359 0.268446
v 0.135192 0.964890 0.066823
v 0.127347 0.923477 0.147871
v 0.165148 0.944839 -0.170745
v 0.149405 0.972826 -0.099452
v 0.154281 0.791698 -0.305655
v 0.156139 0.851444 -0.274892
v 0.143290 0.978963 -0.007850
v 0.164912 0.899310 -0.232572
v 0.117336 0.865897 0.210626
v 0.142529 0.723433 -0.317334
v 0.145114 0.622822 -0.296200
v 0.149312 0.536577 -0.260103
v 0.152341 0.488124 -0.211732
v 0.144976 0.458050 -0.127725
v 0.148482 0.448085 -0.041992
v 0.152469 0.477920 0.016809
v 0.171550 0.491500 0.089720
v 0.152677 0.478289 0.154804
v 0.138370 0.449189 0.162852
v 0.094300 0.388877 0.242837
v 0.111934 0.407136 0.218330
v 0.120297 0.413696 0.207359
v 0.324304 0.743935 -0.018007
v 0.327245 0.764022 -0.073012
v 0.317233 0.772997 -0.117308
v 0.323037 0.582521 -0.068155
v 0.322027 0.688536 -0.112151
v 0.315557 0.588911 -0.113068
v 0.307177 0.778916 -0.158543
v 0.296531 0.769500 -0.188378
v 0.291961 0.740559 -0.211255
v 0.295268 0.700012 -0.210575
v 0.291450 0.661135 -0.210523
v 0.301640 0.626168 -0.182379
v 0.307660 0.607181 -0.152922
v 0.332302 0.580526 0.025947
v 0.314626 0.532614 0.056138
v 0.317495 0.700706 -0.153067
v 0.308081 0.701655 -0.182025
v 0.084558 0.404863 0.288731
v 0.149031 0.409140 0.216541
v 0.173240 0.452423 0.143728
v 0.111129 0.453670 0.177741
v 0.109141 0.405507 0.264615
v 0.135207 0.403939 0.233222
v 0.140286 0.453085 0.161774
v 0.102963 0.466993 0.282443
v 0.130554 0.470253 0.248173
v 0.085090 0.443552 0.301100
v 0.149031 0.472207 0.225192
v 0.173240 0.463228 0.145210
v 0.122626 0.467497 0.169962
v 0.146386 0.465493 0.158343
v 0.037512 0.508135 0.294701
v 0.037150 0.354243 0.290391
v 0.036402 0.545604 0.299017
v 0.027974 0.617956 0.299155
v 0.022796 0.707382 0.296264
v 0.036233 0.784412 0.280976
v 0.039516 0.867518 0.229868
v 0.045667 0.932355 0.168444
v 0.048409 0.978548 0.087075
v 0.052300 0.996631 0.002256
v 0.050241 0.996117 -0.099175
v 0.050908 0.966760 -0.176702
v 0.050411 0.918401 -0.242530
v 0.048344 0.860217 -0.293642
v 0.045506 0.804020 -0.320096
v 0.040582 0.732210 -0.333057
v 0.038820 0.621744 -0.310388
v 0.045648 0.520950 -0.272222
v 0.049623 0.471009 -0.220673
v 0.048943 0.444434 -0.127507
v 0.067033 0.435456 -0.040122
v 0.066782 0.475090 0.019257
v 0.079075 0.488541 0.095665
v 0.069892 0.481756 0.161940
v 0.042442 0.367359 0.244443
v 0.041660 0.396841 0.226935
v 0.047076 0.419915 0.209577
v 0.055878 0.451670 0.178925
v 0.049307 0.428779 0.201017
v 0.042442 0.367359 0.268446
v 0.057754 0.455698 0.176651
v 0.041123 0.398078 0.292421
v 0.063730 0.468526 0.169409
v 0.041586 0.440587 0.291907
v 0.010588 0.546547 0.315854
v 0.011697 0.508135 0.311628
v 0.010588 0.620224 0.308776
v 0.049905 0.494302 0.308975
v 0.030242 0.642962 0.303623
v 0.057373 0.545765 0.314900
vn 0.0365 -0.3527 0.9350
vn -0.6127 -0.4413 0.6556
vn -0.9551 -0.0403 0.2936
vn 0.2110 -0.9727 -0.0962
vn -0.5447 -0.0781 0.8350
vn -0.5248 0.0706 0.8483
vn -0.0914 0.1779 0.9798
vn 0.0258 0.1873 0.9820
vn -0.1421 0.4686 0.8719
vn -0.1977 0.6807 0.7054
vn -0.1209 0.8752 0.4684
vn -0.0804 0.9667 0.2429
vn -0.0701 0.9967 -0.0409
vn 0.0009 0.9353 -0.3538
vn -0.0009 0.8056 -0.5925
vn -0.0050 0.6593 -0.7518
vn -0.0195 0.4278 -0.9037
vn -0.0323 0.1696 -0.9850
vn -0.0452 -0.1973 -0.9793
vn -0.5518 -0.3287 -0.7665
vn -0.0300 -0.7179 -0.6955
vn -0.0134 -0.9612 -0.2754
vn -0.0037 -0.9950 -0.1001
vn -0.0000 -0.8317 0.5552
vn -0.0000 -0.9849 0.1734
vn -0.0000 -0.9948 -0.1018
vn -0.0000 -1.0000 -0.0000
vn 0.0067 -0.5173 -0.8558
vn 0.0190 -0.6043 -0.7966
vn 0.0181 -0.6899 -0.7237
vn 0.0009 -0.4905 -0.8715
vn -0.3924 0.8070 0.4413
vn -0.5258 0.8230 -0.2150
vn -0.4320 0.3766 -0.8195
vn -0.3943 0.8978 0.1964
vn -0.5117 0.6909 -0.5107
vn -0.3860 0.6541 0.6505
vn -0.4465 0.8911 -0.0807
vn -0.4454 0.5764 -0.6851
vn -0.4417 0.0698 -0.8945
vn -0.4445 -0.1945 -0.8744
vn -0.4433 -0.3882 -0.8080
vn -0.6305 -0.5235 -0.5731
vn -0.2739 -0.9202 -0.2797
vn -0.3329 -0.9260 -0.1781
vn -0.3778 -0.8840 0.2755
vn -0.1786 -0.9741 0.1385
vn -0.7110 -0.6275 0.3174
vn 0.4173 -0.1057 -0.9026
vn -0.7888 -0.4908 -0.3701
vn 0.0574 -0.9138 -0.4022
vn -0.8056 -0.2282 0.5467
vn 0.1764 -0.7159 -0.6756
vn 0.0153 -0.6901 -0.7235
vn 0.2986 -0.6442 -0.7042
vn 0.1113 -0.9527 -0.2829
vn 0.0296 -0.9528 -0.3022
vn 0.0023 -0.9962 0.0873
vn -0.1835 -0.9809 0.0650
vn -0.3471 -0.9183 -0.1904
vn -0.4089 -0.8508 -0.3301
vn -0.4305 -0.5980 -0.6760
vn -0.4917 -0.4067 -0.7699
vn -0.4606 -0.1913 -0.8667
vn -0.4934 0.0145 -0.8697
vn -0.6411 0.7602 -0.1055
vn -0.5760 0.6995 0.4230
vn -0.6357 0.5394 -0.5523
vn -0.6411 0.7472 -0.1754
vn -0.6270 0.7560 0.1882
vn -0.4895 0.6540 0.5768
vn -0.6570 0.6069 -0.4473
vn -0.5844 0.3270 -0.7427
vn -0.4239 0.0865 0.9016
vn -0.9391 -0.0119 0.3434
vn -0.8202 -0.3511 0.4517
vn -0.4881 -0.6410 0.5923
vn -0.2956 -0.4772 0.8276
vn 0.2341 -0.2944 0.9266
vn 0.1247 -0.3180 0.9399
vn -0.0135 -0.2130 0.9770
vn 0.2378 0.5396 0.8076
vn 0.4945 0.6602 0.5653
vn 0.4058 0.8225 0.3985
vn 0.0403 0.9112 0.4100
vn -0.4708 0.8388 0.2733
vn -0.9622 0.2142 0.1679
vn -0.8831 0.4029 0.2406
vn -0.5992 0.7540 0.2692
vn -0.3028 -0.1065 0.9471
vn -0.2379 0.0278 0.9709
vn -0.1407 0.1400 0.9801
vn -0.3271 0.3669 0.8709
vn -0.3460 0.3101 0.8855
vn -0.4653 0.6657 0.5833
vn -0.2880 0.4763 0.8308
vn -0.0230 0.6697 0.7422
vn 0.2428 0.7812 0.5751
vn 0.0164 0.9250 0.3796
vn -0.3350 -0.1283 0.9334
vn -0.4548 0.0989 0.8851
vn 0.1399 -0.1885 0.9721
vn 0.3320 -0.9242 0.1886
vn -0.3361 -0.0699 0.9392
vn -0.3609 -0.7221 0.5901
vn -0.7085 0.2220 0.6699
vn -0.8356 0.2537 0.4872
vn -0.8773 0.1099 0.4672
vn -0.7002 0.4635 0.5431
vn -0.8210 -0.3322 0.4643
vn -0.3340 -0.9220 -0.1956
vn -0.9914 -0.0662 0.1132
vn -0.6082 -0.7663 -0.2071
vn -0.5666 -0.8237 0.0220
vn -0.8150 0.5782 -0.0380
vn -0.5793 0.0280 -0.8146
vn -0.6542 0.3281 -0.6815
vn -0.7519 0.5561 -0.3541
vn -0.8290 0.5542 -0.0747
vn -0.6964 0.5271 -0.4870
vn -0.8284 0.5224 0.2022
vn -0.8007 0.5096 0.3149
vn -0.4745 -0.1490 -0.8675
vn -0.2045 -0.3425 -0.9170
vn -0.5752 -0.5269 -0.6257
vn -0.5353 -0.7383 -0.4103
vn -0.5241 -0.8341 -0.1717
vn -0.5401 -0.8178 -0.1988
vn -0.7529 0.5676 0.3331
vn -0.9619 -0.0729 0.2637
vn -0.9372 -0.3445 -0.0542
vn -0.9884 0.1520 -0.0051
vn -0.3195 0.6851 0.6546
vn -0.9851 0.0547 0.1632
vn -0.9848 -0.1386 -0.1050
vn -0.9952 0.0966 -0.0180
vn 0.0723 -0.9828 -0.1697
vn 0.3025 -0.7068 -0.6395
vn 0.2550 -0.7812 -0.5698
vn -0.0713 -0.7355 -0.6737
vn -0.4848 -0.7896 -0.3761
vn 0.4047 0.0296 -0.9140
vn -0.1563 -0.9788 0.1325
vn -0.3369 -0.8160 0.4697
vn -0.5276 -0.8397 -0.1285
vn -0.5726 -0.7793 -0.2548
vn -0.2853 -0.6672 -0.6881
vn -0.8066 -0.2559 -0.5328
vn -0.1777 -0.2042 -0.9627
vn -0.2248 0.1422 -0.9640
vn -0.2877 0.6139 -0.7351
vn -0.3916 0.9197 -0.0275
vn -0.3706 0.6427 0.6705
vn -0.2992 0.7676 -0.5667
vn -0.3983 0.8895 0.2241
vn -0.2762 0.4092 -0.8696
vn -0.3494 0.8870 -0.3020
vn -0.3939 0.7991 0.4542
vn -0.0386 -0.8903 -0.4538
vn -0.1664 0.5869 0.7924
vn -0.9594 0.1625 0.2308
vn -0.9411 0.2721 0.2010
vn -0.9423 0.3116 0.1225
vn -0.9272 0.3728 0.0364
vn -0.9051 0.4231 -0.0422
vn -0.9825 -0.1012 -0.1562
vn -0.8767 -0.4303 -0.2148
vn -0.9802 0.0335 -0.1953
vn -0.8719 -0.4683 -0.1433
vn -0.9800 -0.0682 -0.1869
vn -0.9095 0.3600 -0.2079
vn -0.8263 0.0632 -0.5597
vn -0.8792 0.2892 -0.3787
vn -0.8526 0.2097 -0.4787
vn -0.8272 -0.0822 -0.5558
vn -0.8100 -0.3973 -0.4315
vn -0.8362 -0.3869 -0.3887
vn -0.9843 0.0812 -0.1569
vn -0.7799 -0.6228 0.0614
vn -0.9679 -0.2494 0.0308
vn -0.9799 -0.0820 -0.1817
vn -0.9546 -0.0916 -0.2835
vn -0.9353 0.1129 -0.3354
vn -0.9224 0.1022 -0.3726
vn -0.0377 -0.3484 -0.9366
vn -0.9063 -0.0802 -0.4149
vn 0.1017 -0.9931 0.0585
vn 0.4840 0.0538 -0.8734
vn -0.7800 -0.0850 0.6199
vn 0.4851 -0.0477 -0.8732
vn -0.7671 -0.0788 0.6366
vn 0.0006 -0.4906 -0.8714
vn -0.7356 0.0221 0.6771
vn 0.2474 -0.0410 0.9681
vn 0.0002 -0.4908 -0.8712
vn 0.4600 0.0464 -0.8867
vn 0.4638 -0.0664 -0.8834
vn -0.7720 -0.0957 0.6284
vn -0.7433 -0.1543 0.6509
vn 0.1893 -0.0263 0.9816
vn 0.0464 -0.1437 0.9885
vn 0.0002 -0.4924 -0.8704
vn 0.0482 0.0778 0.9958
vn 0.0007 -0.4923 -0.8704
vn -0.0375 -0.3550 -0.9341
vn -0.0526 -0.8154 -0.5764
vn 0.0155 -0.6940 -0.7198
vn 0.0010 -0.4922 -0.8705
vn 0.0180 -0.6942 -0.7196
vn 0.0194 -0.5912 -0.8063
vn 0.0067 -0.5036 -0.8639
vn -0.0038 -0.9944 -0.1057
vn -0.0133 -0.9619 -0.2731
vn -0.0300 -0.7157 -0.6977
vn -0.0450 -0.2053 -0.9777
vn -0.0317 0.1807 -0.9830
vn -0.0199 0.4224 -0.9062
vn -0.0049 0.6604 -0.7509
vn -0.0009 0.8062 -0.5916
vn 0.0009 0.9351 -0.3545
vn -0.0004 1.0000 -0.0053
vn -0.0080 0.9770 0.2132
vn -0.0544 0.8712 0.4878
vn -0.0470 0.6985 0.7141
vn -0.0000 0.5238 0.8518
vn -0.1345 0.1135 0.9844
vn -0.3354 0.1454 0.9308
vn -0.1856 0.1944 0.9632
vn -0.0300 -0.0479 0.9984
vn 0.1825 -0.2731 0.9445
vn -0.1504 -0.1052 0.9830
vn -0.1877 0.0820 0.9788
vn -0.2512 0.5398 0.8035
vn -0.3055 -0.0485 0.9510
vn 0.6091 -0.0759 0.7894
vn 0.6782 -0.0360 0.7340
vn -0.0365 -0.3527 0.9350
vn 0.6127 -0.4413 0.6556
vn 0.9551 -0.0403 0.2936
vn -0.2110 -0.9727 -0.0962
vn 0.5447 -0.0781 0.8350
vn 0.5248 0.0706 0.8483
vn 0.0914 0.1779 0.9798
vn -0.0258 0.1873 0.9820
vn 0.1421 0.4686 0.8719
vn 0.1977 0.6807 0.7054
vn 0.1209 0.8752 0.4684
vn 0.0804 0.9667 0.2429
vn 0.0701 0.9967 -0.0409
vn -0.0009 0.9353 -0.3538
vn 0.0009 0.8056 -0.5925
vn 0.0050 0.6593 -0.7518
vn 0.0195 0.4278 -0.9037
vn 0.0323 0.1696 -0.9850
vn 0.0452 -0.1973 -0.9793
vn 0.5518 -0.3287 -0.7665
vn 0.0300 -0.7179 -0.6955
vn 0.0134 -0.9612 -0.2754
vn 0.0037 -0.9950 -0.1001
vn -0.0067 -0.5173 -0.8558
vn -0.0190 -0.6043 -0.7966
vn -0.0181 -0.6899 -0.7237
vn -0.0009 -0.4905 -0.8715
vn 0.3924 0.8070 0.4413
vn 0.5258 0.8230 -0.2150
vn 0.4320 0.3766 -0.8195
vn 0.3943 0.8978 0.1964
vn 0.5117 0.6909 -0.5107
vn 0.3860 0.6541 0.6505
vn 0.4465 0.8911 -0.0807
vn 0.4454 0.5764 -0.6851
vn 0.4417 0.0698 -0.8945
vn 0.4445 -0.1945 -0.8744
vn 0.4433 -0.3882 -0.8080
vn 0.6305 -0.5235 -0.5731
vn 0.2739 -0.9202 -0.2797
vn 0.3329 -0.9260 -0.1781
vn 0.3778 -0.8840 0.2755
vn 0.1786 -0.9741 0.1385
vn 0.7110 -0.6275 0.3174
vn -0.4173 -0.1057 -0.9026
vn 0.7888 -0.4908 -0.3701
vn -0.0574 -0.9138 -0.4022
vn 0.8056 -0.2282 0.5467
vn -0.1764 -0.7159 -0.6756
vn -0.0153 -0.6901 -0.7235
vn -0.2986 -0.6442 -0.7042
vn -0.1113 -0.9527 -0.2829
vn -0.0296 -0.9528 -0.3022
vn -0.0023 -0.9962 0.0873
vn 0.1835 -0.9809 0.0650
vn 0.3471 -0.9183 -0.1904
vn 0.4089 -0.8508 -0.3301
vn 0.4305 -0.5980 -0.6760
vn 0.4917 -0.4067 -0.7699
vn 0.4606 -0.1913 -0.8667
vn 0.4934 0.0145 -0.8697
vn 0.6411 0.7602 -0.1055
vn 0.5760 0.6995 0.4230
vn 0.6357 0.5394 -0.5523
vn 0.6411 0.7472 -0.1754
vn 0.6270 0.7560 0.1882
vn 0.4895 0.6540 0.5768
vn 0.6570 0.6069 -0.4473
vn 0.5844 0.3270 -0.7427
vn 0.4239 0.0865 0.9016
vn 0.9391 -0.0119 0.3434
vn 0.8202 -0.3511 0.4517
vn 0.4881 -0.6410 0.5923
vn 0.2956 -0.4772 0.8276
vn -0.2341 -0.2944 0.9266
vn -0.1247 -0.3180 0.9399
vn 0.0135 -0.2130 0.9770
vn -0.2378 0.5396 0.8076
vn -0.4945 0.6602 0.5653
vn -0.4058 0.8225 0.3985
vn -0.0403 0.9112 0.4100
vn 0.4708 0.8388 0.2733
vn 0.9622 0.2142 0.1679
vn 0.8831 0.4029 0.2406
vn 0.5992 0.7540 0.2692
vn 0.3028 -0.1065 0.9471
vn 0.2379 0.0278 0.9709
vn 0.1407 0.1400 0.9801
vn 0.3271 0.3669 0.8709
vn 0.3460 0.3101 0.8855
vn 0.4653 0.6657 0.5833
vn 0.2880 0.4763 0.8308
vn 0.0230 0.6697 0.7422
vn -0.2428 0.7812 0.5751
vn -0.0164 0.9250 0.3796
vn 0.3350 -0.1283 0.9334
vn 0.4548 0.0989 0.8851
vn -0.1399 -0.1885 0.9721
vn -0.3320 -0.9242 0.1886
vn 0.3361 -0.0699 0.9392
vn 0.3609 -0.7221 0.5901
vn 0.7085 0.2220 0.6699
vn 0.8356 0.2537 0.4872
vn 0.8773 0.1099 0.4672
vn 0.7002 0.4635 0.5431
vn 0.8210 -0.3322 0.4643
vn 0.3340 -0.9220 -0.1956
vn 0.9914 -0.0662 0.1132
vn 0.6082 -0.7663 -0.2071
vn 0.5666 -0.8237 0.0220
vn 0.8150 0.5782 -0.0380
vn 0.5793 0.0280 -0.8146
vn 0.6542 0.3281 -0.6815
vn 0.7519 0.5561 -0.3541
vn 0.8290 0.5542 -0.0747
vn 0.6964 0.5271 -0.4870
vn 0.8284 0.5224 0.2022
vn 0.8007 0.5096 0.3149
vn 0.4745 -0.1490 -0.8675
vn 0.2045 -0.3425 -0.9170
vn 0.5752 -0.5269 -0.6257
vn 0.5353 -0.7383 -0.4103
vn 0.5241 -0.8341 -0.1717
vn 0.5401 -0.8178 -0.1988
vn 0.7529 0.5676 0.3331
vn 0.9619 -0.0729 0.2637
vn 0.9372 -0.3445 -0.0542
vn 0.9884 0.1520 -0.0051
vn 0.3195 0.6851 0.6546
vn 0.9851 0.0547 0.1632
vn 0.9848 -0.1386 -0.1050
vn 0.9952 0.0966 -0.0180
vn -0.0723 -0.9828 -0.1697
vn -0.3025 -0.7068 -0.6395
vn -0.2550 -0.7812 -0.5698
vn 0.0713 -0.7355 -0.6737
vn 0.4848 -0.7896 -0.3761
vn -0.4047 0.0296 -0.9140
vn 0.1563 -0.9788 0.1325
vn 0.3369 -0.8160 0.4697
vn 0.5276 -0.8397 -0.1285
vn 0.5726 -0.7793 -0.2548
vn 0.2853 -0.6672 -0.6881
vn 0.8066 -0.2559 -0.5328
vn 0.1777 -0.2042 -0.9627
vn 0.2248 0.1422 -0.9640
vn 0.2877 0.6139 -0.7351
vn 0.3916 0.9197 -0.0275
vn 0.3706 0.6427 0.6705
vn 0.2992 0.7676 -0.5667
vn 0.3983 0.8895 0.2241
vn 0.2762 0.4092 -0.8696
vn 0.3494 0.8870 -0.3020
vn 0.3939 0.7991 0.4542
vn 0.0386 -0.8903 -0.4538
vn 0.1664 0.5869 0.7924
vn 0.9594 0.1625 0.2308
vn 0.9411 0.2721 0.2010
vn 0.9423 0.3116 0.1225
vn 0.9272 0.3728 0.0364
vn 0.9051 0.4231 -0.0422
vn 0.9825 -0.1012 -0.1562
vn 0.8767 -0.4303 -0.2148
vn 0.9802 0.0335 -0.1953
vn 0.8719 -0.4683 -0.1433
vn 0.9800 -0.0682 -0.1869
vn 0.9095 0.3600 -0.2079
vn 0.8263 0.0632 -0.5597
vn 0.8792 0.2892 -0.3787
vn 0.8526 0.2097 -0.4787
vn 0.8272 -0.0822 -0.5558
vn 0.8100 -0.3973 -0.4315
vn 0.8362 -0.3869 -0.3887
vn 0.9843 0.0812 -0.1569
vn 0.7799 -0.6228 0.0614
vn 0.9679 -0.2494 0.0308
vn 0.9799 -0.0820 -0.1817
vn 0.9546 -0.0916 -0.2835
vn 0.9353 0.1129 -0.3354
vn 0.9224 0.1022 -0.3726
vn 0.0377 -0.3484 -0.9366
vn 0.9063 -0.0802 -0.4149
vn -0.1017 -0.9931 0.0585
vn -0.4840 0.0538 -0.8734
vn 0.7800 -0.0850 0.6199
vn -0.4851 -0.0477 -0.8732
vn 0.7671 -0.0788 0.6366
vn -0.0006 -0.4906 -0.8714
vn 0.7356 0.0221 0.6771
vn -0.2474 -0.0410 0.9681
vn -0.0002 -0.4908 -0.8712
vn -0.4600 0.0464 -0.8867
vn -0.4638 -0.0664 -0.8834
vn 0.7720 -0.0957 0.6284
vn 0.7433 -0.1543 0.6509
vn -0.1893 -0.0263 0.9816
vn -0.0464 -0.1437 0.9885
vn -0.0002 -0.4924 -0.8704
vn -0.0482 0.0778 0.9958
vn -0.0007 -0.4923 -0.8704
vn 0.0375 -0.3550 -0.9341
vn 0.0526 -0.8154 -0.5764
vn -0.0155 -0.6940 -0.7198
vn -0.0010 -0.4922 -0.8705
vn -0.0180 -0.6942 -0.7196
vn -0.0194 -0.5912 -0.8063
vn -0.0067 -0.5036 -0.8639
vn 0.0038 -0.9944 -0.1057
vn 0.0133 -0.9619 -0.2731
vn 0.0300 -0.7157 -0.6977
vn 0.0450 -0.2053 -0.9777
vn 0.0317 0.1807 -0.9830
vn 0.0199 0.4224 -0.9062
vn 0.0049 0.6604 -0.7509
vn 0.0009 0.8062 -0.5916
vn -0.0009 0.9351 -0.3545
vn 0.0004 1.0000 -0.0053
vn 0.0080 0.9770 0.2132
vn 0.0544 0.8712 0.4878
vn 0.0470 0.6985 0.7141
vn 0.1345 0.1135 0.9844
vn 0.3354 0.1454 0.9308
vn 0.1856 0.1944 0.9632
vn 0.0300 -0.0479 0.9984
vn -0.1825 -0.2731 0.9445
vn 0.1504 -0.1052 0.9830
vn 0.1877 0.0820 0.9788
vn 0.2512 0.5398 0.8035
vn 0.3055 -0.0485 0.9510
vn -0.6091 -0.0759 0.7894
vn -0.6782 -0.0360 0.7340
vt 0.723829 0.115683
vt 0.773353 0.106600
vt 0.793251 0.184554
vt 0.731815 0.194822
vt 0.674060 0.143154
vt 0.689635 0.187565
vt 0.632364 0.222133
vt 0.643668 0.175516
vt 0.551460 0.185469
vt 0.553328 0.200283
vt 0.451706 0.189042
vt 0.449796 0.175527
vt 0.440716 0.196265
vt 0.559154 0.174147
vt 0.529014 0.249770
vt 0.458448 0.271104
vt 0.752916 0.212786
vt 0.782644 0.198022
vt 0.796016 0.240712
vt 0.763476 0.247244
vt 0.806500 0.320008
vt 0.785198 0.320213
vt 0.787098 0.348235
vt 0.821956 0.346133
vt 0.829834 0.411492
vt 0.805373 0.416508
vt 0.832863 0.502014
vt 0.793445 0.499729
vt 0.817200 0.610634
vt 0.772099 0.600956
vt 0.770346 0.717382
vt 0.726865 0.686566
vt 0.707586 0.797562
vt 0.660757 0.763800
vt 0.610766 0.871305
vt 0.581618 0.815487
vt 0.491798 0.910506
vt 0.479940 0.853656
vt 0.386549 0.921018
vt 0.390525 0.859313
vt 0.282196 0.899519
vt 0.302930 0.843051
vt 0.193164 0.855840
vt 0.225976 0.809122
vt 0.131328 0.805177
vt 0.171044 0.770082
vt 0.077938 0.735953
vt 0.117186 0.712874
vt 0.023960 0.620403
vt 0.065285 0.604495
vt 0.154322 0.493762
vt 0.184490 0.495973
vt 0.199045 0.563405
vt 0.163374 0.571935
vt 0.052881 0.489710
vt 0.000000 0.490903
vt 0.006413 0.402300
vt 0.064617 0.412137
vt 0.046762 0.285986
vt 0.101531 0.310822
vt 0.110212 0.186287
vt 0.174013 0.239230
vt 0.176059 0.120390
vt 0.232901 0.181451
vt 0.253077 0.053746
vt 0.316670 0.133389
vt 0.322561 0.000000
vt 0.378946 0.072895
vt 0.962924 0.152270
vt 0.927602 0.151339
vt 0.932596 0.131438
vt 0.963387 0.131814
vt 0.928487 0.103609
vt 0.963010 0.102122
vt 0.917491 0.075661
vt 0.957464 0.076521
vt 0.913206 0.066457
vt 0.955241 0.065397
vt 0.947291 0.032347
vt 0.948955 0.036577
vt 0.900247 0.038252
vt 0.897063 0.033375
vt 0.649949 0.650766
vt 0.591126 0.706941
vt 0.558200 0.677670
vt 0.612926 0.630577
vt 0.456653 0.758131
vt 0.392927 0.749296
vt 0.391509 0.712182
vt 0.444356 0.719335
vt 0.282537 0.722380
vt 0.238472 0.690565
vt 0.261099 0.662031
vt 0.303153 0.687347
vt 0.532002 0.737592
vt 0.505594 0.702515
vt 0.332754 0.736918
vt 0.340651 0.701334
vt 0.692405 0.585765
vt 0.644604 0.575286
vt 0.194846 0.652701
vt 0.221179 0.628325
vt 0.229385 0.498727
vt 0.238619 0.554655
vt 0.163079 0.436971
vt 0.197250 0.445598
vt 0.189403 0.361734
vt 0.111236 0.420960
vt 0.146359 0.332415
vt 0.238271 0.297082
vt 0.221396 0.282564
vt 0.294080 0.258154
vt 0.318362 0.297703
vt 0.267893 0.329543
vt 0.374401 0.230212
vt 0.379863 0.255354
vt 0.583521 0.207404
vt 0.588057 0.182526
vt 0.863385 0.014282
vt 0.859793 0.001553
vt 0.877466 0.002439
vt 0.887301 0.017971
vt 0.915376 0.121006
vt 0.901341 0.139310
vt 0.877153 0.111093
vt 0.898326 0.092685
vt 0.889758 0.081498
vt 0.868022 0.030735
vt 0.434186 0.167980
vt 0.411073 0.310072
vt 0.343637 0.343719
vt 0.299170 0.365364
vt 0.224002 0.385625
vt 0.257460 0.414003
vt 0.234980 0.460919
vt 0.268889 0.508215
vt 0.271813 0.547251
vt 0.255177 0.602431
vt 0.281251 0.628042
vt 0.439807 0.671588
vt 0.489865 0.656001
vt 0.537771 0.629503
vt 0.581063 0.582736
vt 0.322694 0.654981
vt 0.351848 0.663029
vt 0.395068 0.667932
vt 0.605477 0.541981
vt 0.767270 0.339977
vt 0.782025 0.415266
vt 0.760324 0.412634
vt 0.745166 0.342814
vt 0.737528 0.409673
vt 0.731097 0.349800
vt 0.742423 0.458336
vt 0.717251 0.448680
vt 0.709538 0.490866
vt 0.691558 0.462458
vt 0.660788 0.498550
vt 0.655209 0.469521
vt 0.624536 0.468007
vt 0.635648 0.455356
vt 0.602876 0.441379
vt 0.612944 0.427694
vt 0.577467 0.401401
vt 0.594449 0.395026
vt 0.588884 0.362613
vt 0.604664 0.367698
vt 0.617263 0.341043
vt 0.603067 0.334629
vt 0.638387 0.324867
vt 0.630361 0.308553
vt 0.666072 0.318676
vt 0.669114 0.294934
vt 0.688927 0.321900
vt 0.701347 0.307640
vt 0.704264 0.267932
vt 0.671767 0.258857
vt 0.760012 0.497603
vt 0.710544 0.519597
vt 0.657333 0.517157
vt 0.616430 0.489573
vt 0.557329 0.401858
vt 0.567984 0.350447
vt 0.579863 0.318910
vt 0.611139 0.283967
vt 0.589870 0.450548
vt 0.592616 0.261093
vt 0.590910 0.184409
vt 0.558435 0.308742
vt 0.521070 0.289481
vt 0.537076 0.342283
vt 0.514576 0.402090
vt 0.558757 0.482780
vt 0.505135 0.315375
vt 0.463443 0.361276
vt 0.413326 0.375578
vt 0.369632 0.393451
vt 0.389867 0.622064
vt 0.421720 0.611901
vt 0.283581 0.580051
vt 0.303481 0.607287
vt 0.333449 0.624872
vt 0.358583 0.626857
vt 0.460155 0.592389
vt 0.499288 0.555420
vt 0.529934 0.511387
vt 0.099813 0.591428
vt 0.095979 0.489212
vt 0.274486 0.475863
vt 0.297717 0.442470
vt 0.330427 0.413295
vt 0.484132 0.438876
vt 0.450052 0.403341
vt 0.410402 0.419906
vt 0.382136 0.434719
vt 0.433241 0.535254
vt 0.405842 0.484125
vt 0.433600 0.451082
vt 0.459642 0.493834
vt 0.381759 0.510111
vt 0.405320 0.562241
vt 0.428504 0.142989
vt 0.368337 0.206839
vt 0.832863 0.021834
vt 0.864012 0.098050
vt 0.929129 0.187382
vt 0.836815 0.009602
vt 0.839799 0.000000
vt 0.279292 0.235880
vt 0.298124 0.517356
vt 0.292122 0.546588
vt 0.150229 0.692871
vt 0.202638 0.741033
vt 0.318953 0.798080
vt 0.251629 0.771411
vt 0.558046 0.771314
vt 0.470601 0.808085
vt 0.736035 0.589559
vt 0.685760 0.669950
vt 0.393834 0.810588
vt 0.623329 0.735185
vt 0.967180 0.181512
vt 0.381773 0.580754
vt 0.351672 0.452403
vt 0.360055 0.529892
vt 0.326621 0.472118
vt 0.359058 0.596549
vt 0.305019 0.568079
vt 0.316325 0.591526
vt 0.338301 0.601035
vt 0.308973 0.496330
vt 0.340103 0.549524
vt 0.323099 0.559404
vt 0.833828 0.018897
vt 0.866922 0.026781
vt 0.561882 0.086175
vt 0.566051 0.100816
vt 0.540005 0.108474
vt 0.537871 0.094425
vt 0.608979 0.068771
vt 0.614633 0.084596
vt 0.941960 0.018726
vt 0.447942 0.162420
vt 0.447337 0.158317
vt 0.655341 0.010721
vt 0.657869 0.078308
vt 0.706327 0.006246
vt 0.751135 0.000000
vt 0.757830 0.038489
vt 0.707790 0.044421
vt 0.936624 0.004699
vt 1.000000 0.005578
vt 0.999834 0.018199
vt 0.999694 0.030411
vt 1.000000 0.174650
vt 0.999918 0.152345
vt 0.999533 0.064798
vt 0.999663 0.034252
vt 0.999599 0.077987
vt 0.999717 0.101731
vt 0.999935 0.131599
vt 0.735536 0.254204
vt 0.806978 0.235266
s 0
usemtl Material
f 954/785/724 912/786/724 695/787/724 958/788/724
f 915/789/725 696/790/725 775/791/725 913/792/725
f 916/793/726 699/794/726 701/795/726 917/796/726
f 701/797/727 699/798/727 703/799/727 704/800/727
f 921/801/728 956/802/728 955/803/728 923/804/728
f 923/804/729 955/803/729 957/805/729 924/806/729
f 959/807/730 707/808/730 709/809/730 925/810/730
f 925/810/731 709/809/731 711/811/731 926/812/731
f 926/812/732 711/811/732 713/813/732 927/814/732
f 927/814/733 713/813/733 715/815/733 928/816/733
f 928/816/734 715/815/734 717/817/734 929/818/734
f 929/818/735 717/817/735 719/819/735 930/820/735
f 930/820/736 719/819/736 721/821/736 931/822/736
f 931/822/737 721/821/737 723/823/737 932/824/737
f 932/824/738 723/823/738 725/825/738 933/826/738
f 933/826/739 725/825/739 727/827/739 934/828/739
f 934/828/740 727/827/740 729/829/740 935/830/740
f 935/830/741 729/829/741 731/831/741 936/832/741
f 936/832/742 731/831/742 733/833/742 937/834/742
f 875/835/743 768/836/743 767/837/743 874/838/743
f 938/839/744 735/840/744 737/841/744 939/842/744
f 939/842/745 737/841/745 739/843/745 940/844/745
f 940/844/746 739/843/746 741/845/746 941/846/746
f 941/846/747 741/845/747 743/847/747 942/848/747
f 942/848/748 743/847/748 745/849/748 943/850/748
f 943/850/749 745/849/749 747/851/749 944/852/749
f 950/853/750 862/854/750 750/855/750 945/856/750
f 945/856/751 750/855/751 752/857/751 946/858/751
f 946/858/752 752/857/752 754/859/752 947/860/752
f 947/860/753 754/859/753 779/861/753 949/862/753
f 951/863/754 948/864/754 756/865/754 908/866/754
f 865/867/755 864/868/755 759/869/755 758/870/755
f 867/871/756 866/872/756 762/873/756 761/874/756
f 869/875/757 868/876/757 765/877/757 764/878/757
f 864/868/758 870/879/758 760/880/758 759/869/758
f 866/872/759 871/881/759 763/882/759 762/873/759
f 872/883/760 865/867/760 758/870/760 757/884/760
f 870/879/761 867/871/761 761/874/761 760/880/761
f 871/881/762 869/875/762 764/878/762 763/882/762
f 868/876/763 873/885/763 766/886/763 765/877/763
f 873/885/764 874/838/764 767/837/764 766/886/764
f 767/837/765 768/836/765 785/887/765 786/888/765
f 875/835/766 876/889/766 769/890/766 768/836/766
f 877/891/767 876/889/767 738/892/767 740/893/767
f 878/894/768 877/891/768 740/893/768 742/895/768
f 878/894/769 879/896/769 772/897/769 771/898/769
f 879/896/770 880/899/770 773/900/770 772/897/770
f 913/792/771 775/791/771 776/901/771 914/902/771
f 920/903/772 881/904/772 748/905/772 919/906/772
f 883/907/773 752/857/773 750/855/773 862/854/773
f 883/907/774 774/908/774 777/909/774 884/910/774
f 914/902/775 776/901/775 699/794/775 916/793/775
f 885/911/776 779/861/776 754/859/776 884/910/776
f 949/862/777 779/861/777 756/865/777 948/864/777
f 882/912/778 756/865/778 779/861/778 885/911/778
f 881/913/779 701/797/779 773/900/779 880/899/779
f 780/914/780 773/900/780 701/797/780 704/800/780
f 772/897/781 773/900/781 780/914/781 781/915/781
f 771/898/782 772/897/782 781/915/782 782/916/782
f 770/917/783 771/898/783 782/916/783 783/918/783
f 769/890/784 770/917/784 783/918/784 784/919/784
f 768/836/785 769/890/785 784/919/785 785/887/785
f 785/887/786 844/920/786 845/921/786 786/888/786
f 766/886/787 767/837/787 786/888/787 787/922/787
f 765/877/788 766/886/788 787/922/788 788/923/788
f 760/880/789 761/874/789 793/924/789 792/925/789
f 758/870/790 759/869/790 791/926/790 790/927/790
f 763/882/791 764/878/791 796/928/791 795/929/791
f 761/874/792 762/873/792 794/930/792 793/924/792
f 759/869/793 760/880/793 792/925/793 791/926/793
f 757/884/794 758/870/794 790/927/794 789/931/794
f 762/873/795 763/882/795 795/929/795 794/930/795
f 764/878/796 765/877/796 788/923/796 796/928/796
f 708/932/797 710/933/797 798/934/797 797/935/797
f 797/935/798 798/934/798 800/936/798 799/937/798
f 800/936/799 798/934/799 801/938/799 802/939/799
f 802/939/800 801/938/800 803/940/800 804/941/800
f 804/941/801 803/940/801 805/942/801 806/943/801
f 806/943/802 805/942/802 807/944/802 808/945/802
f 808/945/803 807/944/803 809/946/803 810/947/803
f 810/947/804 809/946/804 811/948/804 812/949/804
f 818/950/805 813/951/805 812/949/805 811/948/805
f 814/952/806 813/951/806 818/950/806 819/953/806
f 815/954/807 814/952/807 819/953/807 820/955/807
f 816/956/808 815/954/808 820/955/808 821/957/808
f 817/958/809 816/956/809 821/957/809 822/959/809
f 797/935/810 799/937/810 817/958/810 822/959/810
f 706/960/811 708/932/811 797/935/811 822/959/811
f 823/961/812 706/960/812 822/959/812 821/957/812
f 706/960/813 823/961/813 775/791/813 696/790/813
f 712/962/814 801/938/814 798/934/814 710/933/814
f 803/940/815 801/938/815 712/962/815 824/963/815
f 805/942/816 803/940/816 824/963/816 825/964/816
f 807/944/817 805/942/817 825/964/817 826/965/817
f 789/931/818 826/965/818 825/964/818 757/884/818
f 830/966/819 829/967/819 818/950/819 811/948/819
f 818/950/820 829/967/820 828/968/820 819/953/820
f 819/953/821 828/968/821 827/969/821 820/955/821
f 820/955/822 827/969/822 823/961/822 821/957/822
f 831/970/823 830/966/823 811/948/823 809/946/823
f 809/946/824 807/944/824 826/965/824 831/970/824
f 836/971/825 775/791/825 823/961/825 827/969/825
f 776/972/826 836/971/826 703/799/826 699/798/826
f 835/973/827 836/971/827 827/969/827 828/968/827
f 837/974/828 703/799/828 836/971/828 835/973/828
f 834/975/829 835/973/829 828/968/829 829/967/829
f 833/976/830 834/975/830 829/967/830 830/966/830
f 832/977/831 833/976/831 830/966/831 831/970/831
f 789/931/832 832/977/832 831/970/832 826/965/832
f 837/974/833 835/973/833 834/975/833 838/978/833
f 704/800/834 703/799/834 837/974/834 838/978/834
f 839/979/835 838/978/835 834/975/835 833/976/835
f 780/914/836 704/800/836 838/978/836 839/979/836
f 781/915/837 780/914/837 900/980/837 840/981/837
f 852/982/838 849/983/838 793/924/838 794/930/838
f 846/984/839 850/985/839 788/923/839 787/922/839
f 851/986/840 796/928/840 788/923/840 850/985/840
f 852/982/841 794/930/841 795/929/841 847/987/841
f 849/983/842 848/988/842 792/925/842 793/924/842
f 847/987/843 795/929/843 796/928/843 851/986/843
f 848/988/844 853/989/844 791/926/844 792/925/844
f 790/927/845 791/926/845 853/989/845 854/990/845
f 846/984/846 787/922/846 786/888/846 845/921/846
f 734/991/847 736/992/847 875/835/847 874/838/847
f 844/920/848 785/887/848 784/919/848 843/993/848
f 843/993/849 784/919/849 783/918/849 842/994/849
f 842/994/850 783/918/850 782/916/850 841/995/850
f 782/916/851 781/915/851 840/981/851 841/995/851
f 790/927/852 854/990/852 832/977/852 789/931/852
f 839/979/853 833/976/853 855/996/853 856/997/853
f 840/981/854 900/980/854 899/998/854 857/999/854
f 886/1000/855 859/1001/855 860/1002/855 861/1003/855
f 757/884/856 825/964/856 824/963/856 872/883/856
f 861/1003/857 860/1002/857 856/997/857 855/996/857
f 859/1001/858 857/999/858 899/998/858 860/1002/858
f 858/1004/859 859/1001/859 886/1000/859 887/1005/859
f 748/1006/860 881/913/860 880/899/860 746/1007/860
f 702/1008/861 882/912/861 885/911/861 700/1009/861
f 700/1009/862 885/911/862 884/910/862 777/909/862
f 752/857/863 883/907/863 884/910/863 754/859/863
f 774/908/864 883/907/864 862/854/864 698/1010/864
f 917/1011/865 701/1012/865 881/904/865 920/903/865
f 744/1013/866 746/1007/866 880/899/866 879/896/866
f 742/895/867 744/1013/867 879/896/867 878/894/867
f 771/898/868 770/917/868 877/891/868 878/894/868
f 770/917/869 769/890/869 876/889/869 877/891/869
f 736/992/870 738/892/870 876/889/870 875/835/870
f 897/1014/871 896/1015/871 845/921/871 844/920/871
f 732/1016/872 734/991/872 874/838/872 873/885/872
f 730/1017/873 732/1016/873 873/885/873 868/876/873
f 726/1018/874 728/1019/874 869/875/874 871/881/874
f 720/1020/875 722/1021/875 867/871/875 870/879/875
f 714/1022/876 716/1023/876 865/867/876 872/883/876
f 724/1024/877 726/1018/877 871/881/877 866/872/877
f 718/1025/878 720/1020/878 870/879/878 864/868/878
f 728/1019/879 730/1017/879 868/876/879 869/875/879
f 722/1021/880 724/1024/880 866/872/880 867/871/880
f 716/1023/881 718/1025/881 864/868/881 865/867/881
f 922/1026/882 698/1010/882 862/854/882 950/853/882
f 872/883/883 824/963/883 712/962/883 714/1022/883
f 833/976/884 832/977/884 854/990/884 855/996/884
f 861/1003/885 855/996/885 854/990/885 853/989/885
f 848/988/886 886/1000/886 861/1003/886 853/989/886
f 849/983/887 887/1005/887 886/1000/887 848/988/887
f 852/982/888 888/1027/888 887/1005/888 849/983/888
f 889/1028/889 857/999/889 859/1001/889 858/1004/889
f 841/995/890 840/981/890 857/999/890 889/1028/890
f 858/1004/891 887/1005/891 888/1027/891 890/1029/891
f 842/994/892 841/995/892 889/1028/892 891/1030/892
f 889/1028/893 858/1004/893 890/1029/893 891/1030/893
f 847/987/894 892/1031/894 888/1027/894 852/982/894
f 895/1032/895 894/1033/895 850/985/895 846/984/895
f 893/1034/896 892/1031/896 847/987/896 851/986/896
f 894/1033/897 893/1034/897 851/986/897 850/985/897
f 896/1015/898 895/1032/898 846/984/898 845/921/898
f 898/1035/899 897/1014/899 844/920/899 843/993/899
f 843/993/900 842/994/900 891/1030/900 898/1035/900
f 890/1029/901 888/1027/901 892/1031/901 901/1036/901
f 780/914/902 839/979/902 856/997/902 900/980/902
f 856/997/903 860/1002/903 899/998/903 900/980/903
f 890/1029/904 901/1036/904 898/1035/904 891/1030/904
f 897/1014/905 898/1035/905 901/1036/905 902/1037/905
f 893/1034/906 902/1037/906 901/1036/906 892/1031/906
f 893/1034/907 894/1033/907 895/1032/907 902/1037/907
f 937/834/908 938/839/908 736/992/908 734/991/908
f 902/1037/909 895/1032/909 896/1015/909 897/1014/909
f 776/972/910 775/791/910 836/971/910
f 702/1008/911 906/1038/911 911/1039/911 882/912/911
f 777/1040/912 910/1041/912 905/1042/912 700/1043/912
f 882/912/913 911/1039/913 908/866/913 756/865/913
f 774/1044/914 909/1045/914 910/1041/914 777/1040/914
f 953/1046/915 951/863/915 908/866/915 919/906/915
f 700/1043/726 905/1042/726 906/1047/726 702/1048/726
f 698/1049/916 904/1050/916 909/1045/916 774/1044/916
f 922/1051/917 697/1052/917 903/1053/917 952/1054/917
f 944/1055/918 953/1046/918 919/906/918 748/905/918
f 906/1038/919 917/1011/919 920/903/919 911/1039/919
f 910/1041/912 914/902/912 916/793/912 905/1042/912
f 911/1039/920 920/903/920 919/906/920 908/866/920
f 909/1045/921 913/792/921 914/902/921 910/1041/921
f 905/1042/726 916/793/726 917/796/726 906/1047/726
f 904/1050/922 915/789/922 913/792/922 909/1045/922
f 952/1054/923 903/1053/923 912/786/923 954/785/923
f 904/1050/924 952/1054/924 954/785/924 915/789/924
f 747/1056/925 918/1057/925 953/1046/925 944/1055/925
f 698/1049/926 922/1051/926 952/1054/926 904/1050/926
f 918/1057/927 907/1058/927 951/863/927 953/1046/927
f 733/833/928 735/840/928 938/839/928 937/834/928
f 697/1059/929 922/1026/929 950/853/929 863/1060/929
f 778/1061/930 949/862/930 948/864/930 755/1062/930
f 907/1058/931 755/1062/931 948/864/931 951/863/931
f 753/1063/932 947/860/932 949/862/932 778/1061/932
f 751/1064/933 946/858/933 947/860/933 753/1063/933
f 749/1065/934 945/856/934 946/858/934 751/1064/934
f 863/1060/750 950/853/750 945/856/750 749/1065/750
f 746/1007/749 943/850/749 944/852/749 748/1006/749
f 744/1013/748 942/848/748 943/850/748 746/1007/748
f 742/895/747 941/846/747 942/848/747 744/1013/747
f 740/893/935 940/844/935 941/846/935 742/895/935
f 738/892/936 939/842/936 940/844/936 740/893/936
f 736/992/937 938/839/937 939/842/937 738/892/937
f 732/1016/938 936/832/938 937/834/938 734/991/938
f 730/1017/939 935/830/939 936/832/939 732/1016/939
f 728/1019/940 934/828/940 935/830/940 730/1017/940
f 726/1018/941 933/826/941 934/828/941 728/1019/941
f 724/1024/942 932/824/942 933/826/942 726/1018/942
f 722/1021/943 931/822/943 932/824/943 724/1024/943
f 720/1020/944 930/820/944 931/822/944 722/1021/944
f 718/1025/945 929/818/945 930/820/945 720/1020/945
f 716/1023/946 928/816/946 929/818/946 718/1025/946
f 714/1022/947 927/814/947 928/816/947 716/1023/947
f 712/962/948 926/812/948 927/814/948 714/1022/948
f 710/933/949 925/810/949 926/812/949 712/962/949
f 708/932/950 959/807/950 925/810/950 710/933/950
f 706/960/951 960/1066/951 959/807/951 708/932/951
f 696/790/952 958/788/952 960/1066/952 706/960/952
f 915/789/953 954/785/953 958/788/953 696/790/953
f 955/803/954 956/802/954 695/787/954 705/1067/954
f 957/805/955 955/803/955 705/1067/955 707/808/955
f 956/802/956 921/801/956 958/788/956 695/787/956
f 924/806/957 957/805/957 707/808/957 959/807/957
f 960/1066/958 923/804/958 924/806/958 959/807/958
f 921/801/959 923/804/959 960/1066/959 958/788/959
f 1186/785/960 1190/788/960 695/787/960 912/786/960
f 1148/789/961 1146/792/961 1013/791/961 961/790/961
f 1149/793/962 1150/796/962 965/795/962 963/794/962
f 965/797/963 968/800/963 967/799/963 963/798/963
f 1153/801/964 1155/804/964 1187/803/964 1188/802/964
f 1155/804/965 1156/806/965 1189/805/965 1187/803/965
f 1191/807/966 1157/810/966 709/809/966 707/808/966
f 1157/810/967 1158/812/967 711/811/967 709/809/967
f 1158/812/968 1159/814/968 713/813/968 711/811/968
f 1159/814/969 1160/816/969 715/815/969 713/813/969
f 1160/816/970 1161/818/970 717/817/970 715/815/970
f 1161/818/971 1162/820/971 719/819/971 717/817/971
f 1162/820/972 1163/822/972 721/821/972 719/819/972
f 1163/822/973 1164/824/973 723/823/973 721/821/973
f 1164/824/974 1165/826/974 725/825/974 723/823/974
f 1165/826/975 1166/828/975 727/827/975 725/825/975
f 1166/828/976 1167/830/976 729/829/976 727/827/976
f 1167/830/977 1168/832/977 731/831/977 729/829/977
f 1168/832/978 1169/834/978 733/833/978 731/831/978
f 1111/835/979 1110/838/979 1005/837/979 1006/836/979
f 1170/839/980 1171/842/980 737/841/980 735/840/980
f 1171/842/981 1172/844/981 739/843/981 737/841/981
f 1172/844/982 1173/846/982 741/845/982 739/843/982
f 1173/846/747 1174/848/747 743/847/747 741/845/747
f 1174/848/748 1175/850/748 745/849/748 743/847/748
f 1175/850/749 1176/852/749 747/851/749 745/849/749
f 1182/853/750 1177/856/750 991/855/750 1099/854/750
f 1177/856/983 1178/858/983 992/857/983 991/855/983
f 1178/858/984 1179/860/984 993/859/984 992/857/984
f 1179/860/985 1181/862/985 1016/861/985 993/859/985
f 1183/863/986 1142/866/986 994/865/986 1180/864/986
f 1101/867/987 996/870/987 997/869/987 1100/868/987
f 1103/871/988 999/874/988 1000/873/988 1102/872/988
f 1105/875/989 1002/878/989 1003/877/989 1104/876/989
f 1100/868/990 997/869/990 998/880/990 1106/879/990
f 1102/872/991 1000/873/991 1001/882/991 1107/881/991
f 1108/883/992 995/884/992 996/870/992 1101/867/992
f 1106/879/993 998/880/993 999/874/993 1103/871/993
f 1107/881/994 1001/882/994 1002/878/994 1105/875/994
f 1104/876/995 1003/877/995 1004/886/995 1109/885/995
f 1109/885/996 1004/886/996 1005/837/996 1110/838/996
f 1005/837/997 1023/888/997 1022/887/997 1006/836/997
f 1111/835/998 1006/836/998 1007/890/998 1112/889/998
f 1113/891/999 986/893/999 985/892/999 1112/889/999
f 1114/894/1000 987/895/1000 986/893/1000 1113/891/1000
f 1114/894/1001 1009/898/1001 1010/897/1001 1115/896/1001
f 1115/896/1002 1010/897/1002 1011/900/1002 1116/899/1002
f 1146/792/1003 1147/902/1003 1014/901/1003 1013/791/1003
f 1152/903/1004 1151/906/1004 990/905/1004 1117/904/1004
f 1119/907/1005 1099/854/1005 991/855/1005 992/857/1005
f 1119/907/1006 1120/910/1006 1015/909/1006 1012/908/1006
f 1147/902/1007 1149/793/1007 963/794/1007 1014/901/1007
f 1121/911/1008 1120/910/1008 993/859/1008 1016/861/1008
f 1181/862/1009 1180/864/1009 994/865/1009 1016/861/1009
f 1118/912/1010 1121/911/1010 1016/861/1010 994/865/1010
f 1117/913/1011 1116/899/1011 1011/900/1011 965/797/1011
f 1017/914/1012 968/800/1012 965/797/1012 1011/900/1012
f 1010/897/1013 1018/915/1013 1017/914/1013 1011/900/1013
f 1009/898/1014 1019/916/1014 1018/915/1014 1010/897/1014
f 1008/917/1015 1020/918/1015 1019/916/1015 1009/898/1015
f 1007/890/1016 1021/919/1016 1020/918/1016 1008/917/1016
f 1006/836/1017 1022/887/1017 1021/919/1017 1007/890/1017
f 1022/887/1018 1023/888/1018 1082/921/1018 1081/920/1018
f 1004/886/1019 1024/922/1019 1023/888/1019 1005/837/1019
f 1003/877/1020 1025/923/1020 1024/922/1020 1004/886/1020
f 998/880/1021 1029/925/1021 1030/924/1021 999/874/1021
f 996/870/1022 1027/927/1022 1028/926/1022 997/869/1022
f 1001/882/1023 1032/929/1023 1033/928/1023 1002/878/1023
f 999/874/1024 1030/924/1024 1031/930/1024 1000/873/1024
f 997/869/1025 1028/926/1025 1029/925/1025 998/880/1025
f 995/884/1026 1026/931/1026 1027/927/1026 996/870/1026
f 1000/873/1027 1031/930/1027 1032/929/1027 1001/882/1027
f 1002/878/1028 1033/928/1028 1025/923/1028 1003/877/1028
f 970/932/1029 1034/935/1029 1035/934/1029 971/933/1029
f 1034/935/1030 1036/937/1030 1037/936/1030 1035/934/1030
f 1037/936/1031 1039/939/1031 1038/938/1031 1035/934/1031
f 1039/939/1032 1041/941/1032 1040/940/1032 1038/938/1032
f 1041/941/1033 1043/943/1033 1042/942/1033 1040/940/1033
f 1043/943/1034 1045/945/1034 1044/944/1034 1042/942/1034
f 1045/945/1035 1047/947/1035 1046/946/1035 1044/944/1035
f 1047/947/1036 1049/949/1036 1048/948/1036 1046/946/1036
f 1055/950/1037 1048/948/1037 1049/949/1037 1050/951/1037
f 1051/952/1038 1056/953/1038 1055/950/1038 1050/951/1038
f 1052/954/1039 1057/955/1039 1056/953/1039 1051/952/1039
f 1053/956/1040 1058/957/1040 1057/955/1040 1052/954/1040
f 1054/958/1041 1059/959/1041 1058/957/1041 1053/956/1041
f 1034/935/1042 1059/959/1042 1054/958/1042 1036/937/1042
f 969/960/1043 1059/959/1043 1034/935/1043 970/932/1043
f 1060/961/1044 1058/957/1044 1059/959/1044 969/960/1044
f 969/960/1045 961/790/1045 1013/791/1045 1060/961/1045
f 972/962/1046 971/933/1046 1035/934/1046 1038/938/1046
f 1040/940/1047 1061/963/1047 972/962/1047 1038/938/1047
f 1042/942/1048 1062/964/1048 1061/963/1048 1040/940/1048
f 1044/944/1049 1063/965/1049 1062/964/1049 1042/942/1049
f 1026/931/1050 995/884/1050 1062/964/1050 1063/965/1050
f 1067/966/1051 1048/948/1051 1055/950/1051 1066/967/1051
f 1055/950/1052 1056/953/1052 1065/968/1052 1066/967/1052
f 1056/953/1053 1057/955/1053 1064/969/1053 1065/968/1053
f 1057/955/1054 1058/957/1054 1060/961/1054 1064/969/1054
f 1068/970/1055 1046/946/1055 1048/948/1055 1067/966/1055
f 1046/946/1056 1068/970/1056 1063/965/1056 1044/944/1056
f 1073/971/1057 1064/969/1057 1060/961/1057 1013/791/1057
f 1014/972/1058 963/798/1058 967/799/1058 1073/971/1058
f 1072/973/1059 1065/968/1059 1064/969/1059 1073/971/1059
f 1074/974/1060 1072/973/1060 1073/971/1060 967/799/1060
f 1071/975/1061 1066/967/1061 1065/968/1061 1072/973/1061
f 1070/976/1062 1067/966/1062 1066/967/1062 1071/975/1062
f 1069/977/1063 1068/970/1063 1067/966/1063 1070/976/1063
f 1026/931/1064 1063/965/1064 1068/970/1064 1069/977/1064
f 1074/974/1065 1075/978/1065 1071/975/1065 1072/973/1065
f 968/800/1066 1075/978/1066 1074/974/1066 967/799/1066
f 1076/979/1067 1070/976/1067 1071/975/1067 1075/978/1067
f 1017/914/1068 1076/979/1068 1075/978/1068 968/800/1068
f 1018/915/1069 1077/981/1069 1136/980/1069 1017/914/1069
f 1089/982/1070 1031/930/1070 1030/924/1070 1086/983/1070
f 1083/984/1071 1024/922/1071 1025/923/1071 1087/985/1071
f 1088/986/1072 1087/985/1072 1025/923/1072 1033/928/1072
f 1089/982/1073 1084/987/1073 1032/929/1073 1031/930/1073
f 1086/983/1074 1030/924/1074 1029/925/1074 1085/988/1074
f 1084/987/1075 1088/986/1075 1033/928/1075 1032/929/1075
f 1085/988/1076 1029/925/1076 1028/926/1076 1090/989/1076
f 1027/927/1077 1091/990/1077 1090/989/1077 1028/926/1077
f 1083/984/1078 1082/921/1078 1023/888/1078 1024/922/1078
f 983/991/1079 1110/838/1079 1111/835/1079 984/992/1079
f 1081/920/1080 1080/993/1080 1021/919/1080 1022/887/1080
f 1080/993/1081 1079/994/1081 1020/918/1081 1021/919/1081
f 1079/994/1082 1078/995/1082 1019/916/1082 1020/918/1082
f 1019/916/1083 1078/995/1083 1077/981/1083 1018/915/1083
f 1027/927/1084 1026/931/1084 1069/977/1084 1091/990/1084
f 1076/979/1085 1093/997/1085 1092/996/1085 1070/976/1085
f 1077/981/1086 1094/999/1086 1135/998/1086 1136/980/1086
f 1122/1000/1087 1098/1003/1087 1097/1002/1087 1096/1001/1087
f 995/884/1088 1108/883/1088 1061/963/1088 1062/964/1088
f 1098/1003/1089 1092/996/1089 1093/997/1089 1097/1002/1089
f 1096/1001/1090 1097/1002/1090 1135/998/1090 1094/999/1090
f 1095/1004/1091 1123/1005/1091 1122/1000/1091 1096/1001/1091
f 990/1006/1092 989/1007/1092 1116/899/1092 1117/913/1092
f 966/1008/1093 964/1009/1093 1121/911/1093 1118/912/1093
f 964/1009/1094 1015/909/1094 1120/910/1094 1121/911/1094
f 992/857/1095 993/859/1095 1120/910/1095 1119/907/1095
f 1012/908/1096 962/1010/1096 1099/854/1096 1119/907/1096
f 1150/1011/1097 1152/903/1097 1117/904/1097 965/1012/1097
f 988/1013/1098 1115/896/1098 1116/899/1098 989/1007/1098
f 987/895/1099 1114/894/1099 1115/896/1099 988/1013/1099
f 1009/898/1100 1114/894/1100 1113/891/1100 1008/917/1100
f 1008/917/1101 1113/891/1101 1112/889/1101 1007/890/1101
f 984/992/1102 1111/835/1102 1112/889/1102 985/892/1102
f 1133/1014/1103 1081/920/1103 1082/921/1103 1132/1015/1103
f 982/1016/1104 1109/885/1104 1110/838/1104 983/991/1104
f 981/1017/1105 1104/876/1105 1109/885/1105 982/1016/1105
f 979/1018/1106 1107/881/1106 1105/875/1106 980/1019/1106
f 976/1020/1107 1106/879/1107 1103/871/1107 977/1021/1107
f 973/1022/1108 1108/883/1108 1101/867/1108 974/1023/1108
f 978/1024/1109 1102/872/1109 1107/881/1109 979/1018/1109
f 975/1025/1110 1100/868/1110 1106/879/1110 976/1020/1110
f 980/1019/1111 1105/875/1111 1104/876/1111 981/1017/1111
f 977/1021/1112 1103/871/1112 1102/872/1112 978/1024/1112
f 974/1023/1113 1101/867/1113 1100/868/1113 975/1025/1113
f 1154/1026/1114 1182/853/1114 1099/854/1114 962/1010/1114
f 1108/883/1115 973/1022/1115 972/962/1115 1061/963/1115
f 1070/976/1116 1092/996/1116 1091/990/1116 1069/977/1116
f 1098/1003/1117 1090/989/1117 1091/990/1117 1092/996/1117
f 1085/988/1118 1090/989/1118 1098/1003/1118 1122/1000/1118
f 1086/983/1119 1085/988/1119 1122/1000/1119 1123/1005/1119
f 1089/982/1120 1086/983/1120 1123/1005/1120 1124/1027/1120
f 1125/1028/1121 1095/1004/1121 1096/1001/1121 1094/999/1121
f 1078/995/1122 1125/1028/1122 1094/999/1122 1077/981/1122
f 1095/1004/1123 1126/1029/1123 1124/1027/1123 1123/1005/1123
f 1079/994/1124 1127/1030/1124 1125/1028/1124 1078/995/1124
f 1125/1028/1125 1127/1030/1125 1126/1029/1125 1095/1004/1125
f 1084/987/1126 1089/982/1126 1124/1027/1126 1128/1031/1126
f 1131/1032/1127 1083/984/1127 1087/985/1127 1130/1033/1127
f 1129/1034/1128 1088/986/1128 1084/987/1128 1128/1031/1128
f 1130/1033/1129 1087/985/1129 1088/986/1129 1129/1034/1129
f 1132/1015/1130 1082/921/1130 1083/984/1130 1131/1032/1130
f 1134/1035/1131 1080/993/1131 1081/920/1131 1133/1014/1131
f 1080/993/1132 1134/1035/1132 1127/1030/1132 1079/994/1132
f 1126/1029/1133 1137/1036/1133 1128/1031/1133 1124/1027/1133
f 1017/914/1134 1136/980/1134 1093/997/1134 1076/979/1134
f 1093/997/1135 1136/980/1135 1135/998/1135 1097/1002/1135
f 1126/1029/1136 1127/1030/1136 1134/1035/1136 1137/1036/1136
f 1133/1014/1137 1138/1037/1137 1137/1036/1137 1134/1035/1137
f 1129/1034/1138 1128/1031/1138 1137/1036/1138 1138/1037/1138
f 1129/1034/1139 1138/1037/1139 1131/1032/1139 1130/1033/1139
f 1169/834/1140 983/991/1140 984/992/1140 1170/839/1140
f 1138/1037/1141 1133/1014/1141 1132/1015/1141 1131/1032/1141
f 1014/972/1142 1073/971/1142 1013/791/1142
f 966/1008/1143 1118/912/1143 1145/1039/1143 1141/1038/1143
f 1015/1040/1144 964/1043/1144 1140/1042/1144 1144/1041/1144
f 1118/912/1145 994/865/1145 1142/866/1145 1145/1039/1145
f 1012/1044/1146 1015/1040/1146 1144/1041/1146 1143/1045/1146
f 1185/1046/1147 1151/906/1147 1142/866/1147 1183/863/1147
f 964/1043/962 966/1048/962 1141/1047/962 1140/1042/962
f 962/1049/1148 1012/1044/1148 1143/1045/1148 1139/1050/1148
f 1154/1051/1149 1184/1054/1149 903/1053/1149 697/1052/1149
f 1176/1055/1150 990/905/1150 1151/906/1150 1185/1046/1150
f 1141/1038/1151 1145/1039/1151 1152/903/1151 1150/1011/1151
f 1144/1041/1144 1140/1042/1144 1149/793/1144 1147/902/1144
f 1145/1039/1152 1142/866/1152 1151/906/1152 1152/903/1152
f 1143/1045/1153 1144/1041/1153 1147/902/1153 1146/792/1153
f 1140/1042/962 1141/1047/962 1150/796/962 1149/793/962
f 1139/1050/1154 1143/1045/1154 1146/792/1154 1148/789/1154
f 1184/1054/1155 1186/785/1155 912/786/1155 903/1053/1155
f 1139/1050/1156 1148/789/1156 1186/785/1156 1184/1054/1156
f 747/1056/1157 1176/1055/1157 1185/1046/1157 918/1057/1157
f 962/1049/1158 1139/1050/1158 1184/1054/1158 1154/1051/1158
f 918/1057/1159 1185/1046/1159 1183/863/1159 907/1058/1159
f 733/833/1160 1169/834/1160 1170/839/1160 735/840/1160
f 697/1059/1161 863/1060/1161 1182/853/1161 1154/1026/1161
f 778/1061/1162 755/1062/1162 1180/864/1162 1181/862/1162
f 907/1058/1163 1183/863/1163 1180/864/1163 755/1062/1163
f 753/1063/1164 778/1061/1164 1181/862/1164 1179/860/1164
f 751/1064/1165 753/1063/1165 1179/860/1165 1178/858/1165
f 749/1065/1166 751/1064/1166 1178/858/1166 1177/856/1166
f 863/1060/750 749/1065/750 1177/856/750 1182/853/750
f 989/1007/749 990/1006/749 1176/852/749 1175/850/749
f 988/1013/748 989/1007/748 1175/850/748 1174/848/748
f 987/895/747 988/1013/747 1174/848/747 1173/846/747
f 986/893/1167 987/895/1167 1173/846/1167 1172/844/1167
f 985/892/1168 986/893/1168 1172/844/1168 1171/842/1168
f 984/992/1169 985/892/1169 1171/842/1169 1170/839/1169
f 982/1016/1170 983/991/1170 1169/834/1170 1168/832/1170
f 981/1017/1171 982/1016/1171 1168/832/1171 1167/830/1171
f 980/1019/1172 981/1017/1172 1167/830/1172 1166/828/1172
f 979/1018/1173 980/1019/1173 1166/828/1173 1165/826/1173
f 978/1024/1174 979/1018/1174 1165/826/1174 1164/824/1174
f 977/1021/1175 978/1024/1175 1164/824/1175 1163/822/1175
f 976/1020/1176 977/1021/1176 1163/822/1176 1162/820/1176
f 975/1025/1177 976/1020/1177 1162/820/1177 1161/818/1177
f 974/1023/1178 975/1025/1178 1161/818/1178 1160/816/1178
f 973/1022/1179 974/1023/1179 1160/816/1179 1159/814/1179
f 972/962/948 973/1022/948 1159/814/948 1158/812/948
f 971/933/1180 972/962/1180 1158/812/1180 1157/810/1180
f 970/932/1181 971/933/1181 1157/810/1181 1191/807/1181
f 969/960/1182 970/932/1182 1191/807/1182 1192/1066/1182
f 961/790/1183 969/960/1183 1192/1066/1183 1190/788/1183
f 1148/789/1184 961/790/1184 1190/788/1184 1186/785/1184
f 1187/803/1185 705/1067/1185 695/787/1185 1188/802/1185
f 1189/805/1186 707/808/1186 705/1067/1186 1187/803/1186
f 1188/802/1187 695/787/1187 1190/788/1187 1153/801/1187
f 1156/806/1188 1191/807/1188 707/808/1188 1189/805/1188
f 1192/1066/1189 1191/807/1189 1156/806/1189 1155/804/1189
f 1153/801/1190 1190/788/1190 1192/1066/1190 1155/804/1190
o Legs.001
v 0.148479 -0.437438 0.017491
v 0.125188 -0.439653 0.012947
v 0.129908 -0.441491 -0.010343
v 0.153199 -0.439276 -0.005798
v 0.170179 -0.321798 0.043026
v 0.087000 -0.358097 0.031238
v 0.102044 -0.343858 -0.059820
v 0.190718 -0.326652 -0.046496
v 0.158619 -0.506678 0.023249
v 0.135438 -0.509977 0.018798
v 0.140175 -0.511849 -0.004485
v 0.163356 -0.508550 -0.000034
v 0.168965 -0.566515 0.037518
v 0.134772 -0.570588 0.030872
v 0.142057 -0.576661 -0.002891
v 0.176250 -0.572589 0.003755
v 0.183834 -0.646101 0.101654
v 0.116404 -0.650716 0.083230
v 0.114985 -0.645889 -0.004494
v 0.200682 -0.644339 0.011043
v 0.189314 -0.790956 0.002127
v 0.165875 -0.791772 -0.002110
v 0.169712 -0.785002 -0.024638
v 0.193152 -0.784186 -0.020400
v 0.160240 -0.386182 0.029621
v 0.103929 -0.389666 0.020360
v 0.115640 -0.391779 -0.032519
v 0.171951 -0.388295 -0.023258
v 0.151318 -0.413945 0.019561
v 0.117471 -0.417838 0.011692
v 0.123743 -0.421034 -0.019028
v 0.157590 -0.417142 -0.011159
v 0.151827 -0.460227 0.019385
v 0.128707 -0.463974 0.014976
v 0.133362 -0.465235 -0.008364
v 0.156482 -0.461488 -0.003956
v 0.155229 -0.483493 0.021321
v 0.132108 -0.487240 0.016912
v 0.136763 -0.488501 -0.006428
v 0.159884 -0.484755 -0.002020
v 0.161301 -0.522308 0.026961
v 0.135253 -0.525506 0.021912
v 0.140640 -0.528289 -0.004116
v 0.166687 -0.525092 0.000933
v 0.164946 -0.543597 0.032003
v 0.135081 -0.547263 0.026214
v 0.141257 -0.550455 -0.003628
v 0.171123 -0.546789 0.002161
v 0.175270 -0.591030 0.051647
v 0.129212 -0.596350 0.042659
v 0.139255 -0.607749 -0.002058
v 0.185313 -0.602429 0.006929
v 0.181618 -0.688303 0.050837
v 0.131373 -0.691773 0.041168
v 0.139245 -0.673761 -0.006200
v 0.189490 -0.670291 0.003470
v 0.189212 -0.742131 0.029824
v 0.149337 -0.744885 0.022150
v 0.155584 -0.730590 -0.015442
v 0.195460 -0.727836 -0.007768
v 0.189290 -0.768117 0.015135
v 0.158138 -0.770269 0.009140
v 0.163018 -0.759101 -0.020228
v 0.194171 -0.756950 -0.014233
v 0.190637 -0.802976 0.000811
v 0.165002 -0.802976 -0.003590
v 0.169300 -0.797374 -0.028623
v 0.194935 -0.797374 -0.024222
v 0.193348 -0.827977 -0.002045
v 0.165545 -0.827618 -0.008847
v 0.170079 -0.821255 -0.036007
v 0.198369 -0.821432 -0.031291
v 0.197024 -0.861880 -0.005917
v 0.167035 -0.860427 -0.014018
v 0.172885 -0.854349 -0.044866
v 0.203026 -0.854057 -0.040876
v 0.201240 -0.902668 -0.007659
v 0.167081 -0.903420 -0.020392
v 0.171171 -0.894203 -0.054799
v 0.212338 -0.893044 -0.059612
v 0.180428 -0.625069 0.083988
v 0.121347 -0.630934 0.072367
v 0.119836 -0.633039 -0.003288
v 0.194637 -0.627853 0.009425
v 0.183098 -0.660043 0.087102
v 0.121073 -0.665388 0.074938
v 0.117999 -0.657025 -0.005850
v 0.197120 -0.652599 0.008632
v 0.180449 -0.324225 -0.001735
v 0.093468 -0.354650 -0.023085
v 0.109785 -0.390722 -0.006079
v 0.166095 -0.387238 0.003182
v 0.120607 -0.419436 -0.003668
v 0.154454 -0.415544 0.004201
v 0.127548 -0.440572 0.001302
v 0.150839 -0.438357 0.005847
v 0.131034 -0.464604 0.003306
v 0.154155 -0.460858 0.007715
v 0.134436 -0.487871 0.005242
v 0.157556 -0.484124 0.009650
v 0.137807 -0.510913 0.007157
v 0.160987 -0.507614 0.011607
v 0.137946 -0.526897 0.008898
v 0.163994 -0.523700 0.013947
v 0.138169 -0.548859 0.011293
v 0.168034 -0.545193 0.017082
v 0.138415 -0.573624 0.013991
v 0.176983 -0.568521 0.022473
v 0.134233 -0.602049 0.020300
v 0.187190 -0.593995 0.028727
v 0.115049 -0.650297 0.038466
v 0.200760 -0.643303 0.056145
v 0.135309 -0.682767 0.017484
v 0.191280 -0.682362 0.025621
v 0.152460 -0.737737 0.003354
v 0.192336 -0.734983 0.011028
v 0.160578 -0.764685 -0.005544
v 0.191730 -0.762533 0.000451
v 0.167794 -0.788387 -0.013374
v 0.191233 -0.787571 -0.009136
v 0.167151 -0.800175 -0.016107
v 0.192786 -0.800175 -0.011706
v 0.165909 -0.824705 -0.021809
v 0.199314 -0.825553 -0.015423
v 0.164226 -0.857968 -0.029542
v 0.207800 -0.856377 -0.020369
v 0.162170 -0.898574 -0.038983
v 0.222068 -0.895737 -0.026542
v 0.196298 -0.622483 0.045321
v 0.118720 -0.631987 0.033079
v 0.196866 -0.663736 0.048727
v 0.118353 -0.661326 0.033697
v 0.147057 -0.329365 -0.053939
v 0.126937 -0.326028 0.036585
v 0.132085 -0.387924 0.024991
v 0.143796 -0.390037 -0.027888
v 0.134394 -0.415892 0.015627
v 0.140667 -0.419088 -0.015093
v 0.136834 -0.438546 0.015219
v 0.141553 -0.440384 -0.008070
v 0.140267 -0.462100 0.017180
v 0.144922 -0.463362 -0.006160
v 0.143668 -0.485367 0.019116
v 0.148323 -0.486628 -0.004224
v 0.147029 -0.508328 0.021023
v 0.151766 -0.510200 -0.002259
v 0.148277 -0.523907 0.024436
v 0.153663 -0.526690 -0.001591
v 0.150013 -0.545430 0.029109
v 0.156190 -0.548622 -0.000734
v 0.151868 -0.568551 0.034195
v 0.159154 -0.574625 0.000432
v 0.152241 -0.593690 0.047153
v 0.162284 -0.605089 0.002435
v 0.150119 -0.648408 0.092442
v 0.158022 -0.645952 -0.007629
v 0.156496 -0.690038 0.046003
v 0.164368 -0.672026 -0.001365
v 0.169275 -0.743508 0.025987
v 0.175522 -0.729213 -0.011605
v 0.173714 -0.769193 0.012138
v 0.178594 -0.758026 -0.017231
v 0.177595 -0.791364 0.000008
v 0.181432 -0.784594 -0.022519
v 0.177820 -0.802976 -0.001390
v 0.182117 -0.797374 -0.026423
v 0.179281 -0.828112 -0.004323
v 0.183394 -0.821432 -0.033862
v 0.180896 -0.862296 -0.007250
v 0.185126 -0.854057 -0.043949
v 0.182961 -0.903677 -0.010300
v 0.186142 -0.893882 -0.060774
v 0.158367 -0.630015 -0.004425
v 0.150887 -0.628001 0.078177
v 0.159170 -0.654888 -0.005463
v 0.152086 -0.662716 0.081020
v 0.137745 -0.317453 -0.008010
v 0.167223 -0.346298 0.039334
v 0.090502 -0.372586 0.027075
v 0.106363 -0.367365 -0.049354
v 0.184396 -0.352680 -0.037755
v 0.183019 -0.355317 0.000694
v 0.099245 -0.369142 -0.017574
v 0.146587 -0.355891 -0.047363
v 0.127891 -0.353562 0.040590
v 0.197412 -0.924218 -0.020414
v 0.174307 -0.924727 -0.029027
v 0.177073 -0.918493 -0.052301
v 0.204919 -0.917709 -0.055556
v 0.170985 -0.921449 -0.041602
v 0.217053 -0.921753 -0.033381
v 0.185048 -0.924901 -0.022201
v 0.187200 -0.918275 -0.056342
v 0.193813 -0.934692 -0.039717
v -0.148479 -0.437438 0.017491
v -0.125188 -0.439653 0.012947
v -0.129908 -0.441491 -0.010343
v -0.153199 -0.439276 -0.005798
v -0.170179 -0.321798 0.043026
v -0.087000 -0.358097 0.031238
v -0.102044 -0.343858 -0.059820
v -0.190718 -0.326652 -0.046496
v -0.158619 -0.506678 0.023249
v -0.135438 -0.509977 0.018798
v -0.140175 -0.511849 -0.004485
v -0.163356 -0.508550 -0.000034
v -0.168965 -0.566515 0.037518
v -0.134772 -0.570588 0.030872
v -0.142057 -0.576661 -0.002891
v -0.176250 -0.572589 0.003755
v -0.183834 -0.646101 0.101654
v -0.116404 -0.650716 0.083230
v -0.114985 -0.645889 -0.004494
v -0.200682 -0.644339 0.011043
v -0.189314 -0.790956 0.002127
v -0.165875 -0.791772 -0.002110
v -0.169712 -0.785002 -0.024638
v -0.193152 -0.784186 -0.020400
v -0.160240 -0.386182 0.029621
v -0.103929 -0.389666 0.020360
v -0.115640 -0.391779 -0.032519
v -0.171951 -0.388295 -0.023258
v -0.151318 -0.413945 0.019561
v -0.117471 -0.417838 0.011692
v -0.123743 -0.421034 -0.019028
v -0.157590 -0.417142 -0.011159
v -0.151827 -0.460227 0.019385
v -0.128707 -0.463974 0.014976
v -0.133362 -0.465235 -0.008364
v -0.156482 -0.461488 -0.003956
v -0.155229 -0.483493 0.021321
v -0.132108 -0.487240 0.016912
v -0.136763 -0.488501 -0.006428
v -0.159884 -0.484755 -0.002020
v -0.161301 -0.522308 0.026961
v -0.135253 -0.525506 0.021912
v -0.140640 -0.528289 -0.004116
v -0.166687 -0.525092 0.000933
v -0.164946 -0.543597 0.032003
v -0.135081 -0.547263 0.026214
v -0.141257 -0.550455 -0.003628
v -0.171123 -0.546789 0.002161
v -0.175270 -0.591030 0.051647
v -0.129212 -0.596350 0.042659
v -0.139255 -0.607749 -0.002058
v -0.185313 -0.602429 0.006929
v -0.181618 -0.688303 0.050837
v -0.131373 -0.691773 0.041168
v -0.139245 -0.673761 -0.006200
v -0.189490 -0.670291 0.003470
v -0.189212 -0.742131 0.029824
v -0.149337 -0.744885 0.022150
v -0.155584 -0.730590 -0.015442
v -0.195460 -0.727836 -0.007768
v -0.189290 -0.768117 0.015135
v -0.158138 -0.770269 0.009140
v -0.163018 -0.759101 -0.020228
v -0.194171 -0.756950 -0.014233
v -0.190637 -0.802976 0.000811
v -0.165002 -0.802976 -0.003590
v -0.169300 -0.797374 -0.028623
v -0.194935 -0.797374 -0.024222
v -0.193348 -0.827977 -0.002045
v -0.165545 -0.827618 -0.008847
v -0.170079 -0.821255 -0.036007
v -0.198369 -0.821432 -0.031291
v -0.197024 -0.861880 -0.005917
v -0.167035 -0.860427 -0.014018
v -0.172885 -0.854349 -0.044866
v -0.203026 -0.854057 -0.040876
v -0.201240 -0.902668 -0.007659
v -0.167081 -0.903420 -0.020392
v -0.171171 -0.894203 -0.054799
v -0.212338 -0.893044 -0.059612
v -0.180428 -0.625069 0.083988
v -0.121347 -0.630934 0.072367
v -0.119836 -0.633039 -0.003288
v -0.194637 -0.627853 0.009425
v -0.183098 -0.660043 0.087102
v -0.121073 -0.665388 0.074938
v -0.117999 -0.657025 -0.005850
v -0.197120 -0.652599 0.008632
v -0.180449 -0.324225 -0.001735
v -0.093468 -0.354650 -0.023085
v -0.109785 -0.390722 -0.006079
v -0.166095 -0.387238 0.003182
v -0.120607 -0.419436 -0.003668
v -0.154454 -0.415544 0.004201
v -0.127548 -0.440572 0.001302
v -0.150839 -0.438357 0.005847
v -0.131034 -0.464604 0.003306
v -0.154155 -0.460858 0.007715
v -0.134436 -0.487871 0.005242
v -0.157556 -0.484124 0.009650
v -0.137807 -0.510913 0.007157
v -0.160987 -0.507614 0.011607
v -0.137946 -0.526897 0.008898
v -0.163994 -0.523700 0.013947
v -0.138169 -0.548859 0.011293
v -0.168034 -0.545193 0.017082
v -0.138415 -0.573624 0.013991
v -0.176983 -0.568521 0.022473
v -0.134233 -0.602049 0.020300
v -0.187190 -0.593995 0.028727
v -0.115049 -0.650297 0.038466
v -0.200760 -0.643303 0.056145
v -0.135309 -0.682767 0.017484
v -0.191280 -0.682362 0.025621
v -0.152460 -0.737737 0.003354
v -0.192336 -0.734983 0.011028
v -0.160578 -0.764685 -0.005544
v -0.191730 -0.762533 0.000451
v -0.167794 -0.788387 -0.013374
v -0.191233 -0.787571 -0.009136
v -0.167151 -0.800175 -0.016107
v -0.192786 -0.800175 -0.011706
v -0.165909 -0.824705 -0.021809
v -0.199314 -0.825553 -0.015423
v -0.164226 -0.857968 -0.029542
v -0.207800 -0.856377 -0.020369
v -0.162170 -0.898574 -0.038983
v -0.222068 -0.895737 -0.026542
v -0.196298 -0.622483 0.045321
v -0.118720 -0.631987 0.033079
v -0.196866 -0.663736 0.048727
v -0.118353 -0.661326 0.033697
v -0.147057 -0.329365 -0.053939
v -0.126937 -0.326028 0.036585
v -0.132085 -0.387924 0.024991
v -0.143796 -0.390037 -0.027888
v -0.134394 -0.415892 0.015627
v -0.140667 -0.419088 -0.015093
v -0.136834 -0.438546 0.015219
v -0.141553 -0.440384 -0.008070
v -0.140267 -0.462100 0.017180
v -0.144922 -0.463362 -0.006160
v -0.143668 -0.485367 0.019116
v -0.148323 -0.486628 -0.004224
v -0.147029 -0.508328 0.021023
v -0.151766 -0.510200 -0.002259
v -0.148277 -0.523907 0.024436
v -0.153663 -0.526690 -0.001591
v -0.150013 -0.545430 0.029109
v -0.156190 -0.548622 -0.000734
v -0.151868 -0.568551 0.034195
v -0.159154 -0.574625 0.000432
v -0.152241 -0.593690 0.047153
v -0.162284 -0.605089 0.002435
v -0.150119 -0.648408 0.092442
v -0.158022 -0.645952 -0.007629
v -0.156496 -0.690038 0.046003
v -0.164368 -0.672026 -0.001365
v -0.169275 -0.743508 0.025987
v -0.175522 -0.729213 -0.011605
v -0.173714 -0.769193 0.012138
v -0.178594 -0.758026 -0.017231
v -0.177595 -0.791364 0.000008
v -0.181432 -0.784594 -0.022519
v -0.177820 -0.802976 -0.001390
v -0.182117 -0.797374 -0.026423
v -0.179281 -0.828112 -0.004323
v -0.183394 -0.821432 -0.033862
v -0.180896 -0.862296 -0.007250
v -0.185126 -0.854057 -0.043949
v -0.182961 -0.903677 -0.010300
v -0.186142 -0.893882 -0.060774
v -0.158367 -0.630015 -0.004425
v -0.150887 -0.628001 0.078177
v -0.159170 -0.654888 -0.005463
v -0.152086 -0.662716 0.081020
v -0.137745 -0.317453 -0.008010
v -0.167223 -0.346298 0.039334
v -0.090502 -0.372586 0.027075
v -0.106363 -0.367365 -0.049354
v -0.184396 -0.352680 -0.037755
v -0.183019 -0.355317 0.000694
v -0.099245 -0.369142 -0.017574
v -0.146587 -0.355891 -0.047363
v -0.127891 -0.353562 0.040590
v -0.197412 -0.924218 -0.020414
v -0.174307 -0.924727 -0.029027
v -0.177073 -0.918493 -0.052301
v -0.204919 -0.917709 -0.055556
v -0.170985 -0.921449 -0.041602
v -0.217053 -0.921753 -0.033381
v -0.185048 -0.924901 -0.022201
v -0.187200 -0.918275 -0.056342
v -0.193813 -0.934692 -0.039717
vn -0.6328 0.7742 -0.0164
vn -0.1128 -0.4277 0.8969
vn -0.8511 -0.4872 -0.1957
vn 0.2200 -0.4655 -0.8573
vn 0.8801 -0.3276 0.3435
vn -0.1486 -0.3402 0.9285
vn -0.9206 -0.3488 -0.1759
vn 0.2023 -0.4378 -0.8760
vn 0.9044 -0.3668 0.2179
vn -0.2092 -0.0292 0.9774
vn -0.9261 -0.3432 -0.1565
vn 0.2325 -0.2840 -0.9302
vn 0.9681 -0.1368 0.2098
vn -0.1957 0.0532 0.9792
vn -0.9703 -0.1564 -0.1847
vn 0.1957 -0.0525 -0.9793
vn 0.9700 0.1581 0.1845
vn -0.1953 0.0529 0.9793
vn -0.9701 -0.1572 -0.1850
vn 0.1953 -0.0529 -0.9793
vn 0.9701 0.1572 0.1850
vn -0.1954 0.0527 0.9793
vn -0.9701 -0.1572 -0.1849
vn 0.1955 -0.0531 -0.9793
vn 0.9701 0.1572 0.1849
vn -0.2105 0.1938 0.9582
vn -0.9797 -0.0311 -0.1982
vn 0.1918 -0.0182 -0.9813
vn 0.9621 0.2065 0.1780
vn -0.2094 0.1913 0.9589
vn -0.9794 -0.0317 -0.1993
vn 0.1922 -0.0162 -0.9812
vn 0.9622 0.2067 0.1770
vn -0.2095 0.1941 0.9584
vn -0.9788 -0.0337 -0.2022
vn 0.1931 -0.0221 -0.9809
vn 0.8997 0.3218 0.2948
vn -0.2211 0.4445 0.8680
vn -0.9687 0.0857 -0.2330
vn 0.1960 -0.0445 -0.9796
vn 0.8230 0.4254 0.3765
vn -0.2366 0.5390 0.8084
vn -0.9646 0.2636 -0.0016
vn 0.3741 0.1108 -0.9208
vn 0.8449 0.4004 0.3548
vn -0.0558 -0.7927 0.6070
vn -0.7332 -0.6558 -0.1796
vn 0.2869 0.0092 -0.9579
vn 0.8248 -0.4873 0.2867
vn -0.1497 -0.3778 0.9137
vn -0.9418 -0.2310 -0.2444
vn 0.1712 0.2059 -0.9635
vn 0.9613 -0.0139 0.2751
vn -0.1323 -0.4881 0.8627
vn -0.9491 -0.2077 -0.2367
vn 0.1712 0.2063 -0.9634
vn 0.9879 -0.0740 0.1361
vn -0.1340 -0.4952 0.8584
vn -0.9500 -0.2092 -0.2319
vn 0.1690 0.2107 -0.9628
vn 0.9873 -0.0757 0.1397
vn -0.1702 -0.1186 0.9782
vn -0.9856 0.0838 -0.1468
vn 0.1609 0.2955 -0.9417
vn 0.9783 0.0844 0.1893
vn -0.2450 -0.1670 0.9550
vn -0.9744 0.0673 -0.2147
vn 0.1614 0.2993 -0.9404
vn 0.9383 0.1303 0.3203
vn -0.3850 -0.1283 0.9140
vn -0.9211 0.0797 -0.3812
vn 0.8427 0.0859 0.5314
vn -0.4961 -0.1086 0.8614
vn -0.8760 0.1513 -0.4580
vn 0.0789 0.4186 -0.9047
vn 0.7050 0.0932 0.7031
vn 0.8071 0.4669 0.3613
vn 0.2852 0.1131 -0.9518
vn -0.8495 0.5066 -0.1470
vn -0.2114 0.6621 0.7190
vn 0.8858 -0.3287 0.3276
vn 0.3779 -0.0399 -0.9250
vn -0.9631 -0.2681 -0.0234
vn -0.1450 -0.5790 0.8023
vn -0.9504 -0.3095 0.0289
vn 0.9697 -0.2428 -0.0268
vn -0.9517 0.2989 -0.0697
vn 0.9515 0.2808 -0.1255
vn 0.9141 0.3436 -0.2153
vn -0.9760 -0.0176 0.2171
vn 0.9676 0.2261 -0.1121
vn -0.9965 -0.0133 0.0830
vn 0.9802 0.1789 0.0852
vn -0.9953 0.0343 -0.0905
vn 0.9789 0.0800 0.1882
vn -0.9852 0.0914 -0.1447
vn 0.9874 -0.0712 0.1413
vn -0.9482 -0.2151 -0.2336
vn 0.9971 0.0504 0.0562
vn 0.9592 -0.2563 -0.1192
vn -0.9058 -0.4118 -0.0999
vn 0.9652 0.2582 -0.0411
vn -0.9702 0.2382 0.0442
vn 0.9410 0.3016 -0.1537
vn -0.9673 0.0955 -0.2348
vn 0.9603 0.2781 0.0204
vn -0.9788 -0.0297 -0.2028
vn 0.9624 0.2050 0.1782
vn -0.9797 -0.0291 -0.1984
vn 0.9701 0.1570 0.1849
vn -0.9701 -0.1574 -0.1848
vn 0.9700 0.1585 0.1845
vn -0.9703 -0.1560 -0.1847
vn 0.9677 -0.1397 0.2100
vn -0.9275 -0.3393 -0.1571
vn 0.9062 -0.3623 0.2180
vn -0.9122 -0.3717 -0.1726
vn 0.9214 -0.3772 0.0935
vn -0.8244 -0.5342 -0.1872
vn -0.4773 0.8712 -0.1151
vn 0.0689 0.9876 -0.1413
vn -0.1201 -0.6748 0.7282
vn -0.0314 -0.0468 -0.9984
vn -0.2116 0.6581 0.7226
vn 0.0410 0.1403 -0.9893
vn -0.1803 0.3145 -0.9320
vn -0.1118 -0.0664 0.9915
vn 0.1129 0.2824 -0.9526
vn -0.1161 -0.1076 0.9874
vn 0.1586 0.2979 -0.9413
vn -0.1624 -0.1265 0.9786
vn 0.1608 0.2970 -0.9412
vn -0.1701 -0.1234 0.9777
vn 0.1692 0.2088 -0.9632
vn -0.1345 -0.4920 0.8601
vn 0.0812 -0.0468 -0.9956
vn -0.0572 -0.7884 0.6124
vn -0.0575 0.1613 -0.9852
vn -0.2330 0.5842 0.7774
vn 0.1960 -0.0441 -0.9796
vn -0.2211 0.4440 0.8683
vn 0.1931 -0.0218 -0.9809
vn -0.2095 0.1939 0.9584
vn 0.1916 -0.0172 -0.9813
vn -0.2104 0.1923 0.9585
vn 0.1954 -0.0530 -0.9793
vn -0.1954 0.0528 0.9793
vn 0.1957 -0.0529 -0.9792
vn -0.1957 0.0528 0.9792
vn 0.2333 -0.3077 -0.9224
vn -0.2069 -0.0507 0.9771
vn 0.2026 -0.3880 -0.8991
vn -0.1531 -0.3090 0.9387
vn 0.1792 -0.5040 -0.8449
vn -0.0043 -0.3225 0.9465
vn 0.0187 0.9972 0.0730
vn -0.0638 0.0085 0.9979
vn 0.1792 -0.3048 -0.9354
vn -0.9370 -0.3077 -0.1654
vn 0.9896 -0.0379 0.1384
vn 0.9539 -0.0134 0.3000
vn 0.2163 -0.2989 -0.9295
vn -0.8964 -0.3516 -0.2698
vn -0.2200 -0.0270 0.9751
vn 0.0492 -0.1765 -0.9831
vn -0.8098 -0.2513 -0.5302
vn 0.9024 -0.2004 -0.3816
vn 0.6232 -0.3941 0.6755
vn -0.4804 -0.4644 0.7440
vn -0.3611 -0.1818 -0.9146
vn -0.9174 -0.3702 0.1458
vn -0.0975 -0.4940 0.8639
vn 0.3455 -0.7509 -0.5629
vn 0.2357 -0.8719 0.4292
vn -0.3961 -0.9096 0.1253
vn -0.3398 -0.7703 -0.5396
vn 0.6328 0.7742 -0.0164
vn 0.1128 -0.4277 0.8969
vn 0.8511 -0.4872 -0.1957
vn -0.2200 -0.4655 -0.8573
vn -0.8801 -0.3276 0.3435
vn 0.1486 -0.3402 0.9285
vn 0.9206 -0.3488 -0.1759
vn -0.2023 -0.4378 -0.8760
vn -0.9044 -0.3668 0.2179
vn 0.2092 -0.0292 0.9774
vn 0.9261 -0.3432 -0.1565
vn -0.2325 -0.2840 -0.9302
vn -0.9681 -0.1368 0.2098
vn 0.1957 0.0532 0.9792
vn 0.9703 -0.1564 -0.1847
vn -0.1957 -0.0525 -0.9793
vn -0.9700 0.1581 0.1845
vn 0.1953 0.0529 0.9793
vn 0.9701 -0.1572 -0.1850
vn -0.1953 -0.0529 -0.9793
vn -0.9701 0.1572 0.1850
vn 0.1954 0.0527 0.9793
vn 0.9701 -0.1572 -0.1849
vn -0.1955 -0.0531 -0.9793
vn -0.9701 0.1572 0.1849
vn 0.2105 0.1938 0.9582
vn 0.9797 -0.0311 -0.1982
vn -0.1918 -0.0182 -0.9813
vn -0.9621 0.2065 0.1780
vn 0.2094 0.1913 0.9589
vn 0.9794 -0.0317 -0.1993
vn -0.1922 -0.0162 -0.9812
vn -0.9622 0.2067 0.1770
vn 0.2095 0.1941 0.9584
vn 0.9788 -0.0337 -0.2022
vn -0.1931 -0.0221 -0.9809
vn -0.8997 0.3218 0.2948
vn 0.2211 0.4445 0.8680
vn 0.9687 0.0857 -0.2330
vn -0.1960 -0.0445 -0.9796
vn -0.8230 0.4254 0.3765
vn 0.2366 0.5390 0.8084
vn 0.9646 0.2636 -0.0016
vn -0.3741 0.1108 -0.9208
vn -0.8449 0.4004 0.3548
vn 0.0558 -0.7927 0.6070
vn 0.7332 -0.6558 -0.1796
vn -0.2869 0.0092 -0.9579
vn -0.8248 -0.4873 0.2867
vn 0.1497 -0.3778 0.9137
vn 0.9418 -0.2310 -0.2444
vn -0.1712 0.2059 -0.9635
vn -0.9613 -0.0139 0.2751
vn 0.1323 -0.4881 0.8627
vn 0.9491 -0.2077 -0.2367
vn -0.1712 0.2063 -0.9634
vn -0.9879 -0.0740 0.1361
vn 0.1340 -0.4952 0.8584
vn 0.9500 -0.2092 -0.2319
vn -0.1690 0.2107 -0.9628
vn -0.9873 -0.0757 0.1397
vn 0.1702 -0.1186 0.9782
vn 0.9856 0.0838 -0.1468
vn -0.1609 0.2955 -0.9417
vn -0.9783 0.0844 0.1893
vn 0.2450 -0.1670 0.9550
vn 0.9744 0.0673 -0.2147
vn -0.1614 0.2993 -0.9404
vn -0.9383 0.1303 0.3203
vn 0.3850 -0.1283 0.9140
vn 0.9211 0.0797 -0.3812
vn -0.8427 0.0859 0.5314
vn 0.4961 -0.1086 0.8614
vn 0.8760 0.1513 -0.4580
vn -0.0789 0.4186 -0.9047
vn -0.7050 0.0932 0.7031
vn -0.8071 0.4669 0.3613
vn -0.2852 0.1131 -0.9518
vn 0.8495 0.5066 -0.1470
vn 0.2114 0.6621 0.7190
vn -0.8858 -0.3287 0.3276
vn -0.3779 -0.0399 -0.9250
vn 0.9631 -0.2681 -0.0234
vn 0.1450 -0.5790 0.8023
vn 0.9504 -0.3095 0.0289
vn -0.9697 -0.2428 -0.0268
vn 0.9517 0.2989 -0.0697
vn -0.9515 0.2808 -0.1255
vn -0.9141 0.3436 -0.2153
vn 0.9760 -0.0176 0.2171
vn -0.9676 0.2261 -0.1121
vn 0.9965 -0.0133 0.0830
vn -0.9802 0.1789 0.0852
vn 0.9953 0.0343 -0.0905
vn -0.9789 0.0800 0.1882
vn 0.9852 0.0914 -0.1447
vn -0.9874 -0.0712 0.1413
vn 0.9482 -0.2151 -0.2336
vn -0.9971 0.0504 0.0562
vn -0.9592 -0.2563 -0.1192
vn 0.9058 -0.4118 -0.0999
vn -0.9652 0.2582 -0.0411
vn 0.9702 0.2382 0.0442
vn -0.9410 0.3016 -0.1537
vn 0.9673 0.0955 -0.2348
vn -0.9603 0.2781 0.0204
vn 0.9788 -0.0297 -0.2028
vn -0.9624 0.2050 0.1782
vn 0.9797 -0.0291 -0.1984
vn -0.9701 0.1570 0.1849
vn 0.9701 -0.1574 -0.1848
vn -0.9700 0.1585 0.1845
vn 0.9703 -0.1560 -0.1847
vn -0.9677 -0.1397 0.2100
vn 0.9275 -0.3393 -0.1571
vn -0.9062 -0.3623 0.2180
vn 0.9122 -0.3717 -0.1726
vn -0.9214 -0.3772 0.0935
vn 0.8244 -0.5342 -0.1872
vn 0.4773 0.8712 -0.1151
vn -0.0689 0.9876 -0.1413
vn 0.1201 -0.6748 0.7282
vn 0.0314 -0.0468 -0.9984
vn 0.2116 0.6581 0.7226
vn -0.0410 0.1403 -0.9893
vn 0.1803 0.3145 -0.9320
vn 0.1118 -0.0664 0.9915
vn -0.1129 0.2824 -0.9526
vn 0.1161 -0.1076 0.9874
vn -0.1586 0.2979 -0.9413
vn 0.1624 -0.1265 0.9786
vn -0.1608 0.2970 -0.9412
vn 0.1701 -0.1234 0.9777
vn -0.1692 0.2088 -0.9632
vn 0.1345 -0.4920 0.8601
vn -0.0812 -0.0468 -0.9956
vn 0.0572 -0.7884 0.6124
vn 0.0575 0.1613 -0.9852
vn 0.2330 0.5842 0.7774
vn -0.1960 -0.0441 -0.9796
vn 0.2211 0.4440 0.8683
vn -0.1931 -0.0218 -0.9809
vn 0.2095 0.1939 0.9584
vn -0.1916 -0.0172 -0.9813
vn 0.2104 0.1923 0.9585
vn -0.1954 -0.0530 -0.9793
vn 0.1954 0.0528 0.9793
vn -0.1957 -0.0529 -0.9792
vn 0.1957 0.0528 0.9792
vn -0.2333 -0.3077 -0.9224
vn 0.2069 -0.0507 0.9771
vn -0.2026 -0.3880 -0.8991
vn 0.1531 -0.3090 0.9387
vn -0.1792 -0.5040 -0.8449
vn 0.0043 -0.3225 0.9465
vn -0.0187 0.9972 0.0730
vn 0.0638 0.0085 0.9979
vn -0.1792 -0.3048 -0.9354
vn 0.9370 -0.3077 -0.1654
vn -0.9896 -0.0379 0.1384
vn -0.9539 -0.0134 0.3000
vn -0.2163 -0.2989 -0.9295
vn 0.8964 -0.3516 -0.2698
vn 0.2200 -0.0270 0.9751
vn -0.0492 -0.1765 -0.9831
vn 0.8097 -0.2513 -0.5302
vn -0.9024 -0.2004 -0.3816
vn -0.6232 -0.3941 0.6755
vn 0.4804 -0.4644 0.7440
vn 0.3611 -0.1818 -0.9146
vn 0.9174 -0.3702 0.1458
vn 0.0975 -0.4940 0.8639
vn -0.3455 -0.7509 -0.5629
vn -0.2357 -0.8719 0.4292
vn 0.3961 -0.9096 0.1253
vn 0.3398 -0.7703 -0.5396
vt 0.593346 0.745465
vt 0.690957 0.733662
vt 0.690957 0.823853
vt 0.606326 0.821117
vt 0.479001 0.044700
vt 0.546195 0.071883
vt 0.529133 0.103422
vt 0.482069 0.104574
vt 0.624354 0.062520
vt 0.671297 0.038664
vt 0.664288 0.088215
vt 0.624873 0.105348
vt 0.331335 0.043317
vt 0.395676 0.041878
vt 0.376024 0.098508
vt 0.328903 0.098417
vt 0.080092 0.055044
vt 0.147504 0.040881
vt 0.136523 0.108639
vt 0.091958 0.111766
vt 0.513998 0.153422
vt 0.485197 0.152411
vt 0.661030 0.139097
vt 0.638247 0.148202
vt 0.353274 0.143888
vt 0.324527 0.145355
vt 0.125077 0.157595
vt 0.099336 0.161085
vt 0.503993 0.189978
vt 0.484354 0.189750
vt 0.660215 0.174446
vt 0.643012 0.181684
vt 0.345425 0.179593
vt 0.325792 0.180205
vt 0.124002 0.196608
vt 0.104479 0.198789
vt 0.500796 0.229705
vt 0.481218 0.228231
vt 0.665453 0.205134
vt 0.648301 0.212738
vt 0.348988 0.216412
vt 0.329434 0.218290
vt 0.126978 0.231899
vt 0.107411 0.233630
vt 0.497683 0.267717
vt 0.478105 0.266243
vt 0.670607 0.235216
vt 0.653455 0.242820
vt 0.352660 0.254974
vt 0.333106 0.256852
vt 0.130026 0.267935
vt 0.110459 0.269666
vt 0.494633 0.304867
vt 0.475028 0.303758
vt 0.675777 0.265404
vt 0.658565 0.272614
vt 0.356406 0.294411
vt 0.336821 0.295919
vt 0.133062 0.303844
vt 0.113541 0.306049
vt 0.495876 0.329421
vt 0.473872 0.328584
vt 0.671852 0.489163
vt 0.691396 0.488689
vt 0.691502 0.506421
vt 0.669632 0.506621
vt 0.360378 0.321945
vt 0.338390 0.323221
vt 0.138836 0.327609
vt 0.117015 0.330615
vt 0.497499 0.363854
vt 0.472269 0.362895
vt 0.691659 0.530341
vt 0.666583 0.530571
vt 0.365683 0.358068
vt 0.340471 0.359531
vt 0.146682 0.359983
vt 0.121663 0.363429
vt 0.499422 0.400736
vt 0.470542 0.399737
vt 0.691595 0.558517
vt 0.663151 0.557584
vt 0.371792 0.401001
vt 0.342932 0.402573
vt 0.155232 0.394791
vt 0.128219 0.397256
vt 0.507656 0.439156
vt 0.468757 0.437942
vt 0.690871 0.596481
vt 0.653097 0.593612
vt 0.384315 0.450956
vt 0.345443 0.452938
vt 0.176856 0.430292
vt 0.135808 0.433999
vt 0.464739 0.486957
vt 0.514589 0.487745
vt 0.521372 0.516748
vt 0.463727 0.516996
vt 0.630343 0.644273
vt 0.690127 0.648296
vt 0.691659 0.668628
vt 0.621515 0.668509
vt 0.334557 0.493747
vt 0.397519 0.493702
vt 0.406081 0.521421
vt 0.331436 0.520034
vt 0.160561 0.474633
vt 0.228638 0.479161
vt 0.256833 0.509580
vt 0.177367 0.505234
vt 0.466340 0.543000
vt 0.518615 0.543162
vt 0.517069 0.594963
vt 0.474809 0.595549
vt 0.619024 0.296371
vt 0.681635 0.294700
vt 0.679622 0.339229
vt 0.637385 0.340909
vt 0.332999 0.534774
vt 0.398766 0.534698
vt 0.383099 0.563135
vt 0.340833 0.563377
vt 0.167936 0.540367
vt 0.234448 0.534126
vt 0.178203 0.584744
vt 0.133841 0.575179
vt 0.501612 0.688457
vt 0.468073 0.688922
vt 0.668032 0.416602
vt 0.634511 0.417935
vt 0.383611 0.658844
vt 0.350067 0.659036
vt 0.144417 0.671483
vt 0.112714 0.661350
vt 0.495222 0.734003
vt 0.469021 0.734367
vt 0.662212 0.454414
vt 0.636024 0.455456
vt 0.376664 0.706816
vt 0.350459 0.706966
vt 0.122130 0.715149
vt 0.097363 0.707232
vt 0.489436 0.772684
vt 0.469820 0.773639
vt 0.657000 0.488689
vt 0.637383 0.488558
vt 0.370435 0.751721
vt 0.350799 0.751168
vt 0.102402 0.753554
vt 0.083432 0.748910
vt 0.492799 0.791053
vt 0.471445 0.792847
vt 0.568968 0.824350
vt 0.588243 0.824848
vt 0.590856 0.840932
vt 0.569686 0.839358
vt 0.370866 0.773748
vt 0.349470 0.772405
vt 0.100416 0.772613
vt 0.079380 0.768993
vt 0.496927 0.832311
vt 0.473363 0.834580
vt 0.596232 0.870060
vt 0.571254 0.870492
vt 0.371917 0.813956
vt 0.346920 0.812388
vt 0.096113 0.812289
vt 0.072305 0.808101
vt 0.500560 0.886992
vt 0.476205 0.891047
vt 0.602450 0.907739
vt 0.573380 0.912710
vt 0.373344 0.868479
vt 0.343464 0.866605
vt 0.090277 0.866089
vt 0.062815 0.855470
vt 0.508249 0.958225
vt 0.479299 0.959317
vt 0.606184 0.958361
vt 0.575976 0.964248
vt 0.379022 0.934329
vt 0.336167 0.932838
vt 0.088017 0.930510
vt 0.049663 0.914784
vt 0.616689 0.280956
vt 0.684659 0.279823
vt 0.548515 0.279823
vt 0.554680 0.300841
vt 0.105017 0.512721
vt 0.102882 0.527517
vt 0.615322 0.590742
vt 0.566495 0.635391
vt 0.101925 0.450999
vt 0.103801 0.488442
vt 0.031522 0.855977
vt 0.000000 0.917972
vt 0.550211 0.903581
vt 0.548515 0.953658
vt 0.046959 0.803829
vt 0.550283 0.866810
vt 0.058343 0.765373
vt 0.548515 0.837784
vt 0.064463 0.744267
vt 0.549692 0.823853
vt 0.072595 0.699316
vt 0.609837 0.456497
vt 0.617767 0.488427
vt 0.081011 0.651216
vt 0.600990 0.419268
vt 0.098309 0.559207
vt 0.595148 0.342588
vt 0.548515 0.662174
vt 0.098637 0.406450
vt 0.634706 0.556651
vt 0.096644 0.366875
vt 0.641508 0.530801
vt 0.095195 0.333620
vt 0.647762 0.506822
vt 0.094021 0.308254
vt 0.652308 0.489638
vt 0.090892 0.271398
vt 0.636303 0.250424
vt 0.641354 0.279823
vt 0.087843 0.235362
vt 0.631149 0.220341
vt 0.084956 0.200970
vt 0.625808 0.188922
vt 0.073595 0.164575
vt 0.615464 0.157308
vt 0.047394 0.114894
vt 0.585458 0.122480
vt 0.017702 0.055279
vt 0.559898 0.098156
vt 0.605294 0.668628
vt 0.676497 0.671323
vt 0.548515 0.669173
vt 0.548541 0.744636
vt 0.406081 0.517244
vt 0.414064 0.542838
vt 0.262629 0.515027
vt 0.265975 0.533724
vt 0.429859 0.436727
vt 0.414889 0.486169
vt 0.306571 0.454921
vt 0.272156 0.494392
vt 0.323340 0.865758
vt 0.313601 0.931475
vt 0.449773 0.892930
vt 0.448884 0.960340
vt 0.324752 0.810696
vt 0.449955 0.836359
vt 0.328073 0.771063
vt 0.450090 0.794641
vt 0.331162 0.750615
vt 0.450205 0.774594
vt 0.324254 0.707116
vt 0.442820 0.734730
vt 0.316524 0.659228
vt 0.434535 0.689387
vt 0.298568 0.563619
vt 0.432550 0.596135
vt 0.314071 0.404146
vt 0.441661 0.398738
vt 0.315260 0.360994
vt 0.447039 0.361935
vt 0.316402 0.324497
vt 0.451867 0.327747
vt 0.317235 0.297427
vt 0.455423 0.302649
vt 0.313552 0.258730
vt 0.458526 0.264770
vt 0.309880 0.220168
vt 0.461639 0.226758
vt 0.306160 0.180817
vt 0.464714 0.189522
vt 0.295780 0.146822
vt 0.456396 0.151399
vt 0.281783 0.098325
vt 0.435004 0.105725
vt 0.264422 0.057785
vt 0.415276 0.040080
vt 0.548567 0.820098
vt 0.406081 -0.000000
vt 0.478338 0.000618
vt 0.256833 0.019047
vt 0.332934 0.000000
vt 0.548515 0.082968
vt 0.622631 0.036829
vt 0.000000 0.012404
vt 0.075544 0.006202
vt 0.151088 0.000000
vt 0.406081 0.000113
vt 0.675777 -0.000000
vt 0.548515 0.046840
vt 0.365632 0.973906
vt 0.336645 0.972898
vt 0.719673 -0.000000
vt 0.749843 0.005162
vt 0.738803 0.037983
vt 0.718395 0.034491
vt 0.041859 0.959199
vt 0.010511 0.959623
vt 0.070047 0.968104
vt 0.502363 0.995947
vt 0.482780 0.996686
vt 0.321381 0.971976
vt 0.691659 0.013520
vt 0.699446 0.043636
vt 0.462207 0.997377
vt 0.350452 1.000000
vt 0.391255 0.981069
vt 0.040911 0.988645
vt 0.071769 0.973589
vt 0.720855 0.077627
vt 0.694051 0.058429
vt 0.749843 0.050276
s 0
usemtl Material
f 1369/1068/1191 1282/1069/1191 1198/1070/1191 1326/1071/1191
f 1377/1072/1192 1371/1073/1192 1218/1074/1192 1327/1075/1192
f 1375/1076/1193 1372/1077/1193 1219/1078/1193 1283/1079/1193
f 1376/1080/1194 1373/1081/1194 1220/1082/1194 1328/1083/1194
f 1374/1084/1195 1370/1085/1195 1217/1086/1195 1284/1087/1195
f 1327/1075/1196 1218/1074/1196 1222/1088/1196 1329/1089/1196
f 1283/1079/1197 1219/1078/1197 1223/1090/1197 1285/1091/1197
f 1328/1083/1198 1220/1082/1198 1224/1092/1198 1330/1093/1198
f 1284/1087/1199 1217/1086/1199 1221/1094/1199 1286/1095/1199
f 1329/1089/1200 1222/1088/1200 1194/1096/1200 1331/1097/1200
f 1285/1091/1201 1223/1090/1201 1195/1098/1201 1287/1099/1201
f 1330/1093/1202 1224/1092/1202 1196/1100/1202 1332/1101/1202
f 1286/1095/1203 1221/1094/1203 1193/1102/1203 1288/1103/1203
f 1331/1097/1204 1194/1096/1204 1226/1104/1204 1333/1105/1204
f 1287/1099/1205 1195/1098/1205 1227/1106/1205 1289/1107/1205
f 1332/1101/1206 1196/1100/1206 1228/1108/1206 1334/1109/1206
f 1288/1103/1207 1193/1102/1207 1225/1110/1207 1290/1111/1207
f 1333/1105/1208 1226/1104/1208 1230/1112/1208 1335/1113/1208
f 1289/1107/1209 1227/1106/1209 1231/1114/1209 1291/1115/1209
f 1334/1109/1210 1228/1108/1210 1232/1116/1210 1336/1117/1210
f 1290/1111/1211 1225/1110/1211 1229/1118/1211 1292/1119/1211
f 1335/1113/1212 1230/1112/1212 1202/1120/1212 1337/1121/1212
f 1291/1115/1213 1231/1114/1213 1203/1122/1213 1293/1123/1213
f 1336/1117/1214 1232/1116/1214 1204/1124/1214 1338/1125/1214
f 1292/1119/1215 1229/1118/1215 1201/1126/1215 1294/1127/1215
f 1337/1121/1216 1202/1120/1216 1234/1128/1216 1339/1129/1216
f 1293/1130/1217 1203/1131/1217 1235/1132/1217 1295/1133/1217
f 1338/1125/1218 1204/1124/1218 1236/1134/1218 1340/1135/1218
f 1294/1127/1219 1201/1126/1219 1233/1136/1219 1296/1137/1219
f 1339/1129/1220 1234/1128/1220 1238/1138/1220 1341/1139/1220
f 1295/1133/1221 1235/1132/1221 1239/1140/1221 1297/1141/1221
f 1340/1135/1222 1236/1134/1222 1240/1142/1222 1342/1143/1222
f 1296/1137/1223 1233/1136/1223 1237/1144/1223 1298/1145/1223
f 1341/1139/1224 1238/1138/1224 1206/1146/1224 1343/1147/1224
f 1297/1141/1225 1239/1140/1225 1207/1148/1225 1299/1149/1225
f 1342/1143/1226 1240/1142/1226 1208/1150/1226 1344/1151/1226
f 1298/1145/1227 1237/1144/1227 1205/1152/1227 1300/1153/1227
f 1343/1147/1228 1206/1146/1228 1242/1154/1228 1345/1155/1228
f 1299/1149/1229 1207/1148/1229 1243/1156/1229 1301/1157/1229
f 1344/1151/1230 1208/1150/1230 1244/1158/1230 1346/1159/1230
f 1300/1153/1231 1205/1152/1231 1241/1160/1231 1302/1161/1231
f 1366/1162/1232 1274/1163/1232 1210/1164/1232 1347/1165/1232
f 1322/1166/1233 1275/1167/1233 1211/1168/1233 1303/1169/1233
f 1365/1170/1234 1276/1171/1234 1212/1172/1234 1348/1173/1234
f 1321/1174/1235 1273/1175/1235 1209/1176/1235 1304/1177/1235
f 1368/1178/1236 1278/1179/1236 1246/1180/1236 1349/1181/1236
f 1324/1182/1237 1279/1183/1237 1247/1184/1237 1305/1185/1237
f 1367/1186/1238 1280/1187/1238 1248/1188/1238 1350/1189/1238
f 1323/1190/1239 1277/1191/1239 1245/1192/1239 1306/1193/1239
f 1349/1181/1240 1246/1180/1240 1250/1194/1240 1351/1195/1240
f 1305/1185/1241 1247/1184/1241 1251/1196/1241 1307/1197/1241
f 1350/1189/1242 1248/1188/1242 1252/1198/1242 1352/1199/1242
f 1306/1193/1243 1245/1192/1243 1249/1200/1243 1308/1201/1243
f 1351/1195/1244 1250/1194/1244 1254/1202/1244 1353/1203/1244
f 1307/1197/1245 1251/1196/1245 1255/1204/1245 1309/1205/1245
f 1352/1199/1246 1252/1198/1246 1256/1206/1246 1354/1207/1246
f 1308/1201/1247 1249/1200/1247 1253/1208/1247 1310/1209/1247
f 1353/1203/1248 1254/1202/1248 1214/1210/1248 1355/1211/1248
f 1309/1205/1249 1255/1204/1249 1215/1212/1249 1311/1213/1249
f 1354/1207/1250 1256/1206/1250 1216/1214/1250 1356/1215/1250
f 1310/1209/1251 1253/1208/1251 1213/1216/1251 1312/1217/1251
f 1355/1211/1252 1214/1210/1252 1258/1218/1252 1357/1219/1252
f 1311/1220/1253 1215/1221/1253 1259/1222/1253 1313/1223/1253
f 1356/1215/1254 1216/1214/1254 1260/1224/1254 1358/1225/1254
f 1312/1217/1255 1213/1216/1255 1257/1226/1255 1314/1227/1255
f 1357/1219/1256 1258/1218/1256 1262/1228/1256 1359/1229/1256
f 1313/1223/1257 1259/1222/1257 1263/1230/1257 1315/1231/1257
f 1358/1225/1258 1260/1224/1258 1264/1232/1258 1360/1233/1258
f 1314/1227/1259 1257/1226/1259 1261/1234/1259 1316/1235/1259
f 1359/1229/1260 1262/1228/1260 1266/1236/1260 1361/1237/1260
f 1315/1231/1261 1263/1230/1261 1267/1238/1261 1317/1239/1261
f 1360/1233/1258 1264/1232/1258 1268/1240/1258 1362/1241/1258
f 1316/1235/1262 1261/1234/1262 1265/1242/1262 1318/1243/1262
f 1361/1237/1263 1266/1236/1263 1270/1244/1263 1363/1245/1263
f 1317/1239/1264 1267/1238/1264 1271/1246/1264 1319/1247/1264
f 1362/1241/1265 1268/1240/1265 1272/1248/1265 1364/1249/1265
f 1318/1243/1266 1265/1242/1266 1269/1250/1266 1320/1251/1266
f 1302/1161/1267 1241/1160/1267 1273/1175/1267 1321/1174/1267
f 1346/1159/1268 1244/1158/1268 1276/1171/1268 1365/1170/1268
f 1301/1157/1269 1243/1156/1269 1275/1167/1269 1322/1166/1269
f 1345/1155/1270 1242/1154/1270 1274/1163/1270 1366/1162/1270
f 1304/1177/1271 1209/1176/1271 1277/1191/1271 1323/1190/1271
f 1348/1173/1272 1212/1172/1272 1280/1187/1272 1367/1186/1272
f 1303/1252/1273 1211/1253/1273 1279/1183/1273 1324/1182/1273
f 1347/1165/1274 1210/1164/1274 1278/1179/1274 1368/1178/1274
f 1210/1254/1275 1303/1252/1275 1324/1182/1275 1278/1255/1275
f 1212/1256/1276 1304/1177/1276 1323/1190/1276 1280/1257/1276
f 1242/1258/1277 1301/1157/1277 1322/1166/1277 1274/1259/1277
f 1244/1260/1278 1302/1161/1278 1321/1174/1278 1276/1261/1278
f 1268/1262/1279 1318/1243/1279 1320/1251/1279 1272/1263/1279
f 1266/1264/1280 1317/1239/1280 1319/1247/1280 1270/1265/1280
f 1264/1266/1281 1316/1235/1281 1318/1243/1281 1268/1262/1281
f 1262/1267/1282 1315/1231/1282 1317/1239/1282 1266/1264/1282
f 1260/1268/1283 1314/1227/1283 1316/1235/1283 1264/1266/1283
f 1258/1269/1284 1313/1223/1284 1315/1231/1284 1262/1267/1284
f 1216/1270/1285 1312/1217/1285 1314/1227/1285 1260/1268/1285
f 1214/1271/1286 1311/1220/1286 1313/1223/1286 1258/1269/1286
f 1256/1272/1287 1310/1209/1287 1312/1217/1287 1216/1270/1287
f 1254/1273/1288 1309/1205/1288 1311/1213/1288 1214/1274/1288
f 1252/1275/1247 1308/1201/1247 1310/1209/1247 1256/1272/1247
f 1250/1276/1245 1307/1197/1245 1309/1205/1245 1254/1273/1245
f 1248/1277/1289 1306/1193/1289 1308/1201/1289 1252/1275/1289
f 1246/1278/1241 1305/1185/1241 1307/1197/1241 1250/1276/1241
f 1280/1257/1290 1323/1190/1290 1306/1193/1290 1248/1277/1290
f 1278/1255/1291 1324/1182/1291 1305/1185/1291 1246/1278/1291
f 1276/1261/1292 1321/1174/1292 1304/1177/1292 1212/1256/1292
f 1274/1259/1293 1322/1166/1293 1303/1169/1293 1210/1279/1293
f 1208/1280/1294 1300/1153/1294 1302/1161/1294 1244/1260/1294
f 1206/1281/1295 1299/1149/1295 1301/1157/1295 1242/1258/1295
f 1240/1282/1296 1298/1145/1296 1300/1153/1296 1208/1280/1296
f 1238/1283/1297 1297/1141/1297 1299/1149/1297 1206/1281/1297
f 1236/1284/1223 1296/1137/1223 1298/1145/1223 1240/1282/1223
f 1234/1285/1221 1295/1133/1221 1297/1141/1221 1238/1283/1221
f 1204/1286/1298 1294/1127/1298 1296/1137/1298 1236/1284/1298
f 1202/1287/1299 1293/1130/1299 1295/1133/1299 1234/1285/1299
f 1232/1288/1300 1292/1119/1300 1294/1127/1300 1204/1286/1300
f 1230/1289/1301 1291/1115/1301 1293/1123/1301 1202/1290/1301
f 1228/1291/1211 1290/1111/1211 1292/1119/1211 1232/1288/1211
f 1226/1292/1209 1289/1107/1209 1291/1115/1209 1230/1289/1209
f 1196/1293/1302 1288/1103/1302 1290/1111/1302 1228/1291/1302
f 1194/1294/1303 1287/1099/1303 1289/1107/1303 1226/1292/1303
f 1224/1295/1304 1286/1095/1304 1288/1103/1304 1196/1293/1304
f 1222/1296/1305 1285/1091/1305 1287/1099/1305 1194/1294/1305
f 1220/1297/1306 1284/1087/1306 1286/1095/1306 1224/1295/1306
f 1218/1298/1307 1283/1079/1307 1285/1091/1307 1222/1296/1307
f 1373/1299/1308 1374/1084/1308 1284/1087/1308 1220/1297/1308
f 1371/1300/1309 1375/1076/1309 1283/1079/1309 1218/1298/1309
f 1325/1301/1310 1199/1302/1310 1282/1069/1310 1369/1068/1310
f 1200/1303/1311 1325/1301/1311 1369/1068/1311 1281/1304/1311
f 1209/1305/1312 1347/1165/1312 1368/1178/1312 1277/1306/1312
f 1211/1307/1313 1348/1173/1313 1367/1186/1313 1279/1308/1313
f 1241/1309/1314 1345/1155/1314 1366/1162/1314 1273/1310/1314
f 1243/1311/1315 1346/1159/1315 1365/1170/1315 1275/1312/1315
f 1267/1313/1316 1362/1241/1316 1364/1249/1316 1271/1314/1316
f 1265/1315/1317 1361/1237/1317 1363/1245/1317 1269/1316/1317
f 1263/1317/1318 1360/1233/1318 1362/1241/1318 1267/1313/1318
f 1261/1318/1319 1359/1229/1319 1361/1237/1319 1265/1315/1319
f 1259/1319/1320 1358/1225/1320 1360/1233/1320 1263/1317/1320
f 1257/1320/1321 1357/1219/1321 1359/1229/1321 1261/1318/1321
f 1215/1321/1322 1356/1215/1322 1358/1225/1322 1259/1319/1322
f 1213/1322/1323 1355/1211/1323 1357/1219/1323 1257/1320/1323
f 1255/1323/1324 1354/1207/1324 1356/1215/1324 1215/1321/1324
f 1253/1324/1325 1353/1203/1325 1355/1211/1325 1213/1322/1325
f 1251/1325/1246 1352/1199/1246 1354/1207/1246 1255/1323/1246
f 1249/1326/1244 1351/1195/1244 1353/1203/1244 1253/1324/1244
f 1247/1327/1242 1350/1189/1242 1352/1199/1242 1251/1325/1242
f 1245/1328/1240 1349/1181/1240 1351/1195/1240 1249/1326/1240
f 1279/1308/1326 1367/1186/1326 1350/1189/1326 1247/1327/1326
f 1277/1306/1327 1368/1178/1327 1349/1181/1327 1245/1328/1327
f 1275/1312/1328 1365/1170/1328 1348/1173/1328 1211/1307/1328
f 1273/1310/1329 1366/1162/1329 1347/1165/1329 1209/1305/1329
f 1207/1329/1330 1344/1151/1330 1346/1159/1330 1243/1311/1330
f 1205/1330/1331 1343/1147/1331 1345/1155/1331 1241/1309/1331
f 1239/1331/1332 1342/1143/1332 1344/1151/1332 1207/1329/1332
f 1237/1332/1333 1341/1139/1333 1343/1147/1333 1205/1330/1333
f 1235/1333/1222 1340/1135/1222 1342/1143/1222 1239/1331/1222
f 1233/1334/1220 1339/1129/1220 1341/1139/1220 1237/1332/1220
f 1203/1335/1334 1338/1125/1334 1340/1135/1334 1235/1333/1334
f 1201/1336/1335 1337/1121/1335 1339/1129/1335 1233/1334/1335
f 1231/1337/1336 1336/1117/1336 1338/1125/1336 1203/1335/1336
f 1229/1338/1337 1335/1113/1337 1337/1121/1337 1201/1336/1337
f 1227/1339/1210 1334/1109/1210 1336/1117/1210 1231/1337/1210
f 1225/1340/1208 1333/1105/1208 1335/1113/1208 1229/1338/1208
f 1195/1341/1338 1332/1101/1338 1334/1109/1338 1227/1339/1338
f 1193/1342/1339 1331/1097/1339 1333/1105/1339 1225/1340/1339
f 1223/1343/1340 1330/1093/1340 1332/1101/1340 1195/1341/1340
f 1221/1344/1341 1329/1089/1341 1331/1097/1341 1193/1342/1341
f 1219/1345/1342 1328/1083/1342 1330/1093/1342 1223/1343/1342
f 1217/1346/1343 1327/1075/1343 1329/1089/1343 1221/1344/1343
f 1372/1347/1344 1376/1080/1344 1328/1083/1344 1219/1345/1344
f 1370/1348/1345 1377/1072/1345 1327/1075/1345 1217/1346/1345
f 1281/1304/1346 1369/1068/1346 1326/1071/1346 1197/1349/1346
f 1197/1350/1347 1326/1351/1347 1377/1072/1347 1370/1348/1347
f 1199/1352/1348 1325/1353/1348 1376/1080/1348 1372/1347/1348
f 1198/1354/1349 1282/1355/1349 1375/1076/1349 1371/1300/1349
f 1200/1356/1350 1281/1357/1350 1374/1084/1350 1373/1299/1350
f 1281/1357/1351 1197/1358/1351 1370/1085/1351 1374/1084/1351
f 1325/1353/1352 1200/1359/1352 1373/1081/1352 1376/1080/1352
f 1282/1355/1353 1199/1360/1353 1372/1077/1353 1375/1076/1353
f 1326/1351/1354 1198/1361/1354 1371/1073/1354 1377/1072/1354
f 1364/1249/1355 1272/1248/1355 1381/1362/1355 1385/1363/1355
f 1319/1364/1356 1271/1365/1356 1380/1366/1356 1382/1367/1356
f 1272/1263/1357 1320/1251/1357 1383/1368/1357 1381/1369/1357
f 1320/1251/1358 1269/1250/1358 1378/1370/1358 1383/1368/1358
f 1363/1245/1359 1270/1244/1359 1379/1371/1359 1384/1372/1359
f 1271/1314/1360 1364/1249/1360 1385/1363/1360 1380/1373/1360
f 1270/1374/1361 1319/1364/1361 1382/1367/1361 1379/1375/1361
f 1269/1316/1362 1363/1245/1362 1384/1372/1362 1378/1376/1362
f 1386/1377/1363 1385/1363/1363 1381/1362/1363 1383/1378/1363
f 1386/1379/1364 1383/1368/1364 1378/1370/1364 1384/1380/1364
f 1386/1381/1365 1384/1382/1365 1379/1375/1365 1382/1367/1365
f 1386/1381/1366 1382/1367/1366 1380/1366/1366 1385/1383/1366
f 1563/1068/1367 1520/1071/1367 1392/1070/1367 1476/1069/1367
f 1571/1072/1368 1521/1075/1368 1412/1074/1368 1565/1073/1368
f 1569/1076/1369 1477/1079/1369 1413/1078/1369 1566/1077/1369
f 1570/1080/1370 1522/1083/1370 1414/1082/1370 1567/1081/1370
f 1568/1084/1371 1478/1087/1371 1411/1086/1371 1564/1085/1371
f 1521/1075/1372 1523/1089/1372 1416/1088/1372 1412/1074/1372
f 1477/1079/1373 1479/1091/1373 1417/1090/1373 1413/1078/1373
f 1522/1083/1374 1524/1093/1374 1418/1092/1374 1414/1082/1374
f 1478/1087/1375 1480/1095/1375 1415/1094/1375 1411/1086/1375
f 1523/1089/1376 1525/1097/1376 1388/1096/1376 1416/1088/1376
f 1479/1091/1377 1481/1099/1377 1389/1098/1377 1417/1090/1377
f 1524/1093/1378 1526/1101/1378 1390/1100/1378 1418/1092/1378
f 1480/1095/1379 1482/1103/1379 1387/1102/1379 1415/1094/1379
f 1525/1097/1380 1527/1105/1380 1420/1104/1380 1388/1096/1380
f 1481/1099/1381 1483/1107/1381 1421/1106/1381 1389/1098/1381
f 1526/1101/1382 1528/1109/1382 1422/1108/1382 1390/1100/1382
f 1482/1103/1383 1484/1111/1383 1419/1110/1383 1387/1102/1383
f 1527/1105/1384 1529/1113/1384 1424/1112/1384 1420/1104/1384
f 1483/1107/1385 1485/1115/1385 1425/1114/1385 1421/1106/1385
f 1528/1109/1386 1530/1117/1386 1426/1116/1386 1422/1108/1386
f 1484/1111/1387 1486/1119/1387 1423/1118/1387 1419/1110/1387
f 1529/1113/1388 1531/1121/1388 1396/1120/1388 1424/1112/1388
f 1485/1115/1389 1487/1123/1389 1397/1122/1389 1425/1114/1389
f 1530/1117/1390 1532/1125/1390 1398/1124/1390 1426/1116/1390
f 1486/1119/1391 1488/1127/1391 1395/1126/1391 1423/1118/1391
f 1531/1121/1392 1533/1129/1392 1428/1128/1392 1396/1120/1392
f 1487/1130/1393 1489/1133/1393 1429/1132/1393 1397/1131/1393
f 1532/1125/1394 1534/1135/1394 1430/1134/1394 1398/1124/1394
f 1488/1127/1395 1490/1137/1395 1427/1136/1395 1395/1126/1395
f 1533/1129/1396 1535/1139/1396 1432/1138/1396 1428/1128/1396
f 1489/1133/1397 1491/1141/1397 1433/1140/1397 1429/1132/1397
f 1534/1135/1398 1536/1143/1398 1434/1142/1398 1430/1134/1398
f 1490/1137/1399 1492/1145/1399 1431/1144/1399 1427/1136/1399
f 1535/1139/1400 1537/1147/1400 1400/1146/1400 1432/1138/1400
f 1491/1141/1401 1493/1149/1401 1401/1148/1401 1433/1140/1401
f 1536/1143/1402 1538/1151/1402 1402/1150/1402 1434/1142/1402
f 1492/1145/1403 1494/1153/1403 1399/1152/1403 1431/1144/1403
f 1537/1147/1404 1539/1155/1404 1436/1154/1404 1400/1146/1404
f 1493/1149/1405 1495/1157/1405 1437/1156/1405 1401/1148/1405
f 1538/1151/1406 1540/1159/1406 1438/1158/1406 1402/1150/1406
f 1494/1153/1407 1496/1161/1407 1435/1160/1407 1399/1152/1407
f 1560/1162/1408 1541/1165/1408 1404/1164/1408 1468/1163/1408
f 1516/1166/1409 1497/1169/1409 1405/1168/1409 1469/1167/1409
f 1559/1170/1410 1542/1173/1410 1406/1172/1410 1470/1171/1410
f 1515/1174/1411 1498/1177/1411 1403/1176/1411 1467/1175/1411
f 1562/1178/1412 1543/1181/1412 1440/1180/1412 1472/1179/1412
f 1518/1182/1413 1499/1185/1413 1441/1184/1413 1473/1183/1413
f 1561/1186/1414 1544/1189/1414 1442/1188/1414 1474/1187/1414
f 1517/1190/1415 1500/1193/1415 1439/1192/1415 1471/1191/1415
f 1543/1181/1416 1545/1195/1416 1444/1194/1416 1440/1180/1416
f 1499/1185/1417 1501/1197/1417 1445/1196/1417 1441/1184/1417
f 1544/1189/1418 1546/1199/1418 1446/1198/1418 1442/1188/1418
f 1500/1193/1419 1502/1201/1419 1443/1200/1419 1439/1192/1419
f 1545/1195/1420 1547/1203/1420 1448/1202/1420 1444/1194/1420
f 1501/1197/1421 1503/1205/1421 1449/1204/1421 1445/1196/1421
f 1546/1199/1422 1548/1207/1422 1450/1206/1422 1446/1198/1422
f 1502/1201/1423 1504/1209/1423 1447/1208/1423 1443/1200/1423
f 1547/1203/1424 1549/1211/1424 1408/1210/1424 1448/1202/1424
f 1503/1205/1425 1505/1213/1425 1409/1212/1425 1449/1204/1425
f 1548/1207/1426 1550/1215/1426 1410/1214/1426 1450/1206/1426
f 1504/1209/1427 1506/1217/1427 1407/1216/1427 1447/1208/1427
f 1549/1211/1428 1551/1219/1428 1452/1218/1428 1408/1210/1428
f 1505/1220/1429 1507/1223/1429 1453/1222/1429 1409/1221/1429
f 1550/1215/1430 1552/1225/1430 1454/1224/1430 1410/1214/1430
f 1506/1217/1431 1508/1227/1431 1451/1226/1431 1407/1216/1431
f 1551/1219/1432 1553/1229/1432 1456/1228/1432 1452/1218/1432
f 1507/1223/1433 1509/1231/1433 1457/1230/1433 1453/1222/1433
f 1552/1225/1434 1554/1233/1434 1458/1232/1434 1454/1224/1434
f 1508/1227/1435 1510/1235/1435 1455/1234/1435 1451/1226/1435
f 1553/1229/1436 1555/1237/1436 1460/1236/1436 1456/1228/1436
f 1509/1231/1437 1511/1239/1437 1461/1238/1437 1457/1230/1437
f 1554/1233/1434 1556/1241/1434 1462/1240/1434 1458/1232/1434
f 1510/1235/1438 1512/1243/1438 1459/1242/1438 1455/1234/1438
f 1555/1237/1439 1557/1245/1439 1464/1244/1439 1460/1236/1439
f 1511/1239/1440 1513/1247/1440 1465/1246/1440 1461/1238/1440
f 1556/1241/1441 1558/1249/1441 1466/1248/1441 1462/1240/1441
f 1512/1243/1442 1514/1251/1442 1463/1250/1442 1459/1242/1442
f 1496/1161/1443 1515/1174/1443 1467/1175/1443 1435/1160/1443
f 1540/1159/1444 1559/1170/1444 1470/1171/1444 1438/1158/1444
f 1495/1157/1445 1516/1166/1445 1469/1167/1445 1437/1156/1445
f 1539/1155/1446 1560/1162/1446 1468/1163/1446 1436/1154/1446
f 1498/1177/1447 1517/1190/1447 1471/1191/1447 1403/1176/1447
f 1542/1173/1448 1561/1186/1448 1474/1187/1448 1406/1172/1448
f 1497/1252/1449 1518/1182/1449 1473/1183/1449 1405/1253/1449
f 1541/1165/1450 1562/1178/1450 1472/1179/1450 1404/1164/1450
f 1404/1254/1451 1472/1255/1451 1518/1182/1451 1497/1252/1451
f 1406/1256/1452 1474/1257/1452 1517/1190/1452 1498/1177/1452
f 1436/1258/1453 1468/1259/1453 1516/1166/1453 1495/1157/1453
f 1438/1260/1454 1470/1261/1454 1515/1174/1454 1496/1161/1454
f 1462/1262/1455 1466/1263/1455 1514/1251/1455 1512/1243/1455
f 1460/1264/1456 1464/1265/1456 1513/1247/1456 1511/1239/1456
f 1458/1266/1457 1462/1262/1457 1512/1243/1457 1510/1235/1457
f 1456/1267/1458 1460/1264/1458 1511/1239/1458 1509/1231/1458
f 1454/1268/1459 1458/1266/1459 1510/1235/1459 1508/1227/1459
f 1452/1269/1460 1456/1267/1460 1509/1231/1460 1507/1223/1460
f 1410/1270/1461 1454/1268/1461 1508/1227/1461 1506/1217/1461
f 1408/1271/1462 1452/1269/1462 1507/1223/1462 1505/1220/1462
f 1450/1272/1463 1410/1270/1463 1506/1217/1463 1504/1209/1463
f 1448/1273/1464 1408/1274/1464 1505/1213/1464 1503/1205/1464
f 1446/1275/1423 1450/1272/1423 1504/1209/1423 1502/1201/1423
f 1444/1276/1421 1448/1273/1421 1503/1205/1421 1501/1197/1421
f 1442/1277/1465 1446/1275/1465 1502/1201/1465 1500/1193/1465
f 1440/1278/1417 1444/1276/1417 1501/1197/1417 1499/1185/1417
f 1474/1257/1466 1442/1277/1466 1500/1193/1466 1517/1190/1466
f 1472/1255/1467 1440/1278/1467 1499/1185/1467 1518/1182/1467
f 1470/1261/1468 1406/1256/1468 1498/1177/1468 1515/1174/1468
f 1468/1259/1469 1404/1279/1469 1497/1169/1469 1516/1166/1469
f 1402/1280/1470 1438/1260/1470 1496/1161/1470 1494/1153/1470
f 1400/1281/1471 1436/1258/1471 1495/1157/1471 1493/1149/1471
f 1434/1282/1472 1402/1280/1472 1494/1153/1472 1492/1145/1472
f 1432/1283/1473 1400/1281/1473 1493/1149/1473 1491/1141/1473
f 1430/1284/1399 1434/1282/1399 1492/1145/1399 1490/1137/1399
f 1428/1285/1397 1432/1283/1397 1491/1141/1397 1489/1133/1397
f 1398/1286/1474 1430/1284/1474 1490/1137/1474 1488/1127/1474
f 1396/1287/1475 1428/1285/1475 1489/1133/1475 1487/1130/1475
f 1426/1288/1476 1398/1286/1476 1488/1127/1476 1486/1119/1476
f 1424/1289/1477 1396/1290/1477 1487/1123/1477 1485/1115/1477
f 1422/1291/1387 1426/1288/1387 1486/1119/1387 1484/1111/1387
f 1420/1292/1385 1424/1289/1385 1485/1115/1385 1483/1107/1385
f 1390/1293/1478 1422/1291/1478 1484/1111/1478 1482/1103/1478
f 1388/1294/1479 1420/1292/1479 1483/1107/1479 1481/1099/1479
f 1418/1295/1480 1390/1293/1480 1482/1103/1480 1480/1095/1480
f 1416/1296/1481 1388/1294/1481 1481/1099/1481 1479/1091/1481
f 1414/1297/1482 1418/1295/1482 1480/1095/1482 1478/1087/1482
f 1412/1298/1483 1416/1296/1483 1479/1091/1483 1477/1079/1483
f 1567/1299/1484 1414/1297/1484 1478/1087/1484 1568/1084/1484
f 1565/1300/1485 1412/1298/1485 1477/1079/1485 1569/1076/1485
f 1519/1301/1486 1563/1068/1486 1476/1069/1486 1393/1302/1486
f 1394/1303/1487 1475/1304/1487 1563/1068/1487 1519/1301/1487
f 1403/1305/1488 1471/1306/1488 1562/1178/1488 1541/1165/1488
f 1405/1307/1489 1473/1308/1489 1561/1186/1489 1542/1173/1489
f 1435/1309/1490 1467/1310/1490 1560/1162/1490 1539/1155/1490
f 1437/1311/1491 1469/1312/1491 1559/1170/1491 1540/1159/1491
f 1461/1313/1492 1465/1314/1492 1558/1249/1492 1556/1241/1492
f 1459/1315/1493 1463/1316/1493 1557/1245/1493 1555/1237/1493
f 1457/1317/1494 1461/1313/1494 1556/1241/1494 1554/1233/1494
f 1455/1318/1495 1459/1315/1495 1555/1237/1495 1553/1229/1495
f 1453/1319/1496 1457/1317/1496 1554/1233/1496 1552/1225/1496
f 1451/1320/1497 1455/1318/1497 1553/1229/1497 1551/1219/1497
f 1409/1321/1498 1453/1319/1498 1552/1225/1498 1550/1215/1498
f 1407/1322/1499 1451/1320/1499 1551/1219/1499 1549/1211/1499
f 1449/1323/1500 1409/1321/1500 1550/1215/1500 1548/1207/1500
f 1447/1324/1501 1407/1322/1501 1549/1211/1501 1547/1203/1501
f 1445/1325/1422 1449/1323/1422 1548/1207/1422 1546/1199/1422
f 1443/1326/1420 1447/1324/1420 1547/1203/1420 1545/1195/1420
f 1441/1327/1418 1445/1325/1418 1546/1199/1418 1544/1189/1418
f 1439/1328/1416 1443/1326/1416 1545/1195/1416 1543/1181/1416
f 1473/1308/1502 1441/1327/1502 1544/1189/1502 1561/1186/1502
f 1471/1306/1503 1439/1328/1503 1543/1181/1503 1562/1178/1503
f 1469/1312/1504 1405/1307/1504 1542/1173/1504 1559/1170/1504
f 1467/1310/1505 1403/1305/1505 1541/1165/1505 1560/1162/1505
f 1401/1329/1506 1437/1311/1506 1540/1159/1506 1538/1151/1506
f 1399/1330/1507 1435/1309/1507 1539/1155/1507 1537/1147/1507
f 1433/1331/1508 1401/1329/1508 1538/1151/1508 1536/1143/1508
f 1431/1332/1509 1399/1330/1509 1537/1147/1509 1535/1139/1509
f 1429/1333/1398 1433/1331/1398 1536/1143/1398 1534/1135/1398
f 1427/1334/1396 1431/1332/1396 1535/1139/1396 1533/1129/1396
f 1397/1335/1510 1429/1333/1510 1534/1135/1510 1532/1125/1510
f 1395/1336/1511 1427/1334/1511 1533/1129/1511 1531/1121/1511
f 1425/1337/1512 1397/1335/1512 1532/1125/1512 1530/1117/1512
f 1423/1338/1513 1395/1336/1513 1531/1121/1513 1529/1113/1513
f 1421/1339/1386 1425/1337/1386 1530/1117/1386 1528/1109/1386
f 1419/1340/1384 1423/1338/1384 1529/1113/1384 1527/1105/1384
f 1389/1341/1514 1421/1339/1514 1528/1109/1514 1526/1101/1514
f 1387/1342/1515 1419/1340/1515 1527/1105/1515 1525/1097/1515
f 1417/1343/1516 1389/1341/1516 1526/1101/1516 1524/1093/1516
f 1415/1344/1517 1387/1342/1517 1525/1097/1517 1523/1089/1517
f 1413/1345/1518 1417/1343/1518 1524/1093/1518 1522/1083/1518
f 1411/1346/1519 1415/1344/1519 1523/1089/1519 1521/1075/1519
f 1566/1347/1520 1413/1345/1520 1522/1083/1520 1570/1080/1520
f 1564/1348/1521 1411/1346/1521 1521/1075/1521 1571/1072/1521
f 1475/1304/1522 1391/1349/1522 1520/1071/1522 1563/1068/1522
f 1391/1350/1523 1564/1348/1523 1571/1072/1523 1520/1351/1523
f 1393/1352/1524 1566/1347/1524 1570/1080/1524 1519/1353/1524
f 1392/1354/1525 1565/1300/1525 1569/1076/1525 1476/1355/1525
f 1394/1356/1526 1567/1299/1526 1568/1084/1526 1475/1357/1526
f 1475/1357/1527 1568/1084/1527 1564/1085/1527 1391/1358/1527
f 1519/1353/1528 1570/1080/1528 1567/1081/1528 1394/1359/1528
f 1476/1355/1529 1569/1076/1529 1566/1077/1529 1393/1360/1529
f 1520/1351/1530 1571/1072/1530 1565/1073/1530 1392/1361/1530
f 1558/1249/1531 1579/1363/1531 1575/1362/1531 1466/1248/1531
f 1513/1364/1532 1576/1367/1532 1574/1366/1532 1465/1365/1532
f 1466/1263/1533 1575/1369/1533 1577/1368/1533 1514/1251/1533
f 1514/1251/1534 1577/1368/1534 1572/1370/1534 1463/1250/1534
f 1557/1245/1535 1578/1372/1535 1573/1371/1535 1464/1244/1535
f 1465/1314/1536 1574/1373/1536 1579/1363/1536 1558/1249/1536
f 1464/1374/1537 1573/1375/1537 1576/1367/1537 1513/1364/1537
f 1463/1316/1538 1572/1376/1538 1578/1372/1538 1557/1245/1538
f 1580/1377/1539 1577/1378/1539 1575/1362/1539 1579/1363/1539
f 1580/1379/1540 1578/1380/1540 1572/1370/1540 1577/1368/1540
f 1580/1381/1541 1576/1367/1541 1573/1375/1541 1578/1382/1541
f 1580/1381/1542 1579/1383/1542 1574/1366/1542 1576/1367/1542
o Pelvic.001
v 0.108612 -0.225170 -0.057057
v 0.107863 -0.195225 -0.054894
v 0.086198 -0.253511 -0.087907
v 0.076290 -0.215217 -0.076122
v 0.157687 -0.216476 -0.033321
v 0.134868 -0.189679 -0.046568
v 0.195534 -0.219862 -0.013683
v 0.171022 -0.194316 -0.030230
v 0.149867 -0.248576 -0.024262
v 0.191993 -0.252194 0.008252
v 0.105249 -0.253982 -0.048777
v 0.092273 -0.284609 -0.075661
v 0.066022 -0.281197 -0.088635
v 0.052236 -0.246151 -0.092939
v 0.061791 -0.315816 -0.090127
v 0.143766 -0.278387 -0.018695
v 0.158648 -0.277593 0.021452
v 0.103730 -0.283809 -0.039012
v 0.082320 -0.311519 -0.059195
v 0.064437 -0.349583 -0.067634
v 0.055603 -0.382970 -0.043082
v 0.080524 -0.346205 -0.032748
v 0.098924 -0.316324 -0.016165
v 0.110871 -0.302669 0.018000
v 0.127325 -0.297625 0.045940
v 0.077589 -0.329803 0.031698
v 0.085785 -0.319198 0.060440
v 0.056002 -0.343756 0.049180
v 0.054867 -0.332221 0.072585
v 0.073722 -0.343833 0.012617
v 0.068563 -0.369937 -0.002245
v 0.047933 -0.402546 -0.004953
v 0.066012 -0.386281 0.029387
v 0.052362 -0.411257 0.025653
v 0.032702 -0.370235 0.069219
v 0.027397 -0.339028 0.082015
v 0.052061 -0.369477 0.049907
v 0.037154 -0.392934 0.046514
v 0.000000 -0.346473 0.090505
v 0.000000 -0.372782 0.071175
v 0.099883 -0.226140 -0.046985
v 0.101846 -0.196450 -0.043389
v 0.079136 -0.254530 -0.076992
v 0.070486 -0.218228 -0.064846
v 0.151059 -0.214193 -0.022245
v 0.129702 -0.189005 -0.034614
v 0.189127 -0.215529 -0.003182
v 0.165513 -0.192641 -0.018528
v 0.140250 -0.243478 -0.015079
v 0.184190 -0.245388 0.016182
v 0.099231 -0.254527 -0.044015
v 0.081258 -0.281414 -0.065350
v 0.061168 -0.280312 -0.076635
v 0.049606 -0.247946 -0.080320
v 0.054544 -0.311931 -0.079819
v 0.129840 -0.268647 -0.011003
v 0.151147 -0.267410 0.024637
v 0.090715 -0.278189 -0.032228
v 0.067563 -0.303934 -0.050695
v 0.053350 -0.342326 -0.060631
v 0.045780 -0.374550 -0.040742
v 0.063241 -0.335955 -0.030983
v 0.081070 -0.305113 -0.015698
v 0.103272 -0.292617 0.016307
v 0.120674 -0.286420 0.046490
v 0.069833 -0.319831 0.028458
v 0.078593 -0.308455 0.058721
v 0.047711 -0.335883 0.042904
v 0.046677 -0.324268 0.066279
v 0.063834 -0.335462 0.007353
v 0.057780 -0.361778 -0.002800
v 0.037290 -0.395245 -0.003079
v 0.055633 -0.379452 0.025419
v 0.041703 -0.404384 0.022612
v 0.025759 -0.364973 0.059514
v 0.021596 -0.333029 0.071993
v 0.043765 -0.365064 0.040863
v 0.029536 -0.387946 0.037177
v -0.002943 -0.340485 0.079298
v -0.002943 -0.366794 0.059969
v 0.154027 -0.192136 -0.037910
v 0.177743 -0.218271 -0.022914
v 0.172191 -0.250493 -0.007032
v 0.151652 -0.277966 0.002580
v 0.119590 -0.299996 0.032806
v 0.081932 -0.324183 0.046929
v 0.055400 -0.337644 0.061583
v 0.029891 -0.353698 0.076000
v 0.000000 -0.358840 0.081418
v 0.148679 -0.190932 -0.026090
v 0.171232 -0.214901 -0.012143
v 0.163535 -0.244490 0.001487
v 0.141131 -0.267992 0.007884
v 0.112494 -0.289333 0.032302
v 0.074475 -0.313802 0.044495
v 0.047163 -0.329728 0.055291
v 0.021717 -0.346509 0.062001
v -0.005465 -0.350306 0.066089
v -0.108612 -0.225170 -0.057057
v -0.107863 -0.195225 -0.054894
v -0.086198 -0.253511 -0.087907
v -0.076290 -0.215217 -0.076122
v -0.157687 -0.216476 -0.033321
v -0.134868 -0.189679 -0.046568
v -0.195534 -0.219862 -0.013683
v -0.171022 -0.194316 -0.030230
v -0.149867 -0.248576 -0.024262
v -0.191993 -0.252194 0.008252
v -0.105249 -0.253982 -0.048777
v -0.092273 -0.284609 -0.075661
v -0.066022 -0.281197 -0.088635
v -0.052236 -0.246151 -0.092939
v -0.061791 -0.315816 -0.090127
v -0.143766 -0.278387 -0.018695
v -0.158648 -0.277593 0.021452
v -0.103730 -0.283809 -0.039012
v -0.082320 -0.311519 -0.059195
v -0.064437 -0.349583 -0.067634
v -0.055603 -0.382970 -0.043082
v -0.080524 -0.346205 -0.032748
v -0.098924 -0.316324 -0.016165
v -0.110871 -0.302669 0.018000
v -0.127325 -0.297625 0.045940
v -0.077589 -0.329803 0.031698
v -0.085785 -0.319198 0.060440
v -0.056002 -0.343756 0.049180
v -0.054867 -0.332221 0.072585
v -0.073722 -0.343833 0.012617
v -0.068563 -0.369937 -0.002245
v -0.047933 -0.402546 -0.004953
v -0.066012 -0.386281 0.029387
v -0.052362 -0.411257 0.025653
v -0.032702 -0.370235 0.069219
v -0.027397 -0.339028 0.082015
v -0.052061 -0.369477 0.049907
v -0.037154 -0.392934 0.046514
v -0.099883 -0.226140 -0.046985
v -0.101846 -0.196450 -0.043389
v -0.079136 -0.254530 -0.076992
v -0.070486 -0.218228 -0.064846
v -0.151059 -0.214193 -0.022245
v -0.129702 -0.189005 -0.034614
v -0.189127 -0.215529 -0.003182
v -0.165513 -0.192641 -0.018528
v -0.140250 -0.243478 -0.015079
v -0.184190 -0.245388 0.016182
v -0.099231 -0.254527 -0.044015
v -0.081258 -0.281414 -0.065350
v -0.061168 -0.280312 -0.076635
v -0.049606 -0.247946 -0.080320
v -0.054544 -0.311931 -0.079819
v -0.129840 -0.268647 -0.011003
v -0.151147 -0.267410 0.024637
v -0.090715 -0.278189 -0.032228
v -0.067563 -0.303934 -0.050695
v -0.053350 -0.342326 -0.060631
v -0.045780 -0.374550 -0.040742
v -0.063241 -0.335955 -0.030983
v -0.081070 -0.305113 -0.015698
v -0.103272 -0.292617 0.016307
v -0.120674 -0.286420 0.046490
v -0.069833 -0.319831 0.028458
v -0.078593 -0.308455 0.058721
v -0.047711 -0.335883 0.042904
v -0.046677 -0.324268 0.066279
v -0.063834 -0.335462 0.007353
v -0.057780 -0.361778 -0.002800
v -0.037290 -0.395245 -0.003079
v -0.055633 -0.379452 0.025419
v -0.041703 -0.404384 0.022612
v -0.025759 -0.364973 0.059514
v -0.021596 -0.333029 0.071993
v -0.043765 -0.365064 0.040863
v -0.029536 -0.387946 0.037177
v 0.002943 -0.340485 0.079298
v 0.002943 -0.366794 0.059969
v -0.154027 -0.192136 -0.037910
v -0.177743 -0.218271 -0.022914
v -0.172191 -0.250493 -0.007032
v -0.151652 -0.277966 0.002580
v -0.119590 -0.299996 0.032806
v -0.081932 -0.324183 0.046929
v -0.055400 -0.337644 0.061583
v -0.029891 -0.353698 0.076000
v -0.148679 -0.190932 -0.026090
v -0.171232 -0.214901 -0.012143
v -0.163535 -0.244490 0.001487
v -0.141131 -0.267992 0.007884
v -0.112494 -0.289333 0.032302
v -0.074475 -0.313802 0.044495
v -0.047163 -0.329728 0.055291
v -0.021717 -0.346509 0.062001
v 0.005465 -0.350306 0.066089
vn -0.5478 -0.2488 0.7988
vn -0.3910 0.0173 0.9202
vn -0.4181 0.1560 0.8949
vn -0.4423 0.4989 0.7453
vn -0.4714 0.3204 0.8217
vn -0.8932 0.1090 0.4362
vn -0.1779 -0.1566 0.9715
vn -0.4249 0.1346 0.8952
vn -0.5264 0.7268 0.4412
vn -0.4772 0.2755 0.8345
vn -0.9087 0.3119 0.2773
vn -0.7894 0.3961 0.4689
vn -0.8477 0.3965 0.3525
vn -0.8577 0.3562 0.3707
vn -0.6019 0.7326 0.3178
vn -0.4727 0.8696 0.1430
vn -0.5052 0.8628 -0.0185
vn -0.5061 0.8164 -0.2781
vn -0.7269 0.6735 -0.1343
vn -0.8763 0.4560 -0.1552
vn -0.8402 0.5336 0.0964
vn -0.8490 0.4809 0.2192
vn -0.5258 0.5022 -0.6865
vn -0.5327 0.4220 -0.7336
vn -0.6802 0.2970 -0.6702
vn -0.3023 0.4434 -0.8438
vn 0.5508 0.2461 -0.7975
vn 0.3922 -0.0085 -0.9199
vn 0.4165 -0.1502 -0.8967
vn 0.4366 -0.5057 -0.7441
vn 0.5546 -0.4437 -0.7040
vn 0.8484 -0.1141 -0.5169
vn 0.1464 0.1633 -0.9757
vn 0.4766 -0.1616 -0.8642
vn 0.4791 -0.7384 -0.4747
vn 0.5329 -0.2481 -0.8090
vn 0.8381 -0.5116 -0.1895
vn 0.8665 -0.4181 -0.2725
vn 0.9181 -0.3168 -0.2382
vn 0.8463 -0.4098 -0.3404
vn 0.5796 -0.7279 -0.3663
vn 0.5024 -0.8410 -0.2005
vn 0.5087 -0.8604 0.0300
vn 0.5187 -0.8103 0.2726
vn 0.7390 -0.6727 -0.0361
vn 0.9241 -0.3820 -0.0094
vn 0.8847 -0.4480 -0.1290
vn 0.8351 -0.4778 -0.2727
vn 0.4739 -0.6468 0.5976
vn 0.4807 -0.3898 0.7855
vn 0.6830 -0.3111 0.6609
vn 0.2957 -0.6892 0.6615
vn 0.5019 -0.8591 0.1007
vn 0.2073 -0.9753 0.0759
vn -0.6511 -0.7444 -0.1480
vn -0.1245 -0.9919 0.0233
vn -0.8325 -0.2232 -0.5070
vn 0.8862 0.3668 0.2830
vn 0.7586 -0.6364 0.1397
vn 0.8494 -0.1744 0.4981
vn -0.4266 0.1938 -0.8834
vn 0.7466 0.3742 0.5500
vn 0.5874 0.3481 0.7307
vn -0.5092 -0.1903 -0.8393
vn -0.2109 -0.1841 -0.9600
vn -0.0755 -0.4451 -0.8923
vn 0.1786 0.5832 0.7925
vn 0.7243 0.4577 -0.5156
vn 0.4707 0.2960 -0.8312
vn 0.5961 0.6494 0.4722
vn -0.4414 -0.7648 -0.4693
vn 0.5385 0.8239 0.1767
vn 0.0299 -0.7471 -0.6641
vn -0.6112 -0.7602 0.2205
vn 0.6352 0.7367 -0.2320
vn -0.6462 0.0747 0.7595
vn 0.8000 0.4882 -0.3489
vn 0.0872 -0.8516 -0.5168
vn -0.0428 0.8713 0.4889
vn 0.9635 0.1273 -0.2356
vn 0.9612 0.1881 -0.2016
vn -0.1392 -0.9886 0.0568
vn 0.1010 -0.2200 0.9703
vn 0.6417 -0.3054 0.7035
vn 0.6100 -0.7564 0.2364
vn 0.5824 -0.8127 -0.0158
vn 0.4599 -0.8711 -0.1721
vn 0.6026 -0.5339 -0.5931
vn 0.4623 -0.4210 -0.7805
vn 0.4214 -0.1058 -0.9007
vn -0.1600 0.4701 -0.8680
vn -0.7299 0.3744 -0.5719
vn -0.5977 0.7639 -0.2434
vn -0.5790 0.8149 0.0268
vn -0.4624 0.8759 0.1377
vn -0.6868 0.4670 0.5570
vn -0.4751 0.4022 0.7826
vn -0.4255 0.1055 0.8988
vn 0.5478 -0.2488 0.7988
vn 0.3910 0.0173 0.9202
vn 0.4181 0.1560 0.8949
vn 0.4423 0.4989 0.7453
vn 0.4714 0.3204 0.8217
vn 0.8932 0.1090 0.4362
vn 0.1779 -0.1566 0.9715
vn 0.4249 0.1346 0.8952
vn 0.5264 0.7268 0.4412
vn 0.4772 0.2755 0.8345
vn 0.9087 0.3119 0.2773
vn 0.7894 0.3961 0.4689
vn 0.8477 0.3965 0.3525
vn 0.8577 0.3562 0.3707
vn 0.6019 0.7326 0.3178
vn 0.4727 0.8696 0.1430
vn 0.5052 0.8628 -0.0185
vn 0.5061 0.8164 -0.2781
vn 0.7269 0.6735 -0.1343
vn 0.8763 0.4560 -0.1552
vn 0.8402 0.5336 0.0964
vn 0.8490 0.4809 0.2192
vn 0.5258 0.5022 -0.6865
vn 0.5327 0.4220 -0.7336
vn 0.6802 0.2970 -0.6702
vn 0.3023 0.4434 -0.8438
vn -0.5508 0.2461 -0.7975
vn -0.3922 -0.0085 -0.9199
vn -0.4165 -0.1502 -0.8967
vn -0.4366 -0.5057 -0.7441
vn -0.5546 -0.4437 -0.7040
vn -0.8484 -0.1141 -0.5169
vn -0.1464 0.1633 -0.9757
vn -0.4766 -0.1616 -0.8642
vn -0.4791 -0.7384 -0.4747
vn -0.5329 -0.2481 -0.8090
vn -0.8381 -0.5116 -0.1895
vn -0.8665 -0.4181 -0.2725
vn -0.9181 -0.3168 -0.2382
vn -0.8463 -0.4098 -0.3404
vn -0.5796 -0.7279 -0.3663
vn -0.5024 -0.8410 -0.2005
vn -0.5087 -0.8604 0.0300
vn -0.5187 -0.8103 0.2726
vn -0.7390 -0.6727 -0.0361
vn -0.9241 -0.3820 -0.0094
vn -0.8847 -0.4480 -0.1290
vn -0.8351 -0.4778 -0.2727
vn -0.4739 -0.6468 0.5976
vn -0.4807 -0.3898 0.7855
vn -0.6830 -0.3111 0.6609
vn -0.2957 -0.6892 0.6615
vn -0.5019 -0.8591 0.1007
vn -0.2073 -0.9753 0.0759
vn 0.6511 -0.7444 -0.1480
vn 0.1245 -0.9919 0.0233
vn 0.8325 -0.2232 -0.5070
vn -0.8862 0.3668 0.2830
vn -0.7586 -0.6364 0.1397
vn -0.8494 -0.1744 0.4981
vn 0.4266 0.1938 -0.8834
vn -0.7466 0.3742 0.5500
vn -0.5874 0.3481 0.7307
vn 0.5092 -0.1903 -0.8393
vn 0.2109 -0.1841 -0.9600
vn 0.0755 -0.4451 -0.8923
vn -0.1786 0.5832 0.7925
vn -0.7243 0.4577 -0.5156
vn -0.4707 0.2960 -0.8312
vn -0.5961 0.6494 0.4722
vn 0.4414 -0.7648 -0.4693
vn -0.5385 0.8239 0.1767
vn -0.0299 -0.7471 -0.6641
vn 0.6112 -0.7602 0.2205
vn -0.6352 0.7367 -0.2320
vn 0.6462 0.0747 0.7595
vn -0.8000 0.4882 -0.3489
vn -0.0872 -0.8516 -0.5168
vn 0.0428 0.8713 0.4889
vn -0.9635 0.1273 -0.2356
vn -0.9612 0.1881 -0.2016
vn 0.1392 -0.9886 0.0568
vn -0.1010 -0.2200 0.9703
vn -0.6417 -0.3054 0.7035
vn -0.6100 -0.7564 0.2364
vn -0.5824 -0.8127 -0.0158
vn -0.4599 -0.8711 -0.1721
vn -0.6026 -0.5339 -0.5931
vn -0.4623 -0.4210 -0.7805
vn -0.4214 -0.1058 -0.9007
vn 0.1600 0.4701 -0.8680
vn 0.7299 0.3744 -0.5719
vn 0.5977 0.7639 -0.2434
vn 0.5790 0.8149 0.0268
vn 0.4624 0.8759 0.1377
vn 0.6868 0.4670 0.5570
vn 0.4751 0.4022 0.7826
vn 0.4255 0.1055 0.8988
vt 0.473914 0.828102
vt 0.511914 0.728725
vt 0.581293 0.703564
vt 0.566065 0.806935
vt 0.486907 0.594966
vt 0.571012 0.633610
vt 0.464003 0.544092
vt 0.443686 0.498964
vt 0.527337 0.545255
vt 0.547868 0.586788
vt 0.387526 0.568317
vt 0.363269 0.513500
vt 0.444473 0.752310
vt 0.414872 0.630114
vt 0.672997 0.057819
vt 0.649362 0.118137
vt 0.566628 0.068768
vt 0.572207 0.003481
vt 0.518200 0.899283
vt 0.424895 0.894902
vt 0.392679 0.829780
vt 0.348131 0.933991
vt 0.402338 0.009728
vt 0.411656 0.097119
vt 0.362497 0.104274
vt 0.348131 0.000000
vt 0.372759 0.771444
vt 0.348131 0.662844
vt 0.632142 0.196404
vt 0.556135 0.134786
vt 0.723512 0.203787
vt 0.681777 0.283108
vt 0.586702 0.287092
vt 0.647586 0.379226
vt 0.521144 0.222253
vt 0.428811 0.212261
vt 0.467074 0.089053
vt 0.386057 0.209095
vt 0.402590 0.317846
vt 0.367133 0.315843
vt 0.348131 0.206287
vt 0.402737 0.392193
vt 0.377337 0.393039
vt 0.493168 0.333676
vt 0.442561 0.320104
vt 0.539664 0.375136
vt 0.577862 0.460788
vt 0.508430 0.498964
vt 0.477799 0.437810
vt 0.158745 0.629059
vt 0.080847 0.635169
vt 0.083446 0.595751
vt 0.156296 0.604865
vt 0.112850 0.825817
vt 0.081819 0.755858
vt 0.132361 0.708856
vt 0.161506 0.774569
vt 0.077918 0.679605
vt 0.161506 0.656333
vt 0.005688 0.625801
vt 0.010735 0.589091
vt 0.663148 0.786025
vt 0.581293 0.734391
vt 0.584097 0.641900
vt 0.641973 0.678438
vt 0.607398 0.592493
vt 0.691683 0.570949
vt 0.722680 0.532803
vt 0.638804 0.559842
vt 0.666664 0.530878
vt 0.750176 0.498964
vt 0.257236 0.021318
vt 0.294876 -0.000000
vt 0.336792 0.073624
vt 0.283450 0.095373
vt 0.119113 0.186731
vt 0.223318 0.119892
vt 0.224831 0.184476
vt 0.139819 0.250123
vt 0.701324 0.698710
vt 0.726219 0.784116
vt 0.308820 0.589091
vt 0.308820 0.684789
vt 0.248660 0.732445
vt 0.247255 0.661528
vt 0.750176 0.865780
vt 0.694057 0.824344
vt 0.326155 0.170031
vt 0.278525 0.176821
vt 0.110419 0.132002
vt 0.214803 0.045349
vt 0.055809 0.251338
vt 0.077932 0.322329
vt 0.000000 0.340128
vt 0.045170 0.408838
vt 0.121426 0.399162
vt 0.085958 0.491172
vt 0.170499 0.324005
vt 0.263410 0.285432
vt 0.308306 0.274478
vt 0.348131 0.264761
vt 0.337357 0.377386
vt 0.301581 0.385251
vt 0.325202 0.460155
vt 0.301224 0.462990
vt 0.208982 0.419713
vt 0.261250 0.394119
vt 0.182492 0.471351
vt 0.165160 0.564193
vt 0.246092 0.523510
vt 0.228565 0.589091
vt 0.314807 0.518355
vt 0.293465 0.537022
vt 0.195973 0.734267
vt 0.161506 0.708243
vt 0.190755 0.660855
vt 0.221778 0.682581
vt 0.247255 0.630850
vt 0.161506 0.611188
vt 0.856972 0.158732
vt 0.846258 0.212175
vt 0.827556 0.187736
vt 0.827556 0.141151
vt 0.798698 0.068586
vt 0.826101 0.069188
vt 0.816969 0.176882
vt 0.787857 0.174047
vt 0.801833 0.003926
vt 0.827556 -0.000000
vt 0.341727 0.774901
vt 0.310056 0.769182
vt 0.308820 0.682473
vt 0.340709 0.682361
vt 0.341187 0.638517
vt 0.309471 0.639565
vt 0.310204 0.591194
vt 0.341727 0.589091
vt 0.784321 0.051219
vt 0.754412 0.062205
vt 0.723512 0.011543
vt 0.750363 -0.000000
vt 0.837338 0.498964
vt 0.856605 0.521503
vt 0.809213 0.590668
vt 0.783998 0.574418
vt 0.827556 0.270091
vt 0.798019 0.275985
vt 0.788561 0.646731
vt 0.758135 0.639036
vt 0.787857 0.156330
vt 0.757263 0.161462
vt 0.786886 0.734861
vt 0.750176 0.738994
vt 0.796570 0.827191
vt 0.767075 0.840603
vt 0.769287 0.253798
vt 0.740606 0.255203
vt 0.756289 0.372465
vt 0.730722 0.374977
vt 0.739064 0.457605
vt 0.723512 0.464314
vt 0.203537 0.738296
vt 0.235103 0.734267
vt 0.232085 0.803128
vt 0.203537 0.810876
vt 0.861531 0.068698
vt 0.827556 0.064968
vt 0.841589 -0.000000
vt 0.871996 0.010440
vt 0.871996 0.141151
vt 0.843087 0.129853
vt 0.841099 0.924175
vt 0.811661 0.936178
vt 0.787857 0.337964
vt 0.819869 0.340074
vt 0.852298 0.401855
vt 0.819913 0.408613
vt 0.856605 0.981338
vt 0.833731 1.000000
vt 0.343693 0.526212
vt 0.348131 0.465725
vt 0.824460 0.275985
vt 0.852298 0.292131
vt 0.286878 0.879384
vt 0.258579 0.868075
vt 0.247255 0.812588
vt 0.279369 0.810849
vt 0.310229 0.790463
vt 0.337786 0.774901
vt 0.337786 0.847718
vt 0.308820 0.854531
vt 0.254909 0.734243
vt 0.286878 0.732445
vt 0.337246 0.587204
vt 0.308426 0.574255
vt 0.829880 0.212175
vt 0.857528 0.219607
vt 0.858760 0.271897
vt 0.827556 0.271897
vt 0.203537 0.772125
vt 0.161506 0.777980
vt 0.174713 0.739095
vt 0.203537 0.734267
vt 0.203537 0.814803
vt 0.174713 0.819632
vt 0.787857 0.473454
vt 0.787857 0.408613
vt 0.833647 0.411869
vt 0.828145 0.470130
vt 0.180471 0.597476
vt 0.238281 0.589091
vt 0.274192 0.466186
vt 0.000000 0.667184
vt 0.431372 0.391238
vt 0.463447 0.020695
s 0
usemtl Material
f 1583/1384/1543 1581/1385/1543 1582/1386/1543 1584/1387/1543
f 1581/1385/1544 1585/1388/1544 1586/1389/1544 1582/1386/1544
f 1662/1390/1545 1587/1391/1545 1588/1392/1545 1661/1393/1545
f 1662/1390/1546 1663/1394/1546 1590/1395/1546 1587/1391/1546
f 1581/1385/1547 1591/1396/1547 1589/1397/1547 1585/1388/1547
f 1583/1398/1548 1592/1399/1548 1591/1400/1548 1581/1401/1548
f 1584/1387/1549 1594/1402/1549 1593/1403/1549 1583/1384/1549
f 1592/1404/1550 1583/1384/1550 1593/1403/1550 1595/1405/1550
f 1663/1406/1551 1664/1407/1551 1597/1408/1551 1590/1409/1551
f 1591/1396/1552 1598/1410/1552 1596/1411/1552 1589/1397/1552
f 1592/1399/1553 1599/1412/1553 1598/1413/1553 1591/1400/1553
f 1595/1414/1554 1600/1415/1554 1599/1412/1554 1592/1399/1554
f 1602/1416/1555 1599/1412/1555 1600/1415/1555 1601/1417/1555
f 1603/1418/1556 1598/1413/1556 1599/1412/1556 1602/1416/1556
f 1604/1419/1557 1596/1420/1557 1598/1413/1557 1603/1418/1557
f 1665/1421/1558 1664/1407/1558 1596/1420/1558 1604/1419/1558
f 1665/1421/1559 1666/1422/1559 1607/1423/1559 1605/1424/1559
f 1666/1422/1560 1667/1425/1560 1609/1426/1560 1607/1423/1560
f 1610/1427/1561 1606/1428/1561 1604/1419/1561 1603/1418/1561
f 1611/1429/1562 1610/1427/1562 1603/1418/1562 1602/1416/1562
f 1612/1430/1563 1611/1429/1563 1602/1416/1563 1601/1417/1563
f 1612/1430/1564 1614/1431/1564 1613/1432/1564 1611/1429/1564
f 1667/1433/1565 1668/1434/1565 1616/1435/1565 1609/1436/1565
f 1614/1437/1566 1618/1438/1566 1617/1439/1566 1613/1440/1566
f 1615/1441/1567 1608/1442/1567 1617/1439/1567 1618/1438/1567
f 1669/1443/1568 1619/1444/1568 1616/1435/1568 1668/1434/1568
f 1623/1445/1569 1624/1446/1569 1622/1447/1569 1621/1448/1569
f 1621/1448/1570 1622/1447/1570 1626/1449/1570 1625/1450/1570
f 1671/1451/1571 1670/1452/1571 1628/1453/1571 1627/1454/1571
f 1671/1455/1572 1627/1456/1572 1630/1457/1572 1672/1458/1572
f 1631/1459/1573 1629/1460/1573 1636/1461/1573 1638/1462/1573
f 1623/1445/1574 1621/1448/1574 1631/1463/1574 1632/1464/1574
f 1624/1465/1575 1623/1466/1575 1633/1467/1575 1634/1468/1575
f 1632/1464/1576 1635/1469/1576 1633/1470/1576 1623/1445/1576
f 1672/1458/1577 1630/1457/1577 1637/1471/1577 1673/1472/1577
f 1621/1473/1578 1625/1474/1578 1629/1460/1578 1631/1459/1578
f 1632/1475/1579 1631/1459/1579 1638/1462/1579 1639/1476/1579
f 1635/1477/1580 1632/1475/1580 1639/1476/1580 1640/1478/1580
f 1642/1479/1581 1641/1480/1581 1640/1478/1581 1639/1476/1581
f 1643/1481/1582 1642/1479/1582 1639/1476/1582 1638/1462/1582
f 1644/1482/1583 1643/1481/1583 1638/1462/1583 1636/1461/1583
f 1674/1483/1584 1644/1482/1584 1636/1461/1584 1673/1472/1584
f 1674/1483/1585 1645/1484/1585 1647/1485/1585 1675/1486/1585
f 1675/1486/1586 1647/1485/1586 1649/1487/1586 1676/1488/1586
f 1650/1489/1587 1643/1481/1587 1644/1482/1587 1646/1490/1587
f 1651/1491/1588 1642/1479/1588 1643/1481/1588 1650/1489/1588
f 1652/1492/1589 1641/1480/1589 1642/1479/1589 1651/1491/1589
f 1652/1492/1590 1651/1491/1590 1653/1493/1590 1654/1494/1590
f 1676/1488/1591 1649/1487/1591 1656/1495/1591 1677/1496/1591
f 1654/1497/1592 1653/1498/1592 1657/1499/1592 1658/1500/1592
f 1655/1501/1593 1658/1500/1593 1657/1499/1593 1648/1502/1593
f 1678/1503/1594 1677/1504/1594 1656/1505/1594 1659/1506/1594
f 1582/1507/1595 1622/1508/1595 1624/1509/1595 1584/1510/1595
f 1586/1511/1596 1626/1512/1596 1622/1508/1596 1582/1507/1596
f 1587/1513/1597 1627/1514/1597 1628/1515/1597 1588/1516/1597
f 1661/1517/1598 1670/1518/1598 1626/1519/1598 1586/1520/1598
f 1590/1521/1599 1630/1522/1599 1627/1523/1599 1587/1524/1599
f 1594/1525/1600 1634/1526/1600 1633/1527/1600 1593/1528/1600
f 1584/1510/1601 1624/1509/1601 1634/1529/1601 1594/1530/1601
f 1593/1528/1602 1633/1527/1602 1635/1531/1602 1595/1532/1602
f 1597/1533/1603 1637/1534/1603 1630/1522/1603 1590/1521/1603
f 1595/1532/1604 1635/1531/1604 1640/1535/1604 1600/1536/1604
f 1600/1536/1605 1640/1535/1605 1641/1537/1605 1601/1538/1605
f 1605/1539/1606 1645/1540/1606 1637/1534/1606 1597/1533/1606
f 1607/1541/1607 1647/1542/1607 1645/1540/1607 1605/1539/1607
f 1609/1543/1608 1649/1544/1608 1647/1542/1608 1607/1541/1608
f 1606/1545/1609 1646/1546/1609 1648/1547/1609 1608/1548/1609
f 1610/1549/1610 1650/1550/1610 1646/1551/1610 1606/1552/1610
f 1611/1553/1611 1651/1554/1611 1650/1550/1611 1610/1549/1611
f 1601/1538/1612 1641/1537/1612 1652/1555/1612 1612/1556/1612
f 1613/1557/1613 1653/1558/1613 1651/1559/1613 1611/1560/1613
f 1612/1556/1614 1652/1555/1614 1654/1561/1614 1614/1562/1614
f 1616/1563/1615 1656/1495/1615 1649/1487/1615 1609/1564/1615
f 1617/1565/1616 1657/1566/1616 1653/1558/1616 1613/1557/1616
f 1614/1567/1617 1654/1568/1617 1658/1569/1617 1618/1570/1617
f 1608/1571/1618 1648/1572/1618 1657/1573/1618 1617/1574/1618
f 1618/1570/1619 1658/1569/1619 1655/1575/1619 1615/1576/1619
f 1619/1577/1620 1659/1578/1620 1656/1495/1620 1616/1563/1620
f 1615/1579/1621 1655/1580/1621 1660/1581/1621 1620/1582/1621
f 1669/1583/1622 1678/1584/1622 1659/1585/1622 1619/1586/1622
f 1620/1587/1623 1660/1588/1623 1678/1584/1623 1669/1583/1623
f 1588/1516/1624 1628/1515/1624 1670/1518/1624 1661/1517/1624
f 1660/1589/1625 1655/1590/1625 1677/1591/1625 1678/1592/1625
f 1648/1502/1626 1676/1593/1626 1677/1594/1626 1655/1501/1626
f 1646/1490/1627 1675/1486/1627 1676/1488/1627 1648/1595/1627
f 1644/1482/1628 1674/1483/1628 1675/1486/1628 1646/1490/1628
f 1645/1484/1629 1674/1483/1629 1673/1472/1629 1637/1471/1629
f 1629/1460/1630 1672/1458/1630 1673/1472/1630 1636/1461/1630
f 1625/1474/1631 1671/1455/1631 1672/1458/1631 1629/1460/1631
f 1625/1450/1632 1626/1449/1632 1670/1452/1632 1671/1451/1632
f 1620/1596/1633 1669/1443/1633 1668/1434/1633 1615/1441/1633
f 1608/1442/1634 1615/1441/1634 1668/1434/1634 1667/1433/1634
f 1606/1428/1635 1608/1597/1635 1667/1425/1635 1666/1422/1635
f 1604/1419/1636 1606/1428/1636 1666/1422/1636 1665/1421/1636
f 1605/1424/1637 1597/1408/1637 1664/1407/1637 1665/1421/1637
f 1589/1598/1638 1596/1420/1638 1664/1407/1638 1663/1406/1638
f 1585/1388/1639 1589/1397/1639 1663/1394/1639 1662/1390/1639
f 1585/1388/1640 1662/1390/1640 1661/1393/1640 1586/1389/1640
f 1681/1384/1641 1682/1387/1641 1680/1386/1641 1679/1385/1641
f 1679/1385/1642 1680/1386/1642 1684/1389/1642 1683/1388/1642
f 1758/1390/1643 1757/1393/1643 1686/1392/1643 1685/1391/1643
f 1758/1390/1644 1685/1391/1644 1688/1395/1644 1759/1394/1644
f 1679/1385/1645 1683/1388/1645 1687/1397/1645 1689/1396/1645
f 1681/1398/1646 1679/1401/1646 1689/1400/1646 1690/1399/1646
f 1682/1387/1647 1681/1384/1647 1691/1403/1647 1692/1402/1647
f 1690/1404/1648 1693/1405/1648 1691/1403/1648 1681/1384/1648
f 1759/1406/1649 1688/1409/1649 1695/1408/1649 1760/1407/1649
f 1689/1396/1650 1687/1397/1650 1694/1411/1650 1696/1410/1650
f 1690/1399/1651 1689/1400/1651 1696/1413/1651 1697/1412/1651
f 1693/1414/1652 1690/1399/1652 1697/1412/1652 1698/1415/1652
f 1700/1416/1653 1699/1417/1653 1698/1415/1653 1697/1412/1653
f 1701/1418/1654 1700/1416/1654 1697/1412/1654 1696/1413/1654
f 1702/1419/1655 1701/1418/1655 1696/1413/1655 1694/1420/1655
f 1761/1421/1656 1702/1419/1656 1694/1420/1656 1760/1407/1656
f 1761/1421/1657 1703/1424/1657 1705/1423/1657 1762/1422/1657
f 1762/1422/1658 1705/1423/1658 1707/1426/1658 1763/1425/1658
f 1708/1427/1659 1701/1418/1659 1702/1419/1659 1704/1428/1659
f 1709/1429/1660 1700/1416/1660 1701/1418/1660 1708/1427/1660
f 1710/1430/1661 1699/1417/1661 1700/1416/1661 1709/1429/1661
f 1710/1430/1662 1709/1429/1662 1711/1432/1662 1712/1431/1662
f 1763/1433/1663 1707/1436/1663 1714/1435/1663 1764/1434/1663
f 1712/1437/1664 1711/1440/1664 1715/1439/1664 1716/1438/1664
f 1713/1441/1665 1716/1438/1665 1715/1439/1665 1706/1442/1665
f 1669/1443/1666 1764/1434/1666 1714/1435/1666 1619/1444/1666
f 1719/1445/1667 1717/1448/1667 1718/1447/1667 1720/1446/1667
f 1717/1448/1668 1721/1450/1668 1722/1449/1668 1718/1447/1668
f 1766/1451/1669 1723/1454/1669 1724/1453/1669 1765/1452/1669
f 1766/1455/1670 1767/1458/1670 1726/1457/1670 1723/1456/1670
f 1727/1459/1671 1734/1462/1671 1732/1461/1671 1725/1460/1671
f 1719/1445/1672 1728/1464/1672 1727/1463/1672 1717/1448/1672
f 1720/1465/1673 1730/1468/1673 1729/1467/1673 1719/1466/1673
f 1728/1464/1674 1719/1445/1674 1729/1470/1674 1731/1469/1674
f 1767/1458/1675 1768/1472/1675 1733/1471/1675 1726/1457/1675
f 1717/1473/1676 1727/1459/1676 1725/1460/1676 1721/1474/1676
f 1728/1475/1677 1735/1476/1677 1734/1462/1677 1727/1459/1677
f 1731/1477/1678 1736/1478/1678 1735/1476/1678 1728/1475/1678
f 1738/1479/1679 1735/1476/1679 1736/1478/1679 1737/1480/1679
f 1739/1481/1680 1734/1462/1680 1735/1476/1680 1738/1479/1680
f 1740/1482/1681 1732/1461/1681 1734/1462/1681 1739/1481/1681
f 1769/1483/1682 1768/1472/1682 1732/1461/1682 1740/1482/1682
f 1769/1483/1683 1770/1486/1683 1743/1485/1683 1741/1484/1683
f 1770/1486/1684 1771/1488/1684 1745/1487/1684 1743/1485/1684
f 1746/1489/1685 1742/1490/1685 1740/1482/1685 1739/1481/1685
f 1747/1491/1686 1746/1489/1686 1739/1481/1686 1738/1479/1686
f 1748/1492/1687 1747/1491/1687 1738/1479/1687 1737/1480/1687
f 1748/1492/1688 1750/1494/1688 1749/1493/1688 1747/1491/1688
f 1771/1488/1689 1772/1496/1689 1752/1495/1689 1745/1487/1689
f 1750/1497/1690 1754/1500/1690 1753/1499/1690 1749/1498/1690
f 1751/1501/1691 1744/1502/1691 1753/1499/1691 1754/1500/1691
f 1773/1503/1692 1755/1506/1692 1752/1505/1692 1772/1504/1692
f 1680/1507/1693 1682/1510/1693 1720/1509/1693 1718/1508/1693
f 1684/1511/1694 1680/1507/1694 1718/1508/1694 1722/1512/1694
f 1685/1513/1695 1686/1516/1695 1724/1515/1695 1723/1514/1695
f 1757/1517/1696 1684/1520/1696 1722/1519/1696 1765/1518/1696
f 1688/1521/1697 1685/1524/1697 1723/1523/1697 1726/1522/1697
f 1692/1525/1698 1691/1528/1698 1729/1527/1698 1730/1526/1698
f 1682/1510/1699 1692/1530/1699 1730/1529/1699 1720/1509/1699
f 1691/1528/1700 1693/1532/1700 1731/1531/1700 1729/1527/1700
f 1695/1533/1701 1688/1521/1701 1726/1522/1701 1733/1534/1701
f 1693/1532/1702 1698/1536/1702 1736/1535/1702 1731/1531/1702
f 1698/1536/1703 1699/1538/1703 1737/1537/1703 1736/1535/1703
f 1703/1539/1704 1695/1533/1704 1733/1534/1704 1741/1540/1704
f 1705/1541/1705 1703/1539/1705 1741/1540/1705 1743/1542/1705
f 1707/1543/1706 1705/1541/1706 1743/1542/1706 1745/1544/1706
f 1704/1545/1707 1706/1548/1707 1744/1547/1707 1742/1546/1707
f 1708/1549/1708 1704/1552/1708 1742/1551/1708 1746/1550/1708
f 1709/1553/1709 1708/1549/1709 1746/1550/1709 1747/1554/1709
f 1699/1538/1710 1710/1556/1710 1748/1555/1710 1737/1537/1710
f 1711/1557/1711 1709/1560/1711 1747/1559/1711 1749/1558/1711
f 1710/1556/1712 1712/1562/1712 1750/1561/1712 1748/1555/1712
f 1714/1563/1713 1707/1564/1713 1745/1487/1713 1752/1495/1713
f 1715/1565/1714 1711/1557/1714 1749/1558/1714 1753/1566/1714
f 1712/1567/1715 1716/1570/1715 1754/1569/1715 1750/1568/1715
f 1706/1571/1716 1715/1574/1716 1753/1573/1716 1744/1572/1716
f 1716/1570/1717 1713/1576/1717 1751/1575/1717 1754/1569/1717
f 1619/1577/1718 1714/1563/1718 1752/1495/1718 1755/1578/1718
f 1713/1579/1719 1620/1582/1719 1756/1581/1719 1751/1580/1719
f 1669/1583/1720 1619/1586/1720 1755/1585/1720 1773/1584/1720
f 1620/1587/1721 1669/1583/1721 1773/1584/1721 1756/1588/1721
f 1686/1516/1722 1757/1517/1722 1765/1518/1722 1724/1515/1722
f 1756/1589/1723 1773/1592/1723 1772/1591/1723 1751/1590/1723
f 1744/1502/1724 1751/1501/1724 1772/1594/1724 1771/1593/1724
f 1742/1490/1725 1744/1595/1725 1771/1488/1725 1770/1486/1725
f 1740/1482/1726 1742/1490/1726 1770/1486/1726 1769/1483/1726
f 1741/1484/1727 1733/1471/1727 1768/1472/1727 1769/1483/1727
f 1725/1460/1728 1732/1461/1728 1768/1472/1728 1767/1458/1728
f 1721/1474/1729 1725/1460/1729 1767/1458/1729 1766/1455/1729
f 1721/1450/1730 1766/1451/1730 1765/1452/1730 1722/1449/1730
f 1620/1596/1731 1713/1441/1731 1764/1434/1731 1669/1443/1731
f 1706/1442/1732 1763/1433/1732 1764/1434/1732 1713/1441/1732
f 1704/1428/1733 1762/1422/1733 1763/1425/1733 1706/1597/1733
f 1702/1419/1734 1761/1421/1734 1762/1422/1734 1704/1428/1734
f 1703/1424/1735 1761/1421/1735 1760/1407/1735 1695/1408/1735
f 1687/1598/1736 1759/1406/1736 1760/1407/1736 1694/1420/1736
f 1683/1388/1737 1758/1390/1737 1759/1394/1737 1687/1397/1737
f 1683/1388/1738 1684/1389/1738 1757/1393/1738 1758/1390/1738
o Shoulders.001
v -0.044554 0.229334 0.038073
v 0.000000 0.214640 0.043349
v -0.042518 0.229175 0.000565
v 0.000000 0.214640 0.006672
v -0.081365 0.239021 0.023509
v -0.081365 0.239021 -0.013168
v -0.120163 0.242409 0.008053
v -0.118962 0.242076 -0.028536
v -0.166834 0.237876 -0.005788
v -0.165802 0.237579 -0.042303
v -0.212488 0.227075 -0.012653
v -0.214485 0.227680 -0.047556
v -0.251731 0.206586 -0.051476
v -0.250717 0.206058 -0.019423
v -0.251372 0.195899 -0.053025
v -0.250569 0.195460 -0.016100
v -0.213981 0.198136 -0.007720
v -0.167666 0.206610 -0.004638
v -0.122955 0.206085 0.006305
v -0.086035 0.201406 0.023398
v -0.048332 0.191558 0.040490
v 0.000000 0.178367 0.050198
v -0.213828 0.198943 -0.046524
v -0.163529 0.206510 -0.038892
v -0.118817 0.210178 -0.031989
v -0.083437 0.205018 -0.015061
v -0.044239 0.199788 -0.000739
v 0.000000 0.191370 0.007389
v 0.044554 0.229334 0.038073
v 0.042518 0.229175 0.000565
v 0.081365 0.239021 0.023509
v 0.081365 0.239021 -0.013168
v 0.120163 0.242409 0.008053
v 0.118962 0.242076 -0.028536
v 0.166834 0.237876 -0.005788
v 0.165802 0.237579 -0.042303
v 0.212488 0.227075 -0.012653
v 0.214485 0.227680 -0.047556
v 0.251731 0.206586 -0.051476
v 0.250717 0.206058 -0.019423
v 0.251372 0.195899 -0.053025
v 0.250569 0.195460 -0.016100
v 0.213981 0.198136 -0.007720
v 0.167666 0.206610 -0.004638
v 0.122955 0.206085 0.006305
v 0.086035 0.201406 0.023398
v 0.048332 0.191558 0.040490
v 0.213828 0.198943 -0.046524
v 0.163529 0.206510 -0.038892
v 0.118817 0.210178 -0.031989
v 0.083437 0.205018 -0.015061
v 0.044239 0.199788 -0.000739
vn 0.3174 0.9483 0.0067
vn 0.2483 0.9687 0.0047
vn 0.0853 0.9964 -0.0031
vn -0.0928 0.9956 -0.0114
vn -0.2152 0.9765 0.0071
vn -0.4909 0.8705 0.0368
vn -0.9994 -0.0216 0.0260
vn -0.2564 0.2060 0.9444
vn -0.1286 0.1046 0.9862
vn -0.2620 0.0055 0.9651
vn -0.3934 0.0166 0.9192
vn -0.3744 0.0702 0.9246
vn -0.1200 0.1293 0.9843
vn 0.1328 0.0164 -0.9910
vn 0.1403 -0.0665 -0.9879
vn 0.2195 0.0091 -0.9756
vn 0.4097 0.0618 -0.9101
vn 0.3427 0.0268 -0.9390
vn 0.1634 0.0056 -0.9865
vn -0.1744 -0.9526 -0.2492
vn -0.1282 -0.9794 -0.1563
vn -0.0845 -0.9907 -0.1069
vn 0.0450 -0.9977 -0.0498
vn 0.1638 -0.9865 0.0001
vn 0.0803 -0.9966 -0.0171
vn -0.3174 0.9483 0.0067
vn -0.2483 0.9687 0.0047
vn -0.0853 0.9964 -0.0031
vn 0.0928 0.9956 -0.0114
vn 0.2152 0.9765 0.0071
vn 0.4909 0.8705 0.0368
vn 0.9994 -0.0216 0.0260
vn 0.2564 0.2060 0.9444
vn 0.1286 0.1046 0.9862
vn 0.2620 0.0055 0.9651
vn 0.3934 0.0166 0.9192
vn 0.3744 0.0702 0.9246
vn 0.1200 0.1293 0.9843
vn -0.1328 0.0164 -0.9910
vn -0.1403 -0.0665 -0.9879
vn -0.2195 0.0091 -0.9756
vn -0.4097 0.0618 -0.9101
vn -0.3427 0.0268 -0.9390
vn -0.1634 0.0056 -0.9865
vn 0.1744 -0.9526 -0.2492
vn 0.1282 -0.9794 -0.1563
vn 0.0845 -0.9907 -0.1069
vn -0.0450 -0.9977 -0.0498
vn -0.1638 -0.9865 0.0001
vn -0.0803 -0.9966 -0.0171
vt 0.744374 0.820001
vt 0.717587 0.987224
vt 0.586988 0.950441
vt 0.608767 0.789657
vt 0.599404 0.635437
vt 0.730003 0.672221
vt 0.582511 0.485715
vt 0.714018 0.518063
vt 0.580058 0.306661
vt 0.711132 0.339543
vt 0.609399 0.130948
vt 0.731641 0.173196
vt 0.631293 0.000000
vt 0.744374 0.035880
vt 0.744941 0.123872
vt 0.744374 0.005228
vt 0.783995 -0.000000
vt 0.783995 0.136638
vt 0.080489 0.137650
vt 0.168205 0.000000
vt 0.207976 0.006321
vt 0.188627 0.144112
vt 0.027990 0.304287
vt 0.143505 0.309962
vt 0.000000 0.482861
vt 0.133992 0.479946
vt 0.004058 0.636891
vt 0.143814 0.629199
vt 0.031678 0.784488
vt 0.172389 0.782483
vt 0.072857 0.951782
vt 0.207976 0.967194
vt 0.414432 0.141049
vt 0.400793 0.000630
vt 0.440373 0.000000
vt 0.520634 0.135920
vt 0.445560 0.328003
vt 0.560184 0.314840
vt 0.461922 0.494495
vt 0.580057 0.494921
vt 0.445599 0.636779
vt 0.571565 0.643674
vt 0.429097 0.790512
vt 0.537947 0.795929
vt 0.400793 0.957157
vt 0.486826 0.955020
vt 0.217448 1.000000
vt 0.207976 0.816216
vt 0.361009 0.788758
vt 0.373578 0.955659
vt 0.234198 0.663509
vt 0.374385 0.634187
vt 0.259497 0.514399
vt 0.400792 0.490645
vt 0.253823 0.344264
vt 0.379402 0.325157
vt 0.215685 0.177594
vt 0.353724 0.139661
vt 0.338274 -0.000000
vt 0.207976 0.039425
s 0
usemtl Material
f 1774/1599/1739 1775/1600/1739 1777/1601/1739 1776/1602/1739
f 1774/1599/1740 1776/1602/1740 1779/1603/1740 1778/1604/1740
f 1778/1604/1741 1779/1603/1741 1781/1605/1741 1780/1606/1741
f 1780/1606/1742 1781/1605/1742 1783/1607/1742 1782/1608/1742
f 1782/1608/1743 1783/1607/1743 1785/1609/1743 1784/1610/1743
f 1784/1610/1744 1785/1609/1744 1786/1611/1744 1787/1612/1744
f 1787/1613/1745 1786/1614/1745 1788/1615/1745 1789/1616/1745
f 1784/1617/1746 1787/1618/1746 1789/1619/1746 1790/1620/1746
f 1782/1621/1747 1784/1617/1747 1790/1620/1747 1791/1622/1747
f 1780/1623/1748 1782/1621/1748 1791/1622/1748 1792/1624/1748
f 1778/1625/1749 1780/1623/1749 1792/1624/1749 1793/1626/1749
f 1774/1627/1750 1778/1625/1750 1793/1626/1750 1794/1628/1750
f 1775/1629/1751 1774/1627/1751 1794/1628/1751 1795/1630/1751
f 1796/1631/1752 1788/1632/1752 1786/1633/1752 1785/1634/1752
f 1797/1635/1753 1796/1631/1753 1785/1634/1753 1783/1636/1753
f 1798/1637/1754 1797/1635/1754 1783/1636/1754 1781/1638/1754
f 1799/1639/1755 1798/1637/1755 1781/1638/1755 1779/1640/1755
f 1800/1641/1756 1799/1639/1756 1779/1640/1756 1776/1642/1756
f 1801/1643/1757 1800/1641/1757 1776/1642/1757 1777/1644/1757
f 1795/1645/1758 1794/1646/1758 1800/1647/1758 1801/1648/1758
f 1794/1646/1759 1793/1649/1759 1799/1650/1759 1800/1647/1759
f 1793/1649/1760 1792/1651/1760 1798/1652/1760 1799/1650/1760
f 1792/1651/1761 1791/1653/1761 1797/1654/1761 1798/1652/1761
f 1791/1653/1762 1790/1655/1762 1796/1656/1762 1797/1654/1762
f 1788/1657/1763 1796/1656/1763 1790/1655/1763 1789/1658/1763
f 1802/1599/1764 1803/1602/1764 1777/1601/1764 1775/1600/1764
f 1802/1599/1765 1804/1604/1765 1805/1603/1765 1803/1602/1765
f 1804/1604/1766 1806/1606/1766 1807/1605/1766 1805/1603/1766
f 1806/1606/1767 1808/1608/1767 1809/1607/1767 1807/1605/1767
f 1808/1608/1768 1810/1610/1768 1811/1609/1768 1809/1607/1768
f 1810/1610/1769 1813/1612/1769 1812/1611/1769 1811/1609/1769
f 1813/1613/1770 1815/1616/1770 1814/1615/1770 1812/1614/1770
f 1810/1617/1771 1816/1620/1771 1815/1619/1771 1813/1618/1771
f 1808/1621/1772 1817/1622/1772 1816/1620/1772 1810/1617/1772
f 1806/1623/1773 1818/1624/1773 1817/1622/1773 1808/1621/1773
f 1804/1625/1774 1819/1626/1774 1818/1624/1774 1806/1623/1774
f 1802/1627/1775 1820/1628/1775 1819/1626/1775 1804/1625/1775
f 1775/1629/1776 1795/1630/1776 1820/1628/1776 1802/1627/1776
f 1821/1631/1777 1811/1634/1777 1812/1633/1777 1814/1632/1777
f 1822/1635/1778 1809/1636/1778 1811/1634/1778 1821/1631/1778
f 1823/1637/1779 1807/1638/1779 1809/1636/1779 1822/1635/1779
f 1824/1639/1780 1805/1640/1780 1807/1638/1780 1823/1637/1780
f 1825/1641/1781 1803/1642/1781 1805/1640/1781 1824/1639/1781
f 1801/1643/1782 1777/1644/1782 1803/1642/1782 1825/1641/1782
f 1795/1645/1783 1801/1648/1783 1825/1647/1783 1820/1646/1783
f 1820/1646/1784 1825/1647/1784 1824/1650/1784 1819/1649/1784
f 1819/1649/1785 1824/1650/1785 1823/1652/1785 1818/1651/1785
f 1818/1651/1786 1823/1652/1786 1822/1654/1786 1817/1653/1786
f 1817/1653/1787 1822/1654/1787 1821/1656/1787 1816/1655/1787
f 1814/1657/1788 1815/1658/1788 1816/1655/1788 1821/1656/1788
o Spine.001
v -0.034722 0.309792 -0.010949
v -0.039170 0.468428 -0.061364
v -0.033747 0.313226 -0.066800
v -0.039568 0.470411 -0.122206
v 0.020784 0.309792 -0.010949
v 0.021159 0.468428 -0.061364
v 0.019798 0.313223 -0.066814
v 0.021557 0.470411 -0.122206
v -0.033204 0.116408 0.024160
v -0.033188 0.121067 -0.031851
v 0.021316 0.116408 0.024160
v 0.021287 0.121067 -0.031865
v -0.031627 -0.107462 0.039274
v -0.029529 -0.108090 -0.016086
v 0.025405 -0.107462 0.039274
v 0.023307 -0.108090 -0.016086
v -0.028394 -0.246311 0.003602
v -0.027344 -0.244219 -0.042565
v 0.017403 -0.244846 0.005354
v 0.019740 -0.240771 -0.039868
v 0.017998 -0.182840 0.021199
v 0.019854 -0.190832 -0.027702
v -0.029485 -0.190746 -0.030524
v -0.029861 -0.183889 0.018362
v -0.033568 -0.003096 0.034673
v 0.021503 -0.003096 0.034673
v 0.021503 0.002854 -0.020976
v -0.033568 0.002854 -0.020976
v 0.021998 0.222827 -0.045750
v -0.030964 0.222829 -0.045724
v -0.032007 0.220338 0.010570
v 0.023064 0.220338 0.010570
v -0.034396 0.393243 -0.034988
v -0.034396 0.398568 -0.090521
v 0.020676 0.398568 -0.090521
v 0.020676 0.393243 -0.034988
v -0.006608 0.313926 -0.059628
v -0.008629 0.467911 -0.119232
v -0.006593 0.309000 -0.017094
v -0.008629 0.465238 -0.064045
v -0.005583 0.122201 -0.025240
v -0.005568 0.115485 0.017534
v -0.004097 -0.109236 -0.022108
v -0.002735 -0.107349 0.033787
v -0.006545 -0.260685 -0.042211
v -0.006545 -0.257850 0.001098
v -0.007709 -0.193855 -0.031180
v -0.005795 -0.183814 0.022838
v -0.005657 0.004086 -0.014685
v -0.005657 -0.004328 0.028382
v -0.004096 0.219803 0.004182
v -0.003896 0.222881 -0.050312
v -0.006484 0.392140 -0.041303
v -0.006484 0.399671 -0.084206
v -0.034206 0.311611 -0.040526
v -0.039381 0.469478 -0.093583
v 0.020262 0.311609 -0.040532
v 0.021370 0.469478 -0.093583
v -0.033196 0.118875 -0.005501
v 0.021301 0.118875 -0.005508
v -0.030516 -0.107795 0.009958
v 0.024294 -0.107795 0.009958
v -0.030631 -0.261562 -0.022123
v 0.016951 -0.261562 -0.022123
v -0.034344 -0.188113 -0.005561
v 0.022405 -0.188299 -0.005786
v -0.033568 0.000055 0.005204
v 0.021503 0.000055 0.005204
v 0.022500 0.221656 -0.019255
v -0.031455 0.221657 -0.019241
v 0.020676 0.396063 -0.064396
v -0.034396 0.396063 -0.064396
v -0.004619 -0.298274 -0.028292
v -0.008629 0.466653 -0.093270
vn -0.9975 -0.0702 -0.0010
vn -0.1344 -0.4270 -0.8942
vn 1.0000 -0.0068 0.0030
vn 0.1670 0.3170 0.9336
vn -0.0426 -0.1883 -0.9812
vn 0.0991 0.9943 0.0396
vn 0.2037 0.0519 0.9776
vn -0.9998 0.0183 -0.0083
vn 0.9998 -0.0157 -0.0107
vn 0.2295 0.1220 0.9656
vn 0.9927 -0.0681 0.0998
vn -0.0049 0.0112 -0.9999
vn 0.9994 0.0308 -0.0174
vn -0.9992 -0.0333 -0.0205
vn 0.5131 -0.5988 0.6149
vn -0.9840 -0.0052 -0.1782
vn -0.1055 -0.2575 0.9605
vn 0.0229 0.1950 -0.9805
vn 0.1607 0.1144 -0.9803
vn 0.0194 -0.2041 0.9788
vn -0.9922 0.0444 -0.1163
vn 0.9951 -0.0736 0.0658
vn -1.0000 0.0032 0.0002
vn 1.0000 0.0016 -0.0001
vn -0.2352 -0.0880 -0.9679
vn 0.2288 0.0861 0.9696
vn 0.2175 0.2334 0.9478
vn 0.9996 0.0211 -0.0172
vn -0.9992 -0.0353 -0.0198
vn -0.0518 -0.1663 -0.9847
vn 0.2176 0.2710 0.9377
vn 0.9999 -0.0044 -0.0092
vn -0.2441 -0.2621 -0.9337
vn -0.9999 -0.0076 -0.0093
vn 0.2377 -0.2632 -0.9350
vn -0.2233 0.2712 0.9363
vn 0.0492 -0.1635 -0.9853
vn -0.2235 0.2214 0.9492
vn -0.2349 0.0863 0.9682
vn 0.2290 -0.0883 -0.9694
vn -0.0696 -0.1827 0.9807
vn -0.1262 0.1407 -0.9820
vn 0.0804 0.1899 -0.9785
vn 0.0252 -0.2664 0.9635
vn -0.5008 -0.6075 0.6165
vn 0.0050 0.0114 -0.9999
vn -0.2355 0.1283 0.9634
vn -0.2089 0.0403 0.9771
vn -0.1016 0.9940 0.0395
vn 0.0404 -0.1895 -0.9810
vn -0.1711 0.3081 0.9359
vn 0.1317 -0.4206 -0.8976
vn -0.0859 0.9955 0.0396
vn -0.5705 -0.4253 -0.7026
vn -1.0000 -0.0017 -0.0089
vn 0.9999 -0.0103 -0.0097
vn -0.9992 -0.0352 -0.0198
vn 0.9996 0.0206 -0.0172
vn 1.0000 0.0018 -0.0001
vn -1.0000 0.0031 0.0002
vn 0.9972 -0.0205 -0.0724
vn -0.9980 -0.0016 0.0633
vn -0.9838 -0.0750 0.1626
vn 0.5894 -0.3919 -0.7065
vn -0.9995 -0.0244 -0.0201
vn 0.9996 0.0202 -0.0179
vn 0.9990 -0.0420 -0.0134
vn 0.9999 -0.0107 -0.0104
vn -0.9999 0.0131 -0.0086
vn 0.0838 0.9957 0.0397
vn 0.9999 -0.0097 0.0028
vn -0.9978 -0.0658 -0.0007
vt 0.073713 0.103778
vt 0.100605 0.005293
vt 0.137201 -0.000000
vt 0.106882 0.096827
vt 0.315060 0.096057
vt 0.312348 0.003749
vt 0.351315 0.000283
vt 0.350067 0.096762
vt 0.200314 0.103965
vt 0.173778 0.005450
vt 0.214952 0.011585
vt 0.237619 0.111951
vt 0.387791 0.100672
vt 0.389856 0.004213
vt 0.429213 0.000000
vt 0.423735 0.099553
vt 0.317725 0.327652
vt 0.351205 0.328446
vt 0.349845 0.460996
vt 0.315215 0.460294
vt 0.470290 0.038985
vt 0.470840 0.078692
vt 0.429212 0.078419
vt 0.432508 0.038986
vt 0.391227 0.618183
vt 0.427170 0.616895
vt 0.426024 0.751729
vt 0.388786 0.751382
vt 0.040707 0.334099
vt 0.074534 0.328819
vt 0.071216 0.461343
vt 0.037713 0.467923
vt 0.232326 0.334359
vt 0.270391 0.340473
vt 0.272384 0.475826
vt 0.234692 0.468255
vt 0.386472 0.327213
vt 0.422423 0.326833
vt 0.425209 0.461994
vt 0.389622 0.462846
vt 0.188721 0.862215
vt 0.224133 0.859278
vt 0.194597 0.936469
vt 0.156866 0.953835
vt 0.314555 0.613413
vt 0.349562 0.614288
vt 0.351315 0.757454
vt 0.315866 0.758001
vt 0.230788 0.622256
vt 0.268122 0.630675
vt 0.258539 0.765178
vt 0.220879 0.761265
vt 0.040928 0.621923
vt 0.074125 0.614588
vt 0.083754 0.757737
vt 0.050272 0.761061
vt 0.365011 0.925689
vt 0.396165 0.941688
vt 0.394600 0.990717
vt 0.366171 0.944369
vt 0.081584 0.861833
vt 0.114080 0.861741
vt 0.137201 0.928682
vt 0.113385 0.953793
vt 0.393915 0.848639
vt 0.425047 0.847974
vt 0.424188 0.926818
vt 0.310644 0.865475
vt 0.346284 0.862181
vt 0.345744 0.924714
vt 0.311669 0.949863
vt 0.388754 0.210180
vt 0.424986 0.209440
vt 0.218382 0.215845
vt 0.256063 0.222563
vt 0.055136 0.215568
vt 0.088632 0.209747
vt 0.314648 0.209456
vt 0.348675 0.209529
vt 0.279532 0.209278
vt 0.278954 0.096507
vt 0.353316 0.210136
vt 0.352627 0.100243
vt 0.282814 0.328202
vt 0.351315 0.327524
vt 0.354812 0.462677
vt 0.356061 0.617585
vt 0.279501 0.460746
vt 0.278448 0.614033
vt 0.352383 0.752444
vt 0.363200 0.847515
vt 0.283087 0.757209
vt 0.282547 0.861468
vt 0.284901 0.928568
vt 0.427609 0.943772
vt 0.470840 0.000241
vt 0.429212 0.000513
vt 0.351315 0.000756
vt 0.272384 -0.000000
vt 0.507821 0.000000
vt 0.503855 0.038985
vt 0.314075 1.000000
vt 0.280748 0.953541
vt 0.017430 0.222120
vt 0.036376 0.111602
vt 0.184908 0.209877
vt 0.167174 0.096871
vt 0.002629 0.340044
vt 0.198510 0.328928
vt 0.201207 0.461529
vt 0.197621 0.614777
vt 0.000000 0.475330
vt 0.003559 0.630180
vt 0.187424 0.757789
vt 0.160223 0.862242
vt 0.012583 0.764804
vt 0.050358 0.859925
vt 0.078235 0.937946
vt 0.342191 0.953761
vt 0.137201 0.924493
vt 0.507821 0.078934
vt 0.137201 -0.000000
vt 0.059410 0.011252
s 0
usemtl Material
f 1897/1659/1789 1881/1660/1789 1829/1661/1789 1859/1662/1789
f 1879/1663/1790 1863/1664/1790 1833/1665/1790 1860/1666/1790
f 1896/1667/1791 1883/1668/1791 1831/1669/1791 1861/1670/1791
f 1878/1671/1792 1865/1672/1792 1827/1673/1792 1858/1674/1792
f 1877/1675/1793 1854/1676/1793 1837/1677/1793 1866/1678/1793
f 1899/1679/1794 1881/1680/1794 1827/1681/1794 1865/1682/1794
f 1875/1683/1795 1850/1684/1795 1838/1685/1795 1869/1686/1795
f 1895/1687/1796 1855/1688/1796 1835/1689/1796 1884/1690/1796
f 1894/1691/1797 1857/1692/1797 1836/1693/1797 1885/1694/1797
f 1876/1695/1798 1856/1696/1798 1834/1697/1798 1867/1698/1798
f 1891/1699/1799 1846/1700/1799 1844/1701/1799 1889/1702/1799
f 1874/1703/1800 1852/1704/1800 1841/1705/1800 1868/1706/1800
f 1893/1707/1801 1851/1708/1801 1840/1709/1801 1887/1710/1801
f 1892/1711/1802 1853/1712/1802 1839/1713/1802 1886/1714/1802
f 1844/1715/1803 1871/1716/1803 1898/1717/1803 1889/1718/1803
f 1890/1719/1804 1848/1720/1804 1843/1721/1804 1888/1722/1804
f 1873/1723/1805 1849/1724/1805 1842/1725/1805 1871/1716/1805
f 1872/1726/1806 1847/1727/1806 1845/1728/1806 1870/1729/1806
f 1868/1706/1807 1841/1705/1807 1847/1727/1807 1872/1726/1807
f 1869/1686/1808 1838/1685/1808 1849/1724/1808 1873/1723/1808
f 1886/1714/1809 1839/1713/1809 1848/1720/1809 1890/1719/1809
f 1887/1710/1810 1840/1709/1810 1846/1700/1810 1891/1699/1810
f 1884/1690/1811 1835/1689/1811 1853/1712/1811 1892/1711/1811
f 1885/1694/1812 1836/1693/1812 1851/1708/1812 1893/1707/1812
f 1866/1678/1813 1837/1677/1813 1852/1704/1813 1874/1703/1813
f 1867/1698/1814 1834/1697/1814 1850/1684/1814 1875/1683/1814
f 1864/1730/1815 1826/1731/1815 1856/1696/1815 1876/1695/1815
f 1882/1732/1816 1830/1733/1816 1857/1692/1816 1894/1691/1816
f 1880/1734/1817 1828/1735/1817 1855/1688/1817 1895/1687/1817
f 1862/1736/1818 1832/1737/1818 1854/1676/1818 1877/1675/1818
f 1864/1730/1819 1878/1671/1819 1858/1674/1819 1826/1731/1819
f 1882/1732/1820 1896/1667/1820 1861/1670/1820 1830/1733/1820
f 1862/1736/1821 1879/1663/1821 1860/1666/1821 1832/1737/1821
f 1880/1734/1822 1897/1659/1822 1859/1662/1822 1828/1735/1822
f 1828/1738/1823 1859/1739/1823 1879/1663/1823 1862/1736/1823
f 1830/1740/1824 1861/1741/1824 1878/1671/1824 1864/1730/1824
f 1828/1738/1825 1862/1736/1825 1877/1675/1825 1855/1742/1825
f 1830/1740/1826 1864/1730/1826 1876/1695/1826 1857/1743/1826
f 1836/1744/1827 1867/1698/1827 1875/1683/1827 1851/1745/1827
f 1835/1746/1828 1866/1678/1828 1874/1703/1828 1853/1747/1828
f 1840/1748/1829 1869/1686/1829 1873/1723/1829 1846/1749/1829
f 1839/1750/1830 1868/1706/1830 1872/1726/1830 1848/1751/1830
f 1848/1751/1831 1872/1726/1831 1870/1729/1831 1843/1752/1831
f 1846/1749/1832 1873/1723/1832 1871/1716/1832 1844/1715/1832
f 1898/1717/1833 1871/1716/1833 1842/1725/1833 1888/1753/1833
f 1853/1747/1834 1874/1703/1834 1868/1706/1834 1839/1750/1834
f 1857/1743/1835 1876/1695/1835 1867/1698/1835 1836/1744/1835
f 1851/1745/1836 1875/1683/1836 1869/1686/1836 1840/1748/1836
f 1883/1754/1837 1899/1679/1837 1865/1682/1837 1831/1755/1837
f 1855/1742/1838 1877/1675/1838 1866/1678/1838 1835/1746/1838
f 1861/1741/1839 1831/1756/1839 1865/1672/1839 1878/1671/1839
f 1859/1739/1840 1829/1757/1840 1863/1664/1840 1879/1663/1840
f 1833/1758/1841 1863/1759/1841 1899/1679/1841 1883/1754/1841
f 1843/1752/1842 1870/1729/1842 1898/1760/1842 1888/1761/1842
f 1826/1762/1843 1858/1763/1843 1897/1659/1843 1880/1734/1843
f 1832/1764/1844 1860/1765/1844 1896/1667/1844 1882/1732/1844
f 1826/1762/1845 1880/1734/1845 1895/1687/1845 1856/1766/1845
f 1832/1764/1846 1882/1732/1846 1894/1691/1846 1854/1767/1846
f 1837/1768/1847 1885/1694/1847 1893/1707/1847 1852/1769/1847
f 1834/1770/1848 1884/1690/1848 1892/1711/1848 1850/1771/1848
f 1841/1772/1849 1887/1710/1849 1891/1699/1849 1847/1773/1849
f 1838/1774/1850 1886/1714/1850 1890/1719/1850 1849/1775/1850
f 1849/1775/1851 1890/1719/1851 1888/1722/1851 1842/1776/1851
f 1845/1728/1852 1889/1777/1852 1898/1760/1852 1870/1729/1852
f 1850/1771/1853 1892/1711/1853 1886/1714/1853 1838/1774/1853
f 1852/1769/1854 1893/1707/1854 1887/1710/1854 1841/1772/1854
f 1847/1773/1855 1891/1699/1855 1889/1702/1855 1845/1778/1855
f 1854/1767/1856 1894/1691/1856 1885/1694/1856 1837/1768/1856
f 1856/1766/1857 1895/1687/1857 1884/1690/1857 1834/1770/1857
f 1863/1759/1858 1829/1779/1858 1881/1680/1858 1899/1679/1858
f 1860/1765/1859 1833/1780/1859 1883/1668/1859 1896/1667/1859
f 1858/1763/1860 1827/1781/1860 1881/1660/1860 1897/1659/1860
o Wrist.001
v -0.597006 -0.280734 0.033715
v -0.588036 -0.280745 0.051206
v -0.602298 -0.269371 0.058531
v -0.613096 -0.265137 0.041822
v -0.565438 -0.230425 0.025903
v -0.560166 -0.234754 0.035206
v -0.573945 -0.217365 0.050489
v -0.579211 -0.215231 0.039104
v -0.590268 -0.288852 0.065410
v -0.576721 -0.288852 0.079650
v -0.589248 -0.272047 0.091298
v -0.600843 -0.273115 0.078151
v -0.552311 -0.237555 0.042660
v -0.544348 -0.239051 0.049174
v -0.554905 -0.221455 0.067708
v -0.566682 -0.218879 0.061740
v -0.598688 -0.275096 0.007046
v -0.596285 -0.275096 0.026554
v -0.613798 -0.266439 0.028711
v -0.616202 -0.266439 0.009203
v -0.570279 -0.221396 0.006592
v -0.569433 -0.225825 0.017144
v -0.583293 -0.212413 0.022751
v -0.581582 -0.208718 0.010228
v -0.569339 -0.286798 0.093941
v -0.547585 -0.286234 0.093369
v -0.558229 -0.272441 0.114991
v -0.575609 -0.272441 0.105811
v -0.536452 -0.239165 0.052983
v -0.527087 -0.237563 0.056451
v -0.531949 -0.222619 0.070835
v -0.544596 -0.221992 0.069977
v -0.519905 -0.236655 0.059491
v -0.522540 -0.222703 0.069715
v -0.513234 -0.222696 0.068076
v -0.511527 -0.234871 0.063151
v -0.512021 -0.301895 0.100202
v -0.528925 -0.290854 0.118697
v -0.499328 -0.279818 0.121393
v -0.489082 -0.292827 0.100102
v -0.558134 -0.348255 0.125100
v -0.555572 -0.360588 0.128699
v -0.555351 -0.354700 0.125050
v -0.573378 -0.365223 0.128961
v -0.577219 -0.353219 0.125410
v -0.578113 -0.360576 0.125534
v -0.574181 -0.361131 0.146882
v -0.578101 -0.348848 0.144563
v -0.579079 -0.355373 0.148228
v -0.556374 -0.356496 0.146619
v -0.559020 -0.343883 0.144255
v -0.556452 -0.349463 0.148029
v -0.586375 -0.375769 0.093162
v -0.584053 -0.386877 0.094319
v -0.584468 -0.381352 0.092311
v -0.601924 -0.391180 0.097440
v -0.605243 -0.380313 0.096472
v -0.605821 -0.386481 0.096135
v -0.599112 -0.389550 0.115799
v -0.602289 -0.378596 0.115835
v -0.602443 -0.384531 0.117947
v -0.581240 -0.385247 0.112677
v -0.583423 -0.374052 0.112526
v -0.581146 -0.379406 0.114313
v -0.601300 -0.368695 0.059309
v -0.600187 -0.379278 0.059656
v -0.599129 -0.373886 0.058559
v -0.617800 -0.382675 0.053945
v -0.619264 -0.372320 0.052817
v -0.620346 -0.377954 0.051557
v -0.623584 -0.382810 0.071860
v -0.625838 -0.372437 0.071194
v -0.627389 -0.378076 0.072997
v -0.605971 -0.379413 0.077570
v -0.607759 -0.368825 0.077542
v -0.606348 -0.374030 0.080061
v -0.620821 -0.363261 0.037495
v -0.620957 -0.372671 0.036636
v -0.619506 -0.368097 0.037925
v -0.631089 -0.372424 0.020879
v -0.631108 -0.363101 0.020841
v -0.631387 -0.367803 0.019241
v -0.646818 -0.373773 0.030971
v -0.647770 -0.364512 0.031136
v -0.649867 -0.369368 0.031121
v -0.636686 -0.374020 0.046729
v -0.637456 -0.364678 0.047774
v -0.638103 -0.369652 0.049592
v -0.605268 -0.468733 0.011062
v -0.602477 -0.468476 0.011714
v -0.604185 -0.468699 0.012800
v -0.603581 -0.468492 0.009973
v -0.616953 -0.321071 0.016809
v -0.611743 -0.321383 0.031164
v -0.625339 -0.319339 0.036378
v -0.630525 -0.319036 0.022032
v -0.594900 -0.277165 0.032817
v -0.586293 -0.277453 0.049833
v -0.600235 -0.265945 0.057343
v -0.610703 -0.261811 0.041065
v -0.587663 -0.285060 0.063426
v -0.574525 -0.285213 0.077198
v -0.586701 -0.268607 0.088886
v -0.598019 -0.269416 0.076163
v -0.596930 -0.271633 0.006819
v -0.594563 -0.271764 0.025646
v -0.611972 -0.262938 0.028046
v -0.614465 -0.262872 0.008990
v -0.567112 -0.283363 0.090908
v -0.546160 -0.282854 0.090766
v -0.556522 -0.269024 0.111760
v -0.573418 -0.268943 0.102838
v -0.512432 -0.297554 0.097501
v -0.528477 -0.286463 0.115321
v -0.500473 -0.275636 0.118256
v -0.490449 -0.289061 0.097772
v -0.607793 -0.325847 0.046875
v -0.598302 -0.324144 0.055468
v -0.605440 -0.319725 0.064421
v -0.615832 -0.319337 0.056210
v -0.598501 -0.326604 0.088548
v -0.589618 -0.331057 0.083636
v -0.584539 -0.331630 0.094610
v -0.594294 -0.326556 0.099269
v -0.569354 -0.317999 0.114312
v -0.557949 -0.315150 0.112498
v -0.561826 -0.310182 0.124464
v -0.571399 -0.312291 0.122278
v -0.483745 -0.352466 0.135468
v -0.485289 -0.350490 0.138662
v -0.489512 -0.352512 0.138371
v -0.487160 -0.353893 0.135527
v -0.519249 -0.448696 0.147607
v -0.520556 -0.449408 0.147701
v -0.519301 -0.448388 0.149126
v -0.520600 -0.449109 0.149156
v -0.552786 -0.479497 0.093648
v -0.552557 -0.478503 0.097540
v -0.566873 -0.495489 0.057238
v -0.567624 -0.495421 0.059441
v -0.549453 -0.477767 0.093021
v -0.549115 -0.476684 0.097039
v -0.564966 -0.494262 0.057949
v -0.565743 -0.494182 0.060267
v -0.574014 -0.251524 0.026492
v -0.563916 -0.259458 0.048525
v -0.578647 -0.242752 0.002946
v -0.547138 -0.260077 0.065349
v -0.524853 -0.245465 0.091602
v -0.505696 -0.240944 0.090661
v -0.499257 -0.256927 0.074562
v -0.567715 -0.254480 0.038737
v -0.587870 -0.234507 0.055215
v -0.595389 -0.231542 0.041500
v -0.554064 -0.260613 0.058002
v -0.569281 -0.236823 0.079176
v -0.582197 -0.236575 0.069872
v -0.575858 -0.246483 0.018982
v -0.598624 -0.230273 0.025488
v -0.597829 -0.228551 0.006923
v -0.534193 -0.258537 0.066660
v -0.541706 -0.238323 0.090760
v -0.557094 -0.237212 0.086286
v -0.516189 -0.263390 0.070869
v 0.573692 -0.280734 0.033715
v 0.564722 -0.280745 0.051206
v 0.578984 -0.269371 0.058531
v 0.589782 -0.265137 0.041822
v 0.542124 -0.230425 0.025903
v 0.536852 -0.234754 0.035206
v 0.550631 -0.217365 0.050489
v 0.555897 -0.215231 0.039104
v 0.566954 -0.288852 0.065410
v 0.553406 -0.288852 0.079650
v 0.565934 -0.272047 0.091298
v 0.577529 -0.273115 0.078151
v 0.528996 -0.237555 0.042660
v 0.521034 -0.239051 0.049174
v 0.531591 -0.221455 0.067708
v 0.543368 -0.218879 0.061740
v 0.575374 -0.275096 0.007046
v 0.572971 -0.275096 0.026554
v 0.590484 -0.266439 0.028711
v 0.592888 -0.266439 0.009203
v 0.546964 -0.221396 0.006592
v 0.546119 -0.225825 0.017144
v 0.559978 -0.212413 0.022751
v 0.558267 -0.208718 0.010228
v 0.546025 -0.286798 0.093941
v 0.524271 -0.286234 0.093369
v 0.534915 -0.272441 0.114991
v 0.552294 -0.272441 0.105811
v 0.513137 -0.239165 0.052983
v 0.503773 -0.237563 0.056451
v 0.508635 -0.222619 0.070835
v 0.521282 -0.221992 0.069977
v 0.496591 -0.236655 0.059491
v 0.499225 -0.222703 0.069715
v 0.489920 -0.222696 0.068076
v 0.488212 -0.234871 0.063151
v 0.488706 -0.301895 0.100202
v 0.505611 -0.290854 0.118697
v 0.476014 -0.279818 0.121393
v 0.465768 -0.292827 0.100102
v 0.534820 -0.348255 0.125100
v 0.532258 -0.360588 0.128699
v 0.532037 -0.354700 0.125050
v 0.550064 -0.365223 0.128961
v 0.553905 -0.353219 0.125410
v 0.554798 -0.360576 0.125534
v 0.550866 -0.361131 0.146882
v 0.554787 -0.348848 0.144563
v 0.555765 -0.355373 0.148228
v 0.533060 -0.356496 0.146619
v 0.535706 -0.343883 0.144255
v 0.533138 -0.349463 0.148029
v 0.563061 -0.375769 0.093162
v 0.560739 -0.386877 0.094319
v 0.561154 -0.381352 0.092311
v 0.578610 -0.391180 0.097440
v 0.581928 -0.380313 0.096472
v 0.582506 -0.386481 0.096135
v 0.575797 -0.389550 0.115799
v 0.578975 -0.378596 0.115835
v 0.579129 -0.384531 0.117947
v 0.557926 -0.385247 0.112677
v 0.560109 -0.374052 0.112526
v 0.557831 -0.379406 0.114313
v 0.577985 -0.368695 0.059309
v 0.576873 -0.379278 0.059656
v 0.575814 -0.373886 0.058559
v 0.594486 -0.382675 0.053945
v 0.595949 -0.372320 0.052817
v 0.597032 -0.377954 0.051557
v 0.600270 -0.382810 0.071860
v 0.602523 -0.372437 0.071194
v 0.604075 -0.378076 0.072997
v 0.582656 -0.379413 0.077570
v 0.584445 -0.368825 0.077542
v 0.583034 -0.374030 0.080061
v 0.597507 -0.363261 0.037495
v 0.597643 -0.372671 0.036636
v 0.596191 -0.368097 0.037925
v 0.607774 -0.372424 0.020879
v 0.607794 -0.363101 0.020841
v 0.608073 -0.367803 0.019241
v 0.623504 -0.373773 0.030971
v 0.624455 -0.364512 0.031136
v 0.626552 -0.369368 0.031121
v 0.613371 -0.374020 0.046729
v 0.614142 -0.364678 0.047774
v 0.614789 -0.369652 0.049592
v 0.581954 -0.468733 0.011062
v 0.579163 -0.468476 0.011714
v 0.580871 -0.468699 0.012800
v 0.580267 -0.468492 0.009973
v 0.593638 -0.321071 0.016809
v 0.588428 -0.321383 0.031164
v 0.602025 -0.319339 0.036378
v 0.607211 -0.319036 0.022032
v 0.571586 -0.277165 0.032817
v 0.562979 -0.277453 0.049833
v 0.576920 -0.265945 0.057343
v 0.587389 -0.261811 0.041065
v 0.564349 -0.285060 0.063426
v 0.551211 -0.285213 0.077198
v 0.563387 -0.268607 0.088886
v 0.574705 -0.269416 0.076163
v 0.573615 -0.271633 0.006819
v 0.571249 -0.271764 0.025646
v 0.588657 -0.262938 0.028046
v 0.591151 -0.262872 0.008990
v 0.543797 -0.283363 0.090908
v 0.522846 -0.282854 0.090766
v 0.533208 -0.269024 0.111760
v 0.550104 -0.268943 0.102838
v 0.489117 -0.297554 0.097501
v 0.505163 -0.286463 0.115321
v 0.477159 -0.275636 0.118256
v 0.467134 -0.289061 0.097772
v 0.584478 -0.325847 0.046875
v 0.574988 -0.324144 0.055468
v 0.582126 -0.319725 0.064421
v 0.592517 -0.319337 0.056210
v 0.575186 -0.326604 0.088548
v 0.566303 -0.331057 0.083636
v 0.561225 -0.331630 0.094610
v 0.570980 -0.326556 0.099269
v 0.546040 -0.317999 0.114312
v 0.534635 -0.315150 0.112498
v 0.538511 -0.310182 0.124464
v 0.548085 -0.312291 0.122278
v 0.460431 -0.352466 0.135468
v 0.461974 -0.350490 0.138662
v 0.466198 -0.352512 0.138371
v 0.463846 -0.353893 0.135527
v 0.495935 -0.448696 0.147607
v 0.497241 -0.449408 0.147701
v 0.495987 -0.448388 0.149126
v 0.497286 -0.449109 0.149156
v 0.529472 -0.479497 0.093648
v 0.529242 -0.478503 0.097540
v 0.543559 -0.495489 0.057238
v 0.544310 -0.495421 0.059441
v 0.526139 -0.477767 0.093021
v 0.525801 -0.476684 0.097039
v 0.541651 -0.494262 0.057949
v 0.542429 -0.494182 0.060267
v 0.550700 -0.251524 0.026492
v 0.540602 -0.259458 0.048525
v 0.555333 -0.242752 0.002946
v 0.523824 -0.260077 0.065349
v 0.501538 -0.245465 0.091602
v 0.482382 -0.240944 0.090661
v 0.475943 -0.256927 0.074562
v 0.544401 -0.254480 0.038737
v 0.564555 -0.234507 0.055215
v 0.572075 -0.231542 0.041500
v 0.530750 -0.260613 0.058002
v 0.545966 -0.236823 0.079176
v 0.558882 -0.236575 0.069872
v 0.552544 -0.246483 0.018982
v 0.575310 -0.230273 0.025488
v 0.574514 -0.228551 0.006923
v 0.510878 -0.258537 0.066660
v 0.518392 -0.238323 0.090760
v 0.533780 -0.237212 0.086286
v 0.492875 -0.263390 0.070869
vn -0.2592 -0.2322 0.9375
vn -0.8707 -0.4014 -0.2841
vn 0.6958 0.7056 -0.1340
vn -0.8309 0.1134 0.5448
vn 0.6460 0.0932 0.7577
vn 0.7670 -0.2885 -0.5731
vn 0.9142 0.2756 0.2972
vn 0.4449 0.7736 -0.4512
vn 0.1035 -0.9933 -0.0507
vn -0.0037 -0.5487 -0.8360
vn 0.7397 0.6255 0.2480
vn -0.9585 -0.1738 -0.2260
vn -0.3911 0.2890 0.8738
vn 0.9141 -0.0177 0.4050
vn 0.1039 0.7162 -0.6901
vn 0.0470 0.5069 -0.8607
vn 0.7674 -0.3569 -0.5327
vn 0.5891 0.7489 -0.3034
vn -0.6161 0.6493 0.4458
vn 0.7119 0.7019 -0.0216
vn -0.6511 -0.1193 -0.7496
vn -0.7352 0.1687 0.6565
vn 0.6052 -0.0004 0.7960
vn 0.7891 -0.2939 -0.5394
vn 0.9198 0.3526 -0.1722
vn 0.1942 -0.0987 0.9760
vn -0.8573 -0.4845 0.1743
vn 0.5386 -0.4947 -0.6820
vn 0.2323 0.7535 -0.6151
vn -0.3263 0.6826 0.6539
vn -0.6204 0.6729 0.4028
vn 0.9225 -0.3152 -0.2228
vn 0.8150 -0.3208 -0.4826
vn -0.7660 0.6410 0.0499
vn -0.0646 0.2035 -0.9769
vn 0.9079 -0.3642 -0.2075
vn -0.2709 -0.1291 -0.9539
vn -0.9386 0.2715 0.2129
vn 0.2473 0.0524 0.9675
vn 0.9269 0.3728 -0.0436
vn 0.0070 0.0301 0.9995
vn -0.8523 -0.5170 0.0799
vn 0.0546 0.6556 -0.7532
vn -0.3197 0.7262 0.6086
vn -0.2251 0.7560 0.6147
vn 0.0032 -0.6383 -0.7698
vn 0.1979 0.6923 0.6940
vn -0.0546 0.7308 0.6804
vn 0.9270 0.3562 -0.1178
vn 0.3545 -0.2978 -0.8863
vn 0.3116 -0.7308 0.6074
vn 0.1893 -0.4883 -0.8519
vn -0.7430 -0.5810 -0.3323
vn -0.8492 0.5279 0.0150
vn -0.6100 -0.7748 -0.1663
vn 0.7768 -0.5860 -0.2306
vn -0.7945 -0.5672 -0.2170
vn 0.7017 -0.6554 -0.2794
vn -0.5685 -0.6858 0.4544
vn -0.0822 -0.5570 -0.8264
vn -0.4808 -0.8540 0.1985
vn 0.1187 -0.5181 -0.8471
vn -0.0170 -0.0077 -0.9998
vn -0.7404 -0.6616 0.1192
vn -0.9910 0.1145 -0.0700
vn 0.0602 -0.1878 0.9804
vn -0.1221 0.5079 0.8527
vn 0.9989 -0.0029 0.0471
vn 0.9179 0.3940 -0.0466
vn 0.0364 -0.1953 -0.9801
vn -0.0843 -0.3391 -0.9369
vn -0.1921 0.0772 -0.9783
vn -0.7829 -0.5974 0.1739
vn -0.9862 0.0808 0.1444
vn 0.2246 -0.2603 0.9390
vn 0.0805 0.3389 0.9374
vn 0.9881 0.0229 -0.1522
vn 0.9251 0.3393 -0.1704
vn -0.1608 -0.0471 -0.9859
vn -0.7661 -0.2060 -0.6088
vn 0.3452 -0.2600 -0.9018
vn 0.2831 0.2025 -0.9375
vn -0.7854 -0.5619 -0.2597
vn -0.9272 0.2014 -0.3159
vn -0.2150 -0.4072 0.8877
vn -0.3643 0.3489 0.8634
vn 0.9451 -0.1000 0.3111
vn 0.8827 0.3563 0.3063
vn 0.2888 0.1026 -0.9519
vn 0.8351 -0.1251 -0.5357
vn 0.8377 0.1554 -0.5235
vn -0.4934 -0.3166 -0.8102
vn -0.5303 0.2677 -0.8044
vn -0.7216 -0.5231 0.4535
vn -0.8011 0.3168 0.5078
vn 0.5209 -0.3611 0.7735
vn 0.5013 0.2255 0.8353
vn -0.5356 -0.0577 -0.8425
vn 0.8072 0.2895 -0.5145
vn -0.7608 -0.4341 0.4824
vn 0.5435 -0.1116 0.8320
vn 0.4561 0.0695 0.8872
vn -0.8309 0.3637 0.4212
vn -0.4559 0.0301 -0.8895
vn 0.8543 -0.2898 -0.4314
vn -0.0838 -0.6463 -0.7585
vn 0.5704 -0.7638 -0.3019
vn 0.5469 -0.7121 -0.4401
vn -0.8991 0.4142 0.1415
vn 0.1934 -0.4864 -0.8521
vn 0.8964 0.4058 0.1782
vn -0.2897 0.5640 0.7733
vn 0.2645 0.5794 0.7709
vn 0.0679 -0.7417 -0.6673
vn -0.4965 0.7178 0.4881
vn -0.2891 0.5952 0.7498
vn -0.1231 -0.0010 -0.9924
vn -0.8815 0.4585 0.1127
vn 0.7796 -0.5227 -0.3450
vn 0.8769 -0.4677 -0.1107
vn -0.7688 0.6112 0.1881
vn -0.5611 0.6971 0.4463
vn 0.5419 -0.6604 -0.5199
vn -0.6202 0.5658 0.5434
vn 0.7451 -0.5451 -0.3842
vn 0.4997 -0.1707 -0.8492
vn 0.8958 0.0295 0.4434
vn -0.4617 0.2865 0.8395
vn -0.8727 0.0873 -0.4804
vn -0.2800 -0.1579 -0.9469
vn 0.9665 -0.0318 -0.2546
vn 0.2600 0.3143 0.9130
vn -0.9586 0.1839 0.2174
vn 0.9877 0.0978 0.1218
vn -0.1816 0.5126 0.8392
vn -0.9799 0.1276 -0.1532
vn 0.0187 -0.3296 -0.9439
vn -0.1637 0.2034 0.9653
vn 0.9230 0.2540 0.2890
vn 0.4801 -0.8563 0.1903
vn 0.4802 -0.8563 0.1903
vn 0.4802 -0.8563 0.1904
vn -0.0700 0.7796 0.6223
vn 0.2483 -0.5392 -0.8047
vn -0.6948 0.6771 0.2425
vn 0.6411 -0.4373 -0.6306
vn 0.5055 -0.5672 -0.6501
vn 0.1908 -0.4159 -0.8892
vn 0.2881 -0.5399 -0.7909
vn 0.9334 0.3199 0.1629
vn -0.2118 0.5454 0.8110
vn 0.1824 0.4861 0.8546
vn -0.5238 0.5480 0.6522
vn -0.1658 -0.0011 -0.9862
vn -0.9095 0.4113 0.0606
vn 0.6195 -0.6082 -0.4962
vn 0.7952 -0.5784 -0.1817
vn -0.8673 0.4161 0.2732
vn -0.5999 0.4691 0.6481
vn 0.4578 -0.7389 -0.4943
vn -0.7616 0.3565 0.5412
vn 0.6373 -0.6600 -0.3978
vn 0.2592 -0.2322 0.9375
vn 0.8707 -0.4014 -0.2841
vn -0.6958 0.7056 -0.1340
vn 0.8309 0.1134 0.5448
vn -0.6460 0.0932 0.7577
vn -0.7670 -0.2885 -0.5731
vn -0.9142 0.2756 0.2972
vn -0.4449 0.7736 -0.4512
vn -0.1035 -0.9933 -0.0507
vn 0.0037 -0.5487 -0.8360
vn -0.7397 0.6255 0.2480
vn 0.9585 -0.1738 -0.2260
vn 0.3911 0.2890 0.8738
vn -0.9141 -0.0177 0.4050
vn -0.1039 0.7162 -0.6901
vn -0.0470 0.5069 -0.8607
vn -0.7674 -0.3569 -0.5327
vn -0.5891 0.7489 -0.3034
vn 0.6161 0.6493 0.4458
vn -0.7119 0.7019 -0.0216
vn 0.6511 -0.1193 -0.7496
vn 0.7352 0.1687 0.6565
vn -0.6052 -0.0004 0.7960
vn -0.7891 -0.2939 -0.5394
vn -0.9198 0.3526 -0.1722
vn -0.1942 -0.0987 0.9760
vn 0.8573 -0.4845 0.1743
vn -0.5386 -0.4947 -0.6820
vn -0.2323 0.7535 -0.6151
vn 0.3263 0.6826 0.6539
vn 0.6204 0.6729 0.4028
vn -0.9225 -0.3152 -0.2228
vn -0.8150 -0.3208 -0.4826
vn 0.7660 0.6410 0.0499
vn 0.0646 0.2035 -0.9769
vn -0.9079 -0.3642 -0.2075
vn 0.2709 -0.1291 -0.9539
vn 0.9386 0.2715 0.2129
vn -0.2473 0.0524 0.9675
vn -0.9269 0.3728 -0.0436
vn -0.0070 0.0301 0.9995
vn 0.8523 -0.5170 0.0799
vn -0.0546 0.6556 -0.7532
vn 0.3197 0.7262 0.6086
vn 0.2251 0.7560 0.6147
vn -0.0032 -0.6383 -0.7698
vn -0.1979 0.6923 0.6940
vn 0.0546 0.7308 0.6804
vn -0.9270 0.3562 -0.1178
vn -0.3545 -0.2978 -0.8863
vn -0.3116 -0.7308 0.6074
vn -0.1893 -0.4883 -0.8519
vn 0.7430 -0.5810 -0.3323
vn 0.8492 0.5279 0.0150
vn 0.6100 -0.7748 -0.1663
vn -0.7768 -0.5860 -0.2306
vn 0.7945 -0.5672 -0.2170
vn -0.7017 -0.6554 -0.2794
vn 0.5685 -0.6858 0.4544
vn 0.0822 -0.5570 -0.8264
vn 0.4808 -0.8540 0.1985
vn -0.1187 -0.5181 -0.8471
vn 0.0170 -0.0077 -0.9998
vn 0.7404 -0.6616 0.1192
vn 0.9910 0.1145 -0.0700
vn -0.0602 -0.1878 0.9804
vn 0.1221 0.5079 0.8527
vn -0.9989 -0.0029 0.0471
vn -0.9179 0.3940 -0.0466
vn -0.0364 -0.1953 -0.9801
vn 0.0843 -0.3391 -0.9369
vn 0.1921 0.0772 -0.9783
vn 0.7829 -0.5974 0.1739
vn 0.9862 0.0808 0.1444
vn -0.2246 -0.2603 0.9390
vn -0.0805 0.3389 0.9374
vn -0.9881 0.0229 -0.1522
vn -0.9251 0.3393 -0.1704
vn 0.1608 -0.0471 -0.9859
vn 0.7661 -0.2060 -0.6088
vn -0.3452 -0.2600 -0.9018
vn -0.2831 0.2025 -0.9375
vn 0.7854 -0.5619 -0.2597
vn 0.9272 0.2014 -0.3159
vn 0.2150 -0.4072 0.8877
vn 0.3643 0.3489 0.8634
vn -0.9451 -0.1000 0.3111
vn -0.8827 0.3563 0.3063
vn -0.2888 0.1026 -0.9519
vn -0.8351 -0.1251 -0.5357
vn -0.8377 0.1554 -0.5235
vn 0.4934 -0.3166 -0.8102
vn 0.5303 0.2677 -0.8044
vn 0.7216 -0.5231 0.4535
vn 0.8011 0.3168 0.5078
vn -0.5209 -0.3611 0.7735
vn -0.5013 0.2255 0.8353
vn 0.5356 -0.0577 -0.8425
vn -0.8072 0.2895 -0.5145
vn 0.7608 -0.4341 0.4824
vn -0.5435 -0.1116 0.8320
vn -0.4561 0.0695 0.8872
vn 0.8309 0.3637 0.4212
vn 0.4559 0.0301 -0.8895
vn -0.8543 -0.2898 -0.4314
vn 0.0838 -0.6463 -0.7585
vn -0.5704 -0.7638 -0.3019
vn -0.5469 -0.7121 -0.4401
vn 0.8991 0.4142 0.1415
vn -0.1934 -0.4864 -0.8521
vn -0.8964 0.4058 0.1782
vn 0.2897 0.5640 0.7733
vn -0.2645 0.5794 0.7709
vn -0.0679 -0.7417 -0.6673
vn 0.4965 0.7178 0.4881
vn 0.2891 0.5952 0.7498
vn 0.1231 -0.0010 -0.9924
vn 0.8815 0.4585 0.1127
vn -0.7796 -0.5227 -0.3450
vn -0.8769 -0.4677 -0.1107
vn 0.7688 0.6112 0.1881
vn 0.5611 0.6971 0.4463
vn -0.5419 -0.6604 -0.5199
vn 0.6202 0.5658 0.5434
vn -0.7451 -0.5451 -0.3842
vn -0.4997 -0.1707 -0.8492
vn -0.8958 0.0295 0.4434
vn 0.4617 0.2865 0.8395
vn 0.8727 0.0873 -0.4804
vn 0.2800 -0.1579 -0.9469
vn -0.9665 -0.0318 -0.2546
vn -0.2600 0.3143 0.9130
vn 0.9586 0.1839 0.2174
vn -0.9877 0.0978 0.1218
vn 0.1816 0.5126 0.8392
vn 0.9799 0.1276 -0.1532
vn -0.0187 -0.3296 -0.9439
vn 0.1637 0.2034 0.9653
vn -0.9230 0.2540 0.2890
vn -0.4801 -0.8563 0.1903
vn -0.4802 -0.8563 0.1903
vn -0.4802 -0.8563 0.1904
vn 0.0700 0.7796 0.6223
vn -0.2483 -0.5392 -0.8047
vn 0.6948 0.6771 0.2425
vn -0.6411 -0.4373 -0.6306
vn -0.5055 -0.5672 -0.6501
vn -0.1908 -0.4159 -0.8892
vn -0.2881 -0.5399 -0.7909
vn -0.9334 0.3199 0.1629
vn 0.2118 0.5454 0.8110
vn -0.1824 0.4861 0.8546
vn 0.5238 0.5480 0.6522
vn 0.1658 -0.0011 -0.9862
vn 0.9095 0.4113 0.0606
vn -0.6195 -0.6082 -0.4962
vn -0.7952 -0.5784 -0.1817
vn 0.8673 0.4161 0.2732
vn 0.5999 0.4691 0.6481
vn -0.4578 -0.7389 -0.4943
vn 0.7616 0.3565 0.5412
vn -0.6373 -0.6600 -0.3978
vt 0.609337 0.842223
vt 0.640374 0.582722
vt 0.683326 0.577884
vt 0.614403 0.843481
vt 0.391382 0.877177
vt 0.392417 0.582681
vt 0.433039 0.595208
vt 0.396354 0.878934
vt 0.300613 0.867779
vt 0.298127 0.896295
vt 0.241651 0.872888
vt 0.250038 0.848095
vt 0.474241 0.294945
vt 0.485717 0.175133
vt 0.524720 0.184172
vt 0.501482 0.294726
vt 0.473191 0.567396
vt 0.441987 0.463405
vt 0.463406 0.430330
vt 0.493415 0.556451
vt 0.185086 0.815896
vt 0.185086 0.707543
vt 0.217966 0.718753
vt 0.197716 0.825605
vt 0.897518 0.820026
vt 0.904833 0.535906
vt 0.946869 0.532070
vt 0.902960 0.819291
vt 0.295411 0.924681
vt 0.284128 0.942509
vt 0.227880 0.910943
vt 0.233640 0.893303
vt 0.386571 0.802712
vt 0.386571 0.798088
vt 0.391097 0.797562
vt 0.391081 0.802174
vt 0.232984 0.256880
vt 0.226446 0.171879
vt 0.277610 0.166665
vt 0.259288 0.247304
vt 0.301013 0.797562
vt 0.301013 0.827776
vt 0.258343 0.824731
vt 0.262932 0.798081
vt 0.341150 0.917621
vt 0.301013 0.837731
vt 0.346977 0.838516
vt 0.363812 0.911559
vt 0.174701 0.250284
vt 0.160769 0.158969
vt 0.203462 0.150361
vt 0.198045 0.252296
vt 0.554418 0.518865
vt 0.530243 0.451680
vt 0.590699 0.430330
vt 0.585586 0.514228
vt 0.273426 0.004918
vt 0.303443 0.004907
vt 0.315063 0.026940
vt 0.292755 0.029479
vt 0.332261 0.025994
vt 0.325507 0.002740
vt 0.347249 -0.000000
vt 0.352245 0.023352
vt 0.275176 0.636760
vt 0.263521 0.664001
vt 0.230571 0.635417
vt 0.240509 0.615962
vt 0.599384 0.076549
vt 0.562783 0.080541
vt 0.560607 0.027895
vt 0.590156 0.024142
vt 0.900116 0.384554
vt 0.900116 0.251998
vt 0.938607 0.279015
vt 0.918647 0.391250
vt 0.560379 0.277240
vt 0.569053 0.168972
vt 0.615039 0.164696
vt 0.587430 0.284305
vt 0.203044 0.707543
vt 0.185086 0.604538
vt 0.217605 0.586358
vt 0.217605 0.704814
vt 0.748423 0.938801
vt 0.748423 0.842152
vt 0.786177 0.861697
vt 0.767243 0.948710
vt 0.000000 0.945817
vt 0.016641 0.716428
vt 0.060265 0.717623
vt 0.009656 0.944244
vt 0.441987 0.904183
vt 0.481849 0.701126
vt 0.524598 0.707677
vt 0.450587 0.907589
vt 0.942871 0.250162
vt 0.904809 0.014371
vt 0.948566 0.014785
vt 0.952108 0.251998
vt 0.254619 0.084106
vt 0.230059 0.076091
vt 0.253862 0.020793
vt 0.273644 0.027681
vt 0.276395 0.950475
vt 0.223722 0.921669
vt 0.219239 0.043600
vt 0.187051 0.052278
vt 0.152621 0.011473
vt 0.180991 0.000000
vt 0.525675 0.085248
vt 0.529606 0.028075
vt 0.219239 0.837470
vt 0.220823 0.798064
vt 0.250366 0.675282
vt 0.219239 0.652044
vt 0.677515 0.056923
vt 0.637389 0.070071
vt 0.629598 0.015323
vt 0.655568 -0.000000
vt 0.811278 0.069287
vt 0.762739 0.047425
vt 0.795125 0.000000
vt 0.824836 0.021518
vt 0.377111 0.797562
vt 0.292902 0.750991
vt 0.319222 0.713032
vt 0.391381 0.765562
vt 0.717375 0.271105
vt 0.732054 0.139798
vt 0.775297 0.151256
vt 0.748773 0.267011
vt 0.639309 0.285674
vt 0.644549 0.161934
vt 0.689571 0.155437
vt 0.675364 0.284140
vt 0.964567 0.521214
vt 0.952980 0.407126
vt 0.996193 0.399119
vt 0.994493 0.527502
vt 0.530243 0.856514
vt 0.557775 0.628580
vt 0.601112 0.632555
vt 0.533885 0.856944
vt 0.096991 0.584875
vt 0.166475 0.370918
vt 0.209146 0.379275
vt 0.100177 0.586358
vt 0.799957 0.842152
vt 0.755086 0.603672
vt 0.798556 0.603789
vt 0.803469 0.842070
vt 0.156751 0.149232
vt 0.198240 0.140683
vt 0.157054 0.059659
vt 0.128054 0.015587
vt 0.230878 0.161576
vt 0.280209 0.156931
vt 0.081880 0.086129
vt 0.076454 0.019847
vt 0.098303 0.019224
vt 0.120223 0.067252
vt 0.036200 0.077732
vt 0.054938 0.019890
vt 0.065033 0.668407
vt 0.073544 0.604097
vt 0.098776 0.586358
vt 0.118946 0.654381
vt 0.345904 0.093721
vt 0.385458 0.079230
vt 0.373762 0.806176
vt 0.373063 0.797562
vt 0.380920 0.797741
vt 0.380920 0.808766
vt 0.364367 0.201047
vt 0.417279 0.176937
vt 0.441987 0.335896
vt 0.434125 0.339690
vt 0.696366 0.663500
vt 0.748042 0.697784
vt 0.697309 0.846374
vt 0.689571 0.842031
vt 0.644325 0.152471
vt 0.614532 0.154905
vt 0.213896 0.837494
vt 0.203846 0.877591
vt 0.185086 0.881167
vt 0.185086 0.825606
vt 0.371411 0.645013
vt 0.381888 0.648133
vt 0.349341 0.663515
vt 0.341593 0.660837
vt 0.863265 0.817425
vt 0.824836 0.779445
vt 0.868358 0.761369
vt 0.892993 0.798967
vt 0.380193 0.568345
vt 0.391381 0.568790
vt 0.382692 0.605528
vt 0.372268 0.603902
vt 0.308006 0.797562
vt 0.363812 0.807596
vt 0.362500 0.189388
vt 0.689571 0.586829
vt 0.748423 0.615803
vt 0.272796 0.360723
vt 0.231433 0.374189
vt 0.219239 0.362006
vt 0.272101 0.344792
vt 0.220376 0.345287
vt 0.264708 0.330840
vt 0.748423 0.586829
vt 0.803469 0.586946
vt 0.942164 0.919240
vt 0.897518 0.940153
vt 0.897518 0.922643
vt 0.935099 0.904909
vt 0.164984 0.356010
vt 0.219239 0.366579
vt 0.170689 0.340463
vt 0.216411 0.349431
vt 0.553760 0.613626
vt 0.609337 0.618690
vt 0.559017 0.597913
vt 0.605345 0.602146
vt 0.369257 0.568117
vt 0.372236 0.566241
vt 0.874457 0.542479
vt 0.830660 0.542915
vt 0.824836 0.529377
vt 0.877169 0.528810
vt 0.829912 0.516679
vt 0.876154 0.516201
vt 0.900116 0.000000
vt 0.952108 0.000465
vt 0.492985 0.427791
vt 0.441987 0.430330
vt 0.446317 0.417144
vt 0.491549 0.414811
vt 0.479288 0.689240
vt 0.530243 0.696980
vt 0.482965 0.675321
vt 0.528092 0.682252
vt 0.012753 0.703526
vt 0.065033 0.704937
vt 0.015599 0.689717
vt 0.061612 0.690971
vt 0.888772 0.761369
vt 0.897518 0.759253
vt 0.824836 0.886411
vt 0.839828 0.904805
vt 0.870430 0.130433
vt 0.828430 0.125652
vt 0.824836 0.112338
vt 0.875411 0.118241
vt 0.829813 0.101388
vt 0.872675 0.106411
vt 0.391382 0.568117
vt 0.439960 0.583354
vt 0.816042 0.588177
vt 0.816042 0.633174
vt 0.804236 0.625230
vt 0.803469 0.586829
vt 0.638180 0.572461
vt 0.689508 0.566480
vt 0.638972 0.558518
vt 0.683173 0.553480
vt 0.902540 0.524697
vt 0.952980 0.519835
vt 0.904429 0.511428
vt 0.947181 0.507055
vt 0.895183 0.399119
vt 0.900116 0.397817
vt 0.182347 0.695577
vt 0.144056 0.689105
vt 0.139695 0.678791
vt 0.185086 0.686363
vt 0.143033 0.668329
vt 0.183451 0.674614
vt 0.732530 0.389108
vt 0.698046 0.405035
vt 0.689571 0.396435
vt 0.730087 0.377752
vt 0.692957 0.384911
vt 0.729564 0.368369
vt 0.995821 0.011962
vt 0.954904 0.012094
vt 0.952108 0.000000
vt 1.000000 0.000000
vt 0.673658 0.412154
vt 0.622832 0.408176
vt 0.626119 0.396516
vt 0.671660 0.399963
vt 0.803872 0.679569
vt 0.803469 0.638157
vt 0.811304 0.633174
vt 0.811304 0.681731
vt 0.994595 0.654191
vt 0.957527 0.633208
vt 0.962987 0.622974
vt 0.996193 0.641703
vt 0.824836 0.584901
vt 0.821171 0.586829
vt 0.135032 0.926705
vt 0.130805 0.926098
vt 0.956836 0.252876
vt 0.952380 0.252734
vt 0.989000 0.855072
vt 0.985030 0.855036
vt 0.952980 0.655294
vt 0.989000 0.654191
vt 0.130805 0.586358
vt 0.165275 0.589290
vt 0.302291 0.082647
vt 0.289025 0.568117
vt 0.288987 0.590497
vt 0.288735 0.618875
vt 0.413279 0.166997
vt 0.068720 0.775044
vt 0.069142 0.764092
vt 0.130038 0.757892
vt 0.130805 0.770490
vt 0.022599 0.187643
vt 0.025107 0.175877
vt 0.093598 0.194680
vt 0.094823 0.206878
vt 0.271797 0.087225
vt 0.441987 0.167392
vt 0.446527 0.156435
vt 0.488717 0.164155
vt 0.734960 0.131100
vt 0.778284 0.142772
vt 0.688428 0.146156
vt 0.312189 0.709512
vt 0.328543 0.701914
vt 0.336371 0.706148
vt 0.286746 0.746089
vt 0.526538 0.172557
vt 0.569776 0.159146
vt 0.877938 -0.000000
vt 0.900116 0.006981
vt 0.897518 0.414397
vt 0.918500 0.399119
vt 0.609337 0.441928
vt 0.633925 0.430330
vt 0.609337 0.934691
vt 0.621476 0.843481
vt 0.647659 0.862168
vt 0.653070 0.934691
vt 0.879382 0.399119
vt 0.897518 0.410638
vt 0.000000 0.586358
vt 0.025889 0.593207
vt 0.899201 0.821389
vt 0.916010 0.820026
vt 0.010374 0.364799
vt -0.000000 0.360979
vt 0.074378 0.934414
vt 0.065033 0.935149
vt 0.386571 0.803510
vt 0.380920 0.803007
vt 0.380920 0.797562
vt 0.386539 0.797788
vt 0.373063 0.798026
vt 0.373063 0.807461
vt 0.364080 0.807349
vt 0.363812 0.797562
vt 0.387575 0.806344
vt 0.387575 0.802712
vt 0.391082 0.802902
vt 0.391097 0.806385
vt 0.219239 0.058301
vt 0.234047 0.010267
vt 0.467854 0.065960
vt 0.494033 0.075567
vt 0.226701 0.704187
s 0
usemtl Material
f 2043/1782/1861 1973/1783/1861 1970/1784/1861 2039/1785/1861
f 2039/1786/1862 1970/1787/1862 1967/1788/1862 2038/1789/1862
f 1907/1790/1863 1906/1791/1863 1905/1792/1863 1904/1793/1863
f 2023/1794/1864 1910/1795/1864 1911/1796/1864 2020/1797/1864
f 2022/1798/1865 1909/1799/1865 1910/1800/1865 2023/1801/1865
f 2021/1802/1866 1908/1803/1866 1909/1804/1866 2022/1805/1866
f 2042/1806/1867 1965/1807/1867 1973/1808/1867 2043/1809/1867
f 1915/1810/1868 1914/1811/1868 1913/1812/1868 1912/1813/1868
f 1991/1814/1869 1989/1815/1869 1990/1816/1869 1988/1817/1869
f 2024/1818/1870 1924/1819/1870 1925/1820/1870 2025/1821/1870
f 1923/1822/1871 1922/1823/1871 1921/1824/1871 1920/1825/1871
f 2027/1826/1872 1927/1827/1872 1924/1828/1872 2024/1829/1872
f 2026/1830/1873 1926/1831/1873 1927/1832/1873 2027/1833/1873
f 2025/1834/1874 1925/1835/1874 1926/1836/1874 2026/1837/1874
f 1931/1838/1875 1930/1839/1875 1929/1840/1875 1928/1841/1875
f 1932/1842/1876 1933/1843/1876 1934/1844/1876 1935/1845/1876
f 2051/1846/1877 2044/1847/1877 1904/1848/1877 1905/1849/1877
f 1915/1810/1878 1912/1813/1878 1905/1792/1878 1906/1791/1878
f 2053/1850/1879 2052/1851/1879 1906/1852/1879 1907/1853/1879
f 1921/1824/1880 1922/1823/1880 1907/1790/1880 1904/1793/1880
f 2019/1854/1881 1903/1855/1881 1900/1856/1881 2016/1857/1881
f 2018/1858/1882 1902/1859/1882 1903/1860/1882 2019/1861/1882
f 2017/1862/1883 1901/1863/1883 1902/1864/1883 2018/1865/1883
f 2016/1866/1884 1900/1867/1884 1901/1868/1884 2017/1869/1884
f 2040/1870/1885 1953/1871/1885 1961/1872/1885 2041/1873/1885
f 2041/1874/1886 1961/1875/1886 1958/1876/1886 2037/1877/1886
f 2037/1878/1887 1958/1879/1887 1955/1880/1887 2036/1881/1887
f 2054/1882/1888 2045/1883/1888 1912/1884/1888 1913/1885/1888
f 1931/1886/1889 1928/1887/1889 1913/1812/1889 1914/1811/1889
f 2056/1888/1890 2055/1889/1890 1914/1890/1890 1915/1891/1890
f 2056/1892/1891 1915/1893/1891 1906/1852/1891 2052/1851/1891
f 2057/1894/1892 2046/1895/1892 1920/1825/1892 1921/1824/1892
f 2057/1896/1893 1921/1897/1893 1904/1848/1893 2044/1847/1893
f 2059/1898/1894 2058/1899/1894 1922/1900/1894 1923/1901/1894
f 2046/1902/1895 2059/1903/1895 1923/1904/1895 1920/1905/1895
f 1992/1906/1896 1916/1907/1896 1917/1908/1896 1993/1909/1896
f 1995/1910/1897 1919/1911/1897 1916/1912/1897 1992/1913/1897
f 1994/1914/1898 1918/1915/1898 1919/1916/1898 1995/1917/1898
f 1993/1918/1899 1917/1919/1899 1918/1920/1899 1994/1921/1899
f 2032/1922/1900 1941/1923/1900 1949/1924/1900 2034/1925/1900
f 2034/1926/1901 1949/1927/1901 1946/1928/1901 2035/1929/1901
f 2035/1930/1902 1946/1931/1902 1943/1932/1902 2033/1933/1902
f 1933/1843/1903 1932/1842/1903 1929/1840/1903 1930/1839/1903
f 2010/1934/1904 2011/1935/1904 1927/1832/1904 1926/1831/1904
f 2062/1936/1905 1931/1937/1905 1914/1890/1905 2055/1889/1905
f 2008/1938/1906 2009/1939/1906 1925/1820/1906 1924/1819/1906
f 2048/1940/1907 1933/1941/1907 1930/1942/1907 2061/1943/1907
f 2049/1944/1908 1934/1945/1908 1933/1941/1908 2048/1940/1908
f 2050/1946/1909 1935/1947/1909 1934/1948/1909 2049/1949/1909
f 2063/1950/1910 1932/1842/1910 1935/1845/1910 2050/1951/1910
f 2031/1952/1911 2028/1953/1911 2029/1954/1911 2030/1955/1911
f 1936/1956/1912 1939/1957/1912 2028/1958/1912 2031/1959/1912
f 1937/1960/1913 1936/1961/1913 2031/1962/1913 2030/1963/1913
f 2006/1964/1914 1918/1915/1914 1903/1860/1914 1999/1965/1914
f 1918/1966/1915 1917/1967/1915 1900/1968/1915 1903/1969/1915
f 2000/1970/1916 1908/1971/1916 1901/1972/1916 1997/1973/1916
f 1908/1974/1917 1911/1975/1917 1902/1976/1917 1901/1977/1917
f 2008/1978/1918 1924/1979/1918 1909/1980/1918 2001/1981/1918
f 1924/1828/1919 1927/1827/1919 1910/1982/1919 1909/1983/1919
f 2012/1984/1920 1936/1956/1920 1925/1820/1920 2009/1939/1920
f 1936/1961/1921 1937/1960/1921 1926/1985/1921 1925/1986/1921
f 1941/1987/1922 1943/1988/1922 1945/1989/1922 1942/1990/1922
f 1942/1990/1923 1945/1989/1923 1944/1991/1923 1940/1992/1923
f 1943/1932/1924 1946/1931/1924 1948/1993/1924 1945/1994/1924
f 1945/1995/1925 1948/1996/1925 1947/1997/1925 1944/1998/1925
f 1946/1928/1926 1949/1927/1926 1951/1999/1926 1948/2000/1926
f 1948/2000/1927 1951/1999/1927 1950/2001/1927 1947/2002/1927
f 1949/1924/1928 1941/1923/1928 1942/2003/1928 1951/2004/1928
f 1951/2004/1929 1942/2003/1929 1940/2005/1929 1950/2006/1929
f 2033/2007/1930 1943/1988/1930 1941/1987/1930 2032/2008/1930
f 1953/2009/1931 1955/2010/1931 1957/2011/1931 1954/2012/1931
f 1954/2012/1932 1957/2011/1932 1956/2013/1932 1952/2014/1932
f 1955/1880/1933 1958/1879/1933 1960/2015/1933 1957/2016/1933
f 1957/2017/1934 1960/2018/1934 1959/2019/1934 1956/2020/1934
f 1958/1876/1935 1961/1875/1935 1963/2021/1935 1960/2022/1935
f 1960/2022/1936 1963/2021/1936 1962/2023/1936 1959/2024/1936
f 1961/1872/1937 1953/1871/1937 1954/2025/1937 1963/2026/1937
f 1963/2026/1938 1954/2025/1938 1952/2027/1938 1962/2028/1938
f 2036/2029/1939 1955/2010/1939 1953/2009/1939 2040/2030/1939
f 2020/2031/1940 1911/1975/1940 1908/1974/1940 2021/2032/1940
f 1965/2033/1941 1967/2034/1941 1969/2035/1941 1966/2036/1941
f 1966/2036/1942 1969/2035/1942 1968/2037/1942 1964/2038/1942
f 1967/1788/1943 1970/1787/1943 1972/2039/1943 1969/2040/1943
f 1969/2041/1944 1972/2042/1944 1971/2043/1944 1968/2044/1944
f 1970/1784/1945 1973/1783/1945 1975/2045/1945 1972/2046/1945
f 1972/2046/1946 1975/2045/1946 1974/2047/1946 1971/2048/1946
f 1973/1808/1947 1965/1807/1947 1966/2049/1947 1975/2050/1947
f 1975/2050/1948 1966/2049/1948 1964/2051/1948 1974/2052/1948
f 2038/2053/1949 1967/2034/1949 1965/2033/1949 2042/2054/1949
f 1977/2055/1950 1979/2056/1950 1981/2057/1950 1978/2058/1950
f 1978/2058/1951 1981/2057/1951 1980/2059/1951 1976/2060/1951
f 1979/2061/1952 1982/2062/1952 1984/2063/1952 1981/2064/1952
f 1981/2064/1953 1984/2063/1953 1983/2065/1953 1980/2066/1953
f 1982/2067/1954 1985/2068/1954 1987/2069/1954 1984/2070/1954
f 1984/2071/1955 1987/2072/1955 1986/2073/1955 1983/2074/1955
f 1985/2075/1956 1977/2076/1956 1978/2077/1956 1987/2078/1956
f 1987/2079/1957 1978/2080/1957 1976/2081/1957 1986/2082/1957
f 1991/2083/1958 1988/2084/1958 1982/2062/1958 1979/2061/1958
f 1989/2085/1959 1991/2086/1959 1979/2056/1959 1977/2055/1959
f 1988/2087/1960 1990/2088/1960 1985/2068/1960 1982/2067/1960
f 1990/2089/1961 1989/2090/1961 1977/2091/1961 1985/2092/1961
f 1976/2081/1962 1993/1918/1962 1994/1921/1962 1986/2082/1962
f 1986/2073/1963 1994/1914/1963 1995/1917/1963 1983/2074/1963
f 1983/2065/1964 1995/1910/1964 1992/1913/1964 1980/2066/1964
f 1980/2059/1965 1992/2093/1965 1993/2094/1965 1976/2060/1965
f 2063/1950/1966 2012/1984/1966 2009/1939/1966 2060/2095/1966
f 2047/2096/1967 2008/1978/1967 2001/1981/1967 2054/2097/1967
f 2045/2098/1968 2000/1970/1968 1997/1973/1968 2051/1846/1968
f 2058/1899/1969 2006/1964/1969 1999/1965/1969 2053/1850/1969
f 1936/1956/1970 2012/1984/1970 2015/2099/1970 1939/1957/1970
f 1939/2100/1971 2015/2101/1971 2014/2102/1971 1938/2103/1971
f 1938/2104/1972 2014/2105/1972 2013/2106/1972 1937/2107/1972
f 1937/2107/1973 2013/2106/1973 2010/1934/1973 1926/1831/1973
f 2047/2108/1974 2060/2095/1974 2009/1939/1974 2008/1938/1974
f 1927/2109/1975 2011/2110/1975 2002/2111/1975 1910/1795/1975
f 2061/1943/1976 2062/1936/1976 2011/1935/1976 2010/1934/1976
f 1916/1912/1977 1919/1911/1977 2007/2112/1977 2004/2113/1977
f 1919/1916/1978 1918/1915/1978 2006/1964/1978 2007/2114/1978
f 1917/1908/1979 2005/2115/1979 1996/2116/1979 1900/2117/1979
f 1917/1908/1980 1916/1907/1980 2004/2118/1980 2005/2115/1980
f 1911/1796/1981 2003/2119/1981 1998/2120/1981 1902/1859/1981
f 1911/1796/1982 1910/1795/1982 2002/2111/1982 2003/2119/1982
f 1909/1980/1983 1908/1971/1983 2000/1970/1983 2001/1981/1983
f 1903/1860/1984 1902/1859/1984 1998/2120/1984 1999/1965/1984
f 1901/1972/1985 1900/2117/1985 1996/2116/1985 1997/1973/1985
f 1968/2037/1986 2016/2121/1986 2017/2122/1986 1964/2038/1986
f 1964/2051/1987 2017/2123/1987 2018/2124/1987 1974/2052/1987
f 1974/2047/1988 2018/2125/1988 2019/2126/1988 1971/2048/1988
f 1971/2127/1989 2019/2128/1989 2016/2129/1989 1968/2130/1989
f 1956/2013/1990 2020/2131/1990 2021/2132/1990 1952/2014/1990
f 1952/2027/1991 2021/2133/1991 2022/2134/1991 1962/2028/1991
f 1962/2023/1992 2022/1798/1992 2023/1801/1992 1959/2024/1992
f 1959/2019/1993 2023/1794/1993 2020/1797/1993 1956/2020/1993
f 1940/2005/1994 2025/1834/1994 2026/1837/1994 1950/2006/1994
f 1950/2001/1995 2026/1830/1995 2027/1833/1995 1947/2002/1995
f 1947/1997/1996 2027/2135/1996 2024/2136/1996 1944/1998/1996
f 1944/1991/1997 2024/1818/1997 2025/1821/1997 1940/1992/1997
f 2030/2137/1998 2029/2138/1998 1938/2104/1998 1937/2107/1998
f 2029/2139/1999 2028/2140/1999 1939/2100/1999 1938/2103/1999
f 2043/2141/2000 2039/2142/2000 2038/2143/2000 2042/2144/2000
f 2037/2145/2001 2036/2146/2001 2040/2147/2001 2041/2148/2001
f 2032/2149/2002 2034/2150/2002 2035/2151/2002 2033/2152/2002
f 1930/1942/2003 1931/1937/2003 2062/1936/2003 2061/1943/2003
f 1928/1841/2004 1929/1840/2004 2060/2095/2004 2047/2108/2004
f 1922/1900/2005 2058/1899/2005 2053/1850/2005 1907/1853/2005
f 1912/1884/2006 2045/1883/2006 2051/2153/2006 1905/2154/2006
f 1928/1841/2007 2047/2108/2007 2054/1882/2007 1913/1885/2007
f 1932/1842/2008 2063/1950/2008 2060/2095/2008 1929/1840/2008
f 2012/1984/2009 2063/1950/2009 2050/1951/2009 2015/2099/2009
f 2015/2101/2010 2050/1946/2010 2049/1949/2010 2014/2102/2010
f 2014/2105/2011 2049/1944/2011 2048/1940/2011 2013/2106/2011
f 2013/2106/2012 2048/1940/2012 2061/1943/2012 2010/1934/2012
f 2011/2110/2013 2062/2155/2013 2055/2156/2013 2002/2111/2013
f 2004/2113/2014 2007/2112/2014 2059/1903/2014 2046/1902/2014
f 2007/2114/2015 2006/1964/2015 2058/1899/2015 2059/1898/2015
f 2005/2115/2016 2057/1896/2016 2044/1847/2016 1996/2116/2016
f 2005/2115/2017 2004/2118/2017 2046/2157/2017 2057/1896/2017
f 2003/2119/2018 2056/1892/2018 2052/1851/2018 1998/2120/2018
f 2003/2119/2019 2002/2111/2019 2055/2156/2019 2056/1892/2019
f 2001/1981/2020 2000/1970/2020 2045/2098/2020 2054/2097/2020
f 1999/1965/2021 1998/2120/2021 2052/1851/2021 2053/1850/2021
f 1997/1973/2022 1996/2116/2022 2044/1847/2022 2051/1846/2022
f 2207/1782/2023 2203/1785/2023 2134/1784/2023 2137/1783/2023
f 2203/1786/2024 2202/1789/2024 2131/1788/2024 2134/1787/2024
f 2071/1790/2025 2068/1793/2025 2069/1792/2025 2070/1791/2025
f 2187/1794/2026 2184/1797/2026 2075/1796/2026 2074/1795/2026
f 2186/1798/2027 2187/1801/2027 2074/1800/2027 2073/1799/2027
f 2185/1802/2028 2186/1805/2028 2073/1804/2028 2072/1803/2028
f 2206/1806/2029 2207/1809/2029 2137/1808/2029 2129/1807/2029
f 2079/1810/2030 2076/1813/2030 2077/1812/2030 2078/1811/2030
f 2155/1814/2031 2152/1817/2031 2154/1816/2031 2153/1815/2031
f 2188/1818/2032 2189/1821/2032 2089/1820/2032 2088/1819/2032
f 2087/1822/2033 2084/1825/2033 2085/1824/2033 2086/1823/2033
f 2191/1826/2034 2188/1829/2034 2088/1828/2034 2091/1827/2034
f 2190/1830/2035 2191/1833/2035 2091/1832/2035 2090/1831/2035
f 2189/1834/2036 2190/1837/2036 2090/1836/2036 2089/1835/2036
f 2095/1838/2037 2092/1841/2037 2093/1840/2037 2094/1839/2037
f 2096/1842/2038 2099/1845/2038 2098/1844/2038 2097/1843/2038
f 2215/1846/2039 2069/1849/2039 2068/1848/2039 2208/1847/2039
f 2079/1810/2040 2070/1791/2040 2069/1792/2040 2076/1813/2040
f 2217/1850/2041 2071/1853/2041 2070/1852/2041 2216/1851/2041
f 2085/1824/2042 2068/1793/2042 2071/1790/2042 2086/1823/2042
f 2183/1854/2043 2180/1857/2043 2064/1856/2043 2067/1855/2043
f 2182/1858/2044 2183/1861/2044 2067/1860/2044 2066/1859/2044
f 2181/1862/2045 2182/1865/2045 2066/1864/2045 2065/1863/2045
f 2180/1866/2046 2181/1869/2046 2065/1868/2046 2064/1867/2046
f 2204/1870/2047 2205/1873/2047 2125/1872/2047 2117/1871/2047
f 2205/1874/2048 2201/1877/2048 2122/1876/2048 2125/1875/2048
f 2201/1878/2049 2200/1881/2049 2119/1880/2049 2122/1879/2049
f 2218/1882/2050 2077/1885/2050 2076/1884/2050 2209/1883/2050
f 2095/1886/2051 2078/1811/2051 2077/1812/2051 2092/1887/2051
f 2220/1888/2052 2079/1891/2052 2078/1890/2052 2219/1889/2052
f 2220/1892/2053 2216/1851/2053 2070/1852/2053 2079/1893/2053
f 2221/1894/2054 2085/1824/2054 2084/1825/2054 2210/1895/2054
f 2221/1896/2055 2208/1847/2055 2068/1848/2055 2085/1897/2055
f 2223/1898/2056 2087/1901/2056 2086/1900/2056 2222/1899/2056
f 2210/1902/2057 2084/1905/2057 2087/1904/2057 2223/1903/2057
f 2156/1906/2058 2157/1909/2058 2081/1908/2058 2080/1907/2058
f 2159/1910/2059 2156/1913/2059 2080/1912/2059 2083/1911/2059
f 2158/1914/2060 2159/1917/2060 2083/1916/2060 2082/1915/2060
f 2157/1918/2061 2158/1921/2061 2082/1920/2061 2081/1919/2061
f 2196/1922/2062 2198/1925/2062 2113/1924/2062 2105/1923/2062
f 2198/1926/2063 2199/1929/2063 2110/1928/2063 2113/1927/2063
f 2199/1930/2064 2197/1933/2064 2107/1932/2064 2110/1931/2064
f 2097/1843/2065 2094/1839/2065 2093/1840/2065 2096/1842/2065
f 2174/1934/2066 2090/1831/2066 2091/1832/2066 2175/1935/2066
f 2226/1936/2067 2219/1889/2067 2078/1890/2067 2095/1937/2067
f 2172/1938/2068 2088/1819/2068 2089/1820/2068 2173/1939/2068
f 2212/1940/2069 2225/1943/2069 2094/1942/2069 2097/1941/2069
f 2213/1944/2070 2212/1940/2070 2097/1941/2070 2098/1945/2070
f 2214/1946/2071 2213/1949/2071 2098/1948/2071 2099/1947/2071
f 2227/1950/2072 2214/1951/2072 2099/1845/2072 2096/1842/2072
f 2195/1952/2073 2194/1955/2073 2193/1954/2073 2192/1953/2073
f 2100/1956/2074 2195/1959/2074 2192/1958/2074 2103/1957/2074
f 2101/1960/2075 2194/1963/2075 2195/1962/2075 2100/1961/2075
f 2170/1964/2076 2163/1965/2076 2067/1860/2076 2082/1915/2076
f 2082/1966/2077 2067/1969/2077 2064/1968/2077 2081/1967/2077
f 2164/1970/2078 2161/1973/2078 2065/1972/2078 2072/1971/2078
f 2072/1974/2079 2065/1977/2079 2066/1976/2079 2075/1975/2079
f 2172/1978/2080 2165/1981/2080 2073/1980/2080 2088/1979/2080
f 2088/1828/2081 2073/1983/2081 2074/1982/2081 2091/1827/2081
f 2176/1984/2082 2173/1939/2082 2089/1820/2082 2100/1956/2082
f 2100/1961/2083 2089/1986/2083 2090/1985/2083 2101/1960/2083
f 2105/1987/2084 2106/1990/2084 2109/1989/2084 2107/1988/2084
f 2106/1990/2085 2104/1992/2085 2108/1991/2085 2109/1989/2085
f 2107/1932/2086 2109/1994/2086 2112/1993/2086 2110/1931/2086
f 2109/1995/2087 2108/1998/2087 2111/1997/2087 2112/1996/2087
f 2110/1928/2088 2112/2000/2088 2115/1999/2088 2113/1927/2088
f 2112/2000/2089 2111/2002/2089 2114/2001/2089 2115/1999/2089
f 2113/1924/2090 2115/2004/2090 2106/2003/2090 2105/1923/2090
f 2115/2004/2091 2114/2006/2091 2104/2005/2091 2106/2003/2091
f 2197/2007/2092 2196/2008/2092 2105/1987/2092 2107/1988/2092
f 2117/2009/2093 2118/2012/2093 2121/2011/2093 2119/2010/2093
f 2118/2012/2094 2116/2014/2094 2120/2013/2094 2121/2011/2094
f 2119/1880/2095 2121/2016/2095 2124/2015/2095 2122/1879/2095
f 2121/2017/2096 2120/2020/2096 2123/2019/2096 2124/2018/2096
f 2122/1876/2097 2124/2022/2097 2127/2021/2097 2125/1875/2097
f 2124/2022/2098 2123/2024/2098 2126/2023/2098 2127/2021/2098
f 2125/1872/2099 2127/2026/2099 2118/2025/2099 2117/1871/2099
f 2127/2026/2100 2126/2028/2100 2116/2027/2100 2118/2025/2100
f 2200/2029/2101 2204/2030/2101 2117/2009/2101 2119/2010/2101
f 2184/2031/2102 2185/2032/2102 2072/1974/2102 2075/1975/2102
f 2129/2033/2103 2130/2036/2103 2133/2035/2103 2131/2034/2103
f 2130/2036/2104 2128/2038/2104 2132/2037/2104 2133/2035/2104
f 2131/1788/2105 2133/2040/2105 2136/2039/2105 2134/1787/2105
f 2133/2041/2106 2132/2044/2106 2135/2043/2106 2136/2042/2106
f 2134/1784/2107 2136/2046/2107 2139/2045/2107 2137/1783/2107
f 2136/2046/2108 2135/2048/2108 2138/2047/2108 2139/2045/2108
f 2137/1808/2109 2139/2050/2109 2130/2049/2109 2129/1807/2109
f 2139/2050/2110 2138/2052/2110 2128/2051/2110 2130/2049/2110
f 2202/2053/2111 2206/2054/2111 2129/2033/2111 2131/2034/2111
f 2141/2055/2112 2142/2058/2112 2145/2057/2112 2143/2056/2112
f 2142/2058/2113 2140/2060/2113 2144/2059/2113 2145/2057/2113
f 2143/2061/2114 2145/2064/2114 2148/2063/2114 2146/2062/2114
f 2145/2064/2115 2144/2066/2115 2147/2065/2115 2148/2063/2115
f 2146/2067/2116 2148/2070/2116 2151/2069/2116 2149/2068/2116
f 2148/2071/2117 2147/2074/2117 2150/2073/2117 2151/2072/2117
f 2149/2075/2118 2151/2078/2118 2142/2077/2118 2141/2076/2118
f 2151/2079/2119 2150/2082/2119 2140/2081/2119 2142/2080/2119
f 2155/2083/2120 2143/2061/2120 2146/2062/2120 2152/2084/2120
f 2153/2085/2121 2141/2055/2121 2143/2056/2121 2155/2086/2121
f 2152/2087/2122 2146/2067/2122 2149/2068/2122 2154/2088/2122
f 2154/2089/2123 2149/2092/2123 2141/2091/2123 2153/2090/2123
f 2140/2081/2124 2150/2082/2124 2158/1921/2124 2157/1918/2124
f 2150/2073/2125 2147/2074/2125 2159/1917/2125 2158/1914/2125
f 2147/2065/2126 2144/2066/2126 2156/1913/2126 2159/1910/2126
f 2144/2059/2127 2140/2060/2127 2157/2094/2127 2156/2093/2127
f 2227/1950/2128 2224/2095/2128 2173/1939/2128 2176/1984/2128
f 2211/2096/2129 2218/2097/2129 2165/1981/2129 2172/1978/2129
f 2209/2098/2130 2215/1846/2130 2161/1973/2130 2164/1970/2130
f 2222/1899/2131 2217/1850/2131 2163/1965/2131 2170/1964/2131
f 2100/1956/2132 2103/1957/2132 2179/2099/2132 2176/1984/2132
f 2103/2100/2133 2102/2103/2133 2178/2102/2133 2179/2101/2133
f 2102/2104/2134 2101/2107/2134 2177/2106/2134 2178/2105/2134
f 2101/2107/2135 2090/1831/2135 2174/1934/2135 2177/2106/2135
f 2211/2108/2136 2172/1938/2136 2173/1939/2136 2224/2095/2136
f 2091/2109/2137 2074/1795/2137 2166/2111/2137 2175/2110/2137
f 2225/1943/2138 2174/1934/2138 2175/1935/2138 2226/1936/2138
f 2080/1912/2139 2168/2113/2139 2171/2112/2139 2083/1911/2139
f 2083/1916/2140 2171/2114/2140 2170/1964/2140 2082/1915/2140
f 2081/1908/2141 2064/2117/2141 2160/2116/2141 2169/2115/2141
f 2081/1908/2142 2169/2115/2142 2168/2118/2142 2080/1907/2142
f 2075/1796/2143 2066/1859/2143 2162/2120/2143 2167/2119/2143
f 2075/1796/2144 2167/2119/2144 2166/2111/2144 2074/1795/2144
f 2073/1980/2145 2165/1981/2145 2164/1970/2145 2072/1971/2145
f 2067/1860/2146 2163/1965/2146 2162/2120/2146 2066/1859/2146
f 2065/1972/2147 2161/1973/2147 2160/2116/2147 2064/2117/2147
f 2132/2037/2148 2128/2038/2148 2181/2122/2148 2180/2121/2148
f 2128/2051/2149 2138/2052/2149 2182/2124/2149 2181/2123/2149
f 2138/2047/2150 2135/2048/2150 2183/2126/2150 2182/2125/2150
f 2135/2127/2151 2132/2130/2151 2180/2129/2151 2183/2128/2151
f 2120/2013/2152 2116/2014/2152 2185/2132/2152 2184/2131/2152
f 2116/2027/2153 2126/2028/2153 2186/2134/2153 2185/2133/2153
f 2126/2023/2154 2123/2024/2154 2187/1801/2154 2186/1798/2154
f 2123/2019/2155 2120/2020/2155 2184/1797/2155 2187/1794/2155
f 2104/2005/2156 2114/2006/2156 2190/1837/2156 2189/1834/2156
f 2114/2001/2157 2111/2002/2157 2191/1833/2157 2190/1830/2157
f 2111/1997/2158 2108/1998/2158 2188/2136/2158 2191/2135/2158
f 2108/1991/2159 2104/1992/2159 2189/1821/2159 2188/1818/2159
f 2194/2137/2160 2101/2107/2160 2102/2104/2160 2193/2138/2160
f 2193/2139/2161 2102/2103/2161 2103/2100/2161 2192/2140/2161
f 2207/2141/2162 2206/2144/2162 2202/2143/2162 2203/2142/2162
f 2201/2145/2163 2205/2148/2163 2204/2147/2163 2200/2146/2163
f 2196/2149/2164 2197/2152/2164 2199/2151/2164 2198/2150/2164
f 2094/1942/2165 2225/1943/2165 2226/1936/2165 2095/1937/2165
f 2092/1841/2166 2211/2108/2166 2224/2095/2166 2093/1840/2166
f 2086/1900/2167 2071/1853/2167 2217/1850/2167 2222/1899/2167
f 2076/1884/2168 2069/2154/2168 2215/2153/2168 2209/1883/2168
f 2092/1841/2169 2077/1885/2169 2218/1882/2169 2211/2108/2169
f 2096/1842/2170 2093/1840/2170 2224/2095/2170 2227/1950/2170
f 2176/1984/2171 2179/2099/2171 2214/1951/2171 2227/1950/2171
f 2179/2101/2172 2178/2102/2172 2213/1949/2172 2214/1946/2172
f 2178/2105/2173 2177/2106/2173 2212/1940/2173 2213/1944/2173
f 2177/2106/2174 2174/1934/2174 2225/1943/2174 2212/1940/2174
f 2175/2110/2175 2166/2111/2175 2219/2156/2175 2226/2155/2175
f 2168/2113/2176 2210/1902/2176 2223/1903/2176 2171/2112/2176
f 2171/2114/2177 2223/1898/2177 2222/1899/2177 2170/1964/2177
f 2169/2115/2178 2160/2116/2178 2208/1847/2178 2221/1896/2178
f 2169/2115/2179 2221/1896/2179 2210/2157/2179 2168/2118/2179
f 2167/2119/2180 2162/2120/2180 2216/1851/2180 2220/1892/2180
f 2167/2119/2181 2220/1892/2181 2219/2156/2181 2166/2111/2181
f 2165/1981/2182 2218/2097/2182 2209/2098/2182 2164/1970/2182
f 2163/1965/2183 2217/1850/2183 2216/1851/2183 2162/2120/2183
f 2161/1973/2184 2215/1846/2184 2208/1847/2184 2160/2116/2184
o Plane
v -0.168956 0.559339 0.242889
v -0.121622 0.558740 0.241516
v -0.204934 0.577110 0.243597
v -0.228282 0.607497 0.231774
v -0.082118 0.571626 0.247600
v -0.244653 0.640889 0.222232
v -0.230013 0.687556 0.228324
v -0.067799 0.626559 0.272747
v -0.206068 0.728991 0.239166
v -0.072939 0.692722 0.262583
v -0.182302 0.751811 0.238596
v -0.099727 0.737200 0.251059
v -0.134431 0.749666 0.245261
v 0.168956 0.559339 0.242889
v 0.121622 0.558740 0.241516
v 0.204934 0.577110 0.243597
v 0.228282 0.607497 0.231774
v 0.082118 0.571626 0.247600
v 0.244653 0.640889 0.222232
v 0.230013 0.687556 0.228324
v 0.067799 0.626559 0.272747
v 0.206068 0.728991 0.239166
v 0.072939 0.692722 0.262583
v 0.182302 0.751811 0.238596
v 0.099727 0.737200 0.251059
v 0.134431 0.749666 0.245261
vn 0.0976 0.3364 0.9367
vn -0.0793 0.1137 0.9903
vn -0.2842 -0.2069 0.9362
vn -0.2140 0.0312 0.9763
vn -0.1225 0.1702 0.9778
vn -0.1335 0.0874 0.9872
vn -0.0976 0.3364 0.9367
vn 0.0793 0.1137 0.9903
vn 0.2842 -0.2069 0.9362
vn 0.2140 0.0312 0.9763
vn 0.1225 0.1702 0.9778
vn 0.1335 0.0874 0.9872
vt 0.000000 0.000000
vt 1.000000 0.000000
vt 1.000000 1.000000
vt 0.000000 1.000000
s 0
usemtl Material.012
f 2228/2158/2185 2229/2159/2185 2231/2160/2185 2230/2161/2185
f 2231/2160/2186 2229/2159/2186 2232/2158/2186 2233/2158/2186
f 2235/2158/2187 2234/2158/2187 2233/2158/2187 2232/2158/2187
f 2235/2158/2188 2237/2158/2188 2236/2158/2188 2234/2158/2188
f 2237/2158/2189 2239/2158/2189 2238/2158/2189 2236/2158/2189
f 2239/2158/2190 2240/2158/2190 2238/2158/2190
f 2241/2158/2191 2243/2161/2191 2244/2160/2191 2242/2159/2191
f 2244/2160/2192 2246/2158/2192 2245/2158/2192 2242/2159/2192
f 2248/2158/2193 2245/2158/2193 2246/2158/2193 2247/2158/2193
f 2248/2158/2194 2247/2158/2194 2249/2158/2194 2250/2158/2194
f 2250/2158/2195 2249/2158/2195 2251/2158/2195 2252/2158/2195
f 2252/2158/2196 2251/2158/2196 2253/2158/2196
